track,frame_idx,instance.score,head.x,head.y,head.score,torso.x,torso.y,torso.score,tail_base.x,tail_base.y,tail_base.score
track_0,0,0.5620858669281006,375.66259765625,400.0530090332031,0.3776528835296631,472.3306579589844,408.44049072265625,0.9284442067146301,496.27655029296875,332.9327087402344,0.6730844378471375
track_0,1,0.5604361295700073,,,0.0,472.3021240234375,408.41717529296875,0.9337252378463745,496.2729187011719,332.88189697265625,0.6717014312744141
track_0,2,0.5590134859085083,,,0.0,472.29522705078125,408.39056396484375,0.9345064759254456,496.28961181640625,332.81024169921875,0.6661965847015381
track_0,3,0.5592373609542847,,,0.0,472.2447204589844,408.40765380859375,0.9300537705421448,364.7452392578125,420.2571105957031,0.6617943644523621
track_0,4,0.5579848885536194,,,0.0,472.2144470214844,408.4002380371094,0.9235572814941406,496.30206298828125,332.7061767578125,0.6494626402854919
track_0,5,0.5587455630302429,,,0.0,472.19317626953125,408.45037841796875,0.9141688942909241,496.3959045410156,332.76593017578125,0.6485376954078674
track_0,6,0.5587412118911743,,,0.0,472.17803955078125,408.48321533203125,0.9057690501213074,496.47625732421875,332.79571533203125,0.6422545313835144
track_0,7,0.5594067573547363,,,0.0,472.15167236328125,408.50152587890625,0.9044329524040222,364.6777038574219,424.7904052734375,0.6774686574935913
track_0,8,0.5594204068183899,,,0.0,472.1336364746094,408.525390625,0.9031347632408142,364.4209899902344,428.1932373046875,0.6908408999443054
track_0,9,0.5576174259185791,,,0.0,472.12713623046875,408.540771484375,0.9016755819320679,364.3976135253906,428.605712890625,0.6717577576637268
track_0,10,0.5553891062736511,,,0.0,472.1511535644531,408.54425048828125,0.8995953798294067,364.42462158203125,428.85101318359375,0.6519195437431335
track_0,11,0.5542271733283997,,,0.0,472.10986328125,408.5549011230469,0.8940469026565552,364.29693603515625,428.973876953125,0.6066811084747314
track_0,12,0.5522564053535461,,,0.0,472.0884704589844,408.53948974609375,0.8920308351516724,496.8673400878906,332.81201171875,0.5895320177078247
track_0,13,0.5517668724060059,,,0.0,472.06591796875,408.560791015625,0.8883636593818665,496.9718017578125,332.8904724121094,0.5844303369522095
track_0,14,0.5522186160087585,,,0.0,472.0621337890625,408.5445861816406,0.8927406668663025,364.5182800292969,436.6449890136719,0.5909738540649414
track_0,15,0.5542476177215576,,,0.0,461.14825439453125,408.9753112792969,0.8652517199516296,360.60345458984375,433.2545166015625,0.501549482345581
track_0,16,0.5549681782722473,,,0.0,461.1556091308594,408.98114013671875,0.8679224252700806,360.52935791015625,433.14215087890625,0.5188116431236267
track_0,17,0.5562702417373657,,,0.0,461.1486511230469,408.98834228515625,0.870078444480896,360.56451416015625,433.2519226074219,0.5077243447303772
track_0,18,0.5564056634902954,,,0.0,461.1360168457031,408.98370361328125,0.8696960210800171,360.54925537109375,433.1376953125,0.49747616052627563
track_0,19,0.5564806461334229,,,0.0,461.14794921875,408.97210693359375,0.8693493008613586,501.0291748046875,336.1352233886719,0.46708935499191284
track_0,20,0.5562350749969482,,,0.0,461.1482238769531,408.95098876953125,0.8693462610244751,501.09619140625,336.11663818359375,0.460970938205719
track_0,21,0.5558652877807617,,,0.0,461.12200927734375,408.928466796875,0.8693280220031738,500.91705322265625,333.5017395019531,0.4577409327030182
track_0,22,0.5551432967185974,,,0.0,461.0975341796875,408.867431640625,0.8696829676628113,501.01519775390625,333.4615783691406,0.45126041769981384
track_0,23,0.5547613501548767,,,0.0,461.121826171875,408.86993408203125,0.8705458045005798,501.0948791503906,333.44488525390625,0.45344284176826477
track_0,24,0.5559454560279846,,,0.0,461.099853515625,408.88671875,0.8709270358085632,501.1839294433594,333.3827209472656,0.450158953666687
track_0,25,0.5557600259780884,,,0.0,461.0888671875,408.875732421875,0.8757998943328857,501.2425537109375,333.3294677734375,0.4484398365020752
track_0,26,0.5567898750305176,,,0.0,461.0693664550781,408.8592224121094,0.8796129822731018,501.3130798339844,333.2727355957031,0.44595545530319214
track_0,27,0.5562251806259155,383.7768249511719,452.18829345703125,0.2328084409236908,461.0550537109375,408.81256103515625,0.8791800737380981,501.38018798828125,333.09613037109375,0.43051958084106445
track_0,28,0.5579515695571899,383.5433349609375,451.79034423828125,0.2540673017501831,461.0133056640625,408.77850341796875,0.8901066780090332,501.39678955078125,333.056884765625,0.4304834008216858
track_0,29,0.554527997970581,383.5629577636719,451.5372314453125,0.2826254367828369,461.01593017578125,408.8117980957031,0.8768356442451477,501.49658203125,332.9571533203125,0.41824761033058167
track_0,30,0.5539249181747437,380.8410949707031,449.02154541015625,0.3158847987651825,461.0182800292969,408.7891845703125,0.8752317428588867,504.2584228515625,333.0176086425781,0.40880170464515686
track_0,31,0.5534932613372803,383.5587158203125,449.1502685546875,0.3232920467853546,461.014892578125,408.783935546875,0.8781120777130127,504.24853515625,332.9720153808594,0.41375428438186646
track_0,32,0.5545420050621033,380.8484802246094,448.9705810546875,0.31193044781684875,461.00189208984375,408.78955078125,0.8783707022666931,504.28924560546875,333.0145263671875,0.4086763858795166
track_0,33,0.5552936792373657,380.7774353027344,449.0423583984375,0.3025747835636139,461.00946044921875,408.81854248046875,0.8781628608703613,504.31549072265625,333.02789306640625,0.40252235531806946
track_0,34,0.5560938119888306,380.87860107421875,449.0195617675781,0.29041770100593567,461.0134582519531,408.8117370605469,0.8825886845588684,373.2564392089844,412.3689880371094,0.4055979251861572
track_0,35,0.5555296540260315,383.8737487792969,449.5615234375,0.28591758012771606,461.008544921875,408.81353759765625,0.881625771522522,504.3125305175781,333.0533447265625,0.3964826762676239
track_0,36,0.5554586052894592,384.6302795410156,451.4774169921875,0.22209036350250244,460.98602294921875,408.8085632324219,0.8817816376686096,372.1931457519531,408.57037353515625,0.43397217988967896
track_0,37,0.5546563863754272,368.7986145019531,400.7891845703125,0.267515629529953,460.9893798828125,408.7813720703125,0.8839163780212402,504.2007141113281,333.13067626953125,0.40123096108436584
track_0,38,0.5517202615737915,364.7854919433594,391.9522705078125,0.6602966785430908,460.9990539550781,408.76934814453125,0.8756642937660217,504.39520263671875,335.6820373535156,0.4153108596801758
track_0,39,0.5404016971588135,367.73968505859375,384.04888916015625,0.8978797197341919,460.9662170410156,408.579833984375,0.8683258891105652,504.27215576171875,335.61627197265625,0.41898268461227417
track_0,40,0.5338306427001953,368.3604736328125,372.6712341308594,0.7883400917053223,460.9461364746094,408.54119873046875,0.837244987487793,504.0772399902344,335.7335205078125,0.4246279001235962
track_0,41,0.5226995348930359,369.0443420410156,367.1313171386719,0.42925143241882324,452.67010498046875,408.4852294921875,0.8318900465965271,508.56768798828125,468.17974853515625,0.24865186214447021
track_0,42,0.5249897241592407,388.81744384765625,333.48431396484375,0.6996898055076599,445.0619812011719,404.57647705078125,0.8247388601303101,536.85546875,380.74755859375,0.36300867795944214
track_0,43,0.528060257434845,393.1341552734375,328.499755859375,0.787184476852417,445.0310974121094,404.1729736328125,0.8152363896369934,536.7833251953125,377.2864990234375,0.3639272451400757
track_0,44,0.5288585424423218,400.36090087890625,320.1539001464844,0.8611491322517395,447.96484375,400.5683898925781,0.8246184587478638,536.22216796875,376.48779296875,0.3303040564060211
track_0,45,0.5374544262886047,408.30279541015625,312.2294006347656,0.8008648753166199,440.185302734375,393.0361328125,0.8973951935768127,533.865966796875,376.77557373046875,0.3517955541610718
track_0,46,0.5437387228012085,416.639892578125,304.31591796875,0.6714903712272644,437.12628173828125,392.4596252441406,0.8811714053153992,536.2540283203125,376.31170654296875,0.3155827820301056
track_0,47,0.5514359474182129,416.2218933105469,300.7565612792969,0.6965566873550415,444.713623046875,384.9138488769531,0.8299926519393921,503.9735107421875,473.1756591796875,0.4398796260356903
track_0,48,0.5628482103347778,424.6136169433594,292.77313232421875,0.61588454246521,444.6982116699219,384.49481201171875,0.8502123951911926,536.66796875,377.0339050292969,0.41492149233818054
track_0,49,0.5672247409820557,436.04913330078125,285.51947021484375,0.6128718852996826,444.6265563964844,377.0155029296875,0.8130139708518982,537.4199829101562,381.1435546875,0.3858412504196167
track_0,50,0.577212393283844,444.4424133300781,284.4433288574219,0.6386884450912476,444.947998046875,376.68182373046875,0.8200533986091614,537.8073120117188,380.8453369140625,0.3490566909313202
track_0,51,0.5839471220970154,452.41595458984375,277.5743408203125,0.5278043746948242,452.7914733886719,368.71795654296875,0.8671404123306274,536.760498046875,376.708984375,0.46537360548973083
track_0,52,0.5951513648033142,456.5071716308594,279.7540283203125,0.5810654163360596,452.8686218261719,368.246826171875,0.8694788813591003,536.8644409179688,376.41876220703125,0.48446160554885864
track_0,53,0.5982277393341064,457.1588134765625,279.57305908203125,0.5231728553771973,452.9801330566406,368.0663146972656,0.865498960018158,537.0855712890625,376.09552001953125,0.486899197101593
track_0,54,0.597240686416626,456.95465087890625,276.5341796875,0.5946440100669861,453.0712890625,360.628173828125,0.8999162316322327,537.556884765625,376.41717529296875,0.4685211181640625
track_0,55,0.5962894558906555,464.6034851074219,272.7886657714844,0.5329236388206482,453.03424072265625,360.43414306640625,0.900022029876709,540.3731689453125,373.0639343261719,0.4464675188064575
track_0,56,0.5971766710281372,472.57574462890625,271.8843994140625,0.4608691334724426,453.0151062011719,360.21527099609375,0.8798958659172058,540.3601684570312,372.8444519042969,0.4271450638771057
track_0,57,0.5993412137031555,508.12213134765625,404.63494873046875,0.2586219310760498,453.13885498046875,352.5205078125,0.8953732252120972,396.8480224609375,400.874755859375,0.4727337658405304
track_0,58,0.594607412815094,508.171875,403.9721984863281,0.3037555515766144,453.0904541015625,352.0924987792969,0.90142422914505,396.20703125,396.05975341796875,0.5103845000267029
track_0,59,0.5867334008216858,489.4140625,437.13702392578125,0.212025985121727,464.1391906738281,344.2269287109375,0.8751570582389832,508.11114501953125,272.77069091796875,0.3378453552722931
track_0,60,0.5722387433052063,,,0.0,472.0233154296875,336.4657287597656,0.8711119890213013,512.5922241210938,276.2353210449219,0.356524795293808
track_0,61,0.5550760626792908,,,0.0,472.2048034667969,336.0082092285156,0.9004538059234619,392.426513671875,344.8236389160156,0.46930399537086487
track_0,62,0.5352191925048828,392.0340270996094,332.84759521484375,0.2546219825744629,480.4574890136719,328.2485656738281,0.9129857420921326,400.781982421875,333.0780944824219,0.48245441913604736
track_0,63,0.5225415229797363,576.9869384765625,336.8592529296875,0.34202131628990173,488.5594482421875,320.4782409667969,0.9053702354431152,408.6589660644531,316.7772216796875,0.5489042401313782
track_0,64,0.522393524646759,,,0.0,496.4015808105469,320.2232971191406,0.9171478748321533,419.9764099121094,336.1251220703125,0.28504621982574463
track_0,65,0.5200695395469666,589.518310546875,361.04180908203125,0.3315494656562805,504.217529296875,320.00750732421875,0.8921111822128296,424.46966552734375,324.7642822265625,0.3262957036495209
track_0,66,0.5225234031677246,593.4447631835938,373.6475524902344,0.31942078471183777,516.666259765625,313.05584716796875,0.8621984720230103,585.5806884765625,369.4453125,0.3974515199661255
track_0,67,0.5385333299636841,592.547119140625,384.73883056640625,0.5248754024505615,528.0198974609375,319.85491943359375,0.8761364221572876,582.3046875,384.3868408203125,0.24386714398860931
track_0,68,0.5619480013847351,580.3696899414062,397.569580078125,0.7592211961746216,536.3082885742188,320.45745849609375,0.9352986216545105,,,0.0
track_0,69,0.5714261531829834,572.1078491210938,408.75164794921875,0.8876410722732544,536.68310546875,328.00750732421875,0.915890097618103,504.6304931640625,264.225341796875,0.2742238938808441
track_0,70,0.5676430463790894,563.8074951171875,413.25177001953125,0.9844962358474731,544.3193969726562,328.4253845214844,0.9246832728385925,516.0970458984375,264.5673522949219,0.3408210277557373
track_0,71,0.5616738796234131,560.7263793945312,413.1766052246094,0.4937268793582916,544.3665771484375,336.36627197265625,0.924062192440033,553.3518676757812,425.38323974609375,0.6399046182632446
track_0,72,0.5548328161239624,496.29095458984375,433.09002685546875,0.3776286244392395,544.68603515625,336.87255859375,0.9644732475280762,552.68994140625,421.6966552734375,0.7273222804069519
track_0,73,0.5471065640449524,,,0.0,544.646484375,344.6847229003906,0.9744082689285278,544.87939453125,268.5797119140625,0.6578924655914307
track_0,74,0.5380092859268188,,,0.0,552.09130859375,344.6792297363281,0.9674276113510132,552.1311645507812,272.5553894042969,0.4338931143283844
track_0,75,0.5326030254364014,456.54815673828125,336.8465576171875,0.5559343695640564,544.634521484375,352.660400390625,0.9801406264305115,568.8551025390625,277.17144775390625,0.4715191125869751
track_0,76,0.5289856791496277,456.5023193359375,337.1214294433594,0.6348304748535156,544.725830078125,352.9962463378906,0.9671806693077087,588.7166748046875,292.7972412109375,0.46242451667785645
track_0,77,0.5305652618408203,464.151123046875,404.5205078125,0.2412169873714447,552.1724853515625,352.732177734375,0.9960688948631287,564.055908203125,280.8795166015625,0.6749708652496338
track_0,78,0.5307698249816895,452.6819763183594,329.2557373046875,0.22138650715351105,552.3993530273438,353.0182800292969,0.9965767860412598,572.5982055664062,288.4942626953125,0.735654354095459
track_0,79,0.5286458730697632,448.8201599121094,332.848388671875,0.4520527124404907,552.2314453125,360.2452087402344,0.9917639493942261,576.8182373046875,291.7438049316406,0.7863417267799377
track_0,80,0.5307928323745728,449.0850830078125,333.1745910644531,0.48649463057518005,552.572265625,360.7317199707031,0.9796432852745056,581.0057983398438,293.2473449707031,0.7810198068618774
track_0,81,0.5306187272071838,456.0489196777344,340.29827880859375,0.5865079760551453,560.13720703125,360.65411376953125,0.9467834830284119,584.8408813476562,297.1456298828125,0.8623397350311279
track_0,82,0.5286803245544434,456.25543212890625,340.5628967285156,0.5625625848770142,560.2783203125,360.94427490234375,0.9618324637413025,592.5966186523438,304.491943359375,0.8804230093955994
track_0,83,0.52759850025177,460.62725830078125,341.2051086425781,0.5013185143470764,564.9911499023438,360.7386474609375,0.9349563717842102,592.9288940429688,304.63592529296875,0.8860554099082947
track_0,84,0.5274960398674011,460.84722900390625,341.4376525878906,0.4539200961589813,565.4041748046875,360.9310607910156,0.9305957555770874,593.3472290039062,304.80316162109375,0.848800003528595
track_0,85,0.5291063189506531,465.0685119628906,340.6812744140625,0.37013503909111023,572.7959594726562,360.5615539550781,0.896295964717865,596.0651245117188,304.8372802734375,0.8323130011558533
track_0,86,0.5293200016021729,465.428955078125,340.67742919921875,0.35576263070106506,573.0111694335938,360.6207580566406,0.8997685313224792,596.5888671875,304.8589782714844,0.8330999612808228
track_1,86,0.34544864296913147,460.89581298828125,316.5702209472656,0.6644089221954346,504.88848876953125,383.8769836425781,0.8519275784492493,,,0.0
track_0,87,0.5254443287849426,465.64019775390625,340.6572265625,0.3192884027957916,573.1951904296875,360.8270568847656,0.9004930257797241,597.3217163085938,305.0628356933594,0.8558721542358398
track_1,87,0.3452046811580658,472.3973083496094,312.1737060546875,0.5681477189064026,497.0740051269531,383.78216552734375,0.8413717150688171,,,0.0
track_0,88,0.5230779051780701,465.7925720214844,340.58624267578125,0.3317984342575073,573.220703125,360.9326171875,0.9030901193618774,600.8017578125,305.4031982421875,0.8664810061454773
track_1,88,0.34863510727882385,469.1314392089844,312.2875061035156,0.5557478070259094,497.04913330078125,383.87701416015625,0.8129996657371521,,,0.0
track_0,89,0.5181697607040405,468.22845458984375,337.78631591796875,0.31324076652526855,573.2854614257812,361.15008544921875,0.9027920365333557,601.2821655273438,309.19110107421875,0.8472869992256165
track_1,89,0.3549249768257141,553.5255126953125,428.24652099609375,0.6205303072929382,497.0601806640625,384.13836669921875,0.7980924844741821,,,0.0
track_0,90,0.5174890160560608,,,0.0,572.7355346679688,368.0810546875,0.8832266330718994,600.950927734375,312.4315185546875,0.8819334506988525
track_0,91,0.5160040259361267,,,0.0,572.7431030273438,368.36383056640625,0.8942681550979614,600.9473266601562,316.74871826171875,0.8746230602264404
track_0,92,0.5146021246910095,,,0.0,572.7496948242188,368.61541748046875,0.910941481590271,600.72314453125,320.6074523925781,0.8240272402763367
track_0,93,0.5106063485145569,,,0.0,572.752685546875,368.8031311035156,0.9124419689178467,600.4611206054688,321.1231689453125,0.8048070669174194
track_0,94,0.5014496445655823,457.2685546875,344.22735595703125,0.3933100700378418,568.2040405273438,376.494384765625,0.9171068668365479,600.568359375,324.3792419433594,0.8537408113479614
track_0,95,0.4923001527786255,457.2923889160156,344.84912109375,0.32055509090423584,568.235595703125,376.8659362792969,0.9194648265838623,597.1275634765625,324.9344177246094,0.8620397448539734
track_0,96,0.48167848587036133,472.7366027832031,443.9631042480469,0.4538952708244324,560.2945556640625,384.41107177734375,0.9196289777755737,593.30859375,328.20794677734375,0.7193033695220947
track_0,97,0.4806056618690491,449.10198974609375,345.168701171875,0.3104981482028961,560.1591796875,384.6967468261719,0.9018743634223938,592.7017822265625,332.7101745605469,0.7580300569534302
track_0,98,0.4784296751022339,448.7265319824219,345.2683410644531,0.2662547528743744,559.9781494140625,385.10662841796875,0.8966847658157349,592.4468383789062,341.10467529296875,0.7383353114128113
track_0,99,0.4806036353111267,,,0.0,544.104736328125,392.6830139160156,0.9284088611602783,588.8610229492188,348.85943603515625,0.6745086908340454
track_1,99,0.4686446487903595,464.2630615234375,320.08135986328125,0.7862148880958557,512.4434204101562,400.09185791015625,0.9267494082450867,443.866455078125,431.98443603515625,0.5024089217185974
track_0,100,0.4850228428840637,,,0.0,543.9971313476562,392.9012451171875,0.922006368637085,588.1346435546875,356.5661926269531,0.831709623336792
track_1,100,0.4806368052959442,464.4663391113281,316.8019104003906,0.8062617182731628,504.40069580078125,400.08544921875,0.9396719336509705,432.4090270996094,425.0047302246094,0.4458760619163513
track_0,101,0.49516475200653076,,,0.0,536.1151123046875,393.1938171386719,0.9040119051933289,584.2907104492188,360.9189453125,0.7993799448013306
track_1,101,0.49309083819389343,464.6388854980469,316.8407897949219,0.7999873161315918,504.282958984375,400.0738830566406,0.9184103012084961,428.2374267578125,424.00927734375,0.41106322407722473
track_1,102,0.5100558400154114,465.272216796875,321.189208984375,0.46723002195358276,528.1348266601562,393.2159423828125,0.908003032207489,584.2894287109375,368.92718505859375,0.8488335013389587
track_1,103,0.5259998440742493,464.2831115722656,320.1480712890625,0.7881336808204651,512.2672119140625,399.92254638671875,0.9169476628303528,408.6502990722656,428.48004150390625,0.7719361186027527
track_1,104,0.5399632453918457,460.7937316894531,320.3230895996094,0.7568266987800598,504.23284912109375,399.93585205078125,0.8996727466583252,588.3304443359375,388.13970947265625,0.619466245174408
track_1,105,0.5490174293518066,460.5582580566406,320.48590087890625,0.6665254831314087,504.18170166015625,399.93695068359375,0.9233333468437195,580.55712890625,392.1413879394531,0.7028691172599792
track_1,106,0.554417610168457,381.1259460449219,381.14764404296875,0.3347613513469696,488.37359619140625,399.93701171875,0.9176149964332581,476.1940612792969,312.1781005859375,0.6101710200309753
track_1,107,0.5564832091331482,379.8626403808594,376.685302734375,0.727641761302948,488.00146484375,393.14678955078125,0.8972322940826416,396.0596923828125,436.79229736328125,0.5426270365715027
track_1,108,0.564094603061676,372.9450988769531,369.449462890625,0.886638879776001,472.2594909667969,393.22918701171875,0.8593749403953552,476.0926513671875,312.86663818359375,0.7528387904167175
track_1,109,0.5682594776153564,368.59783935546875,365.21099853515625,0.9359262585639954,461.1927490234375,393.239990234375,0.8330655097961426,476.8512878417969,312.52178955078125,0.6892554759979248
track_1,110,0.5619828104972839,360.7157897949219,356.52777099609375,0.8046395778656006,463.99462890625,392.8524475097656,0.8693680167198181,480.04644775390625,312.19439697265625,0.6635277271270752
track_1,111,0.5509535074234009,357.1510009765625,352.6944885253906,0.5890474319458008,456.20062255859375,392.6607666015625,0.8987696766853333,484.8810729980469,312.7554016113281,0.6413105130195618
track_1,112,0.5436275005340576,357.060302734375,356.58489990234375,0.6208890080451965,448.23004150390625,392.72467041015625,0.8895350694656372,488.8040771484375,316.2106018066406,0.614966869354248
track_1,113,0.5417853593826294,360.8205261230469,356.1852111816406,0.4742734134197235,456.3505554199219,385.4060363769531,0.8452622294425964,485.0967102050781,313.5364685058594,0.576776385307312
track_1,114,0.5449859499931335,360.725341796875,348.894775390625,0.37277093529701233,444.8885803222656,388.4091796875,0.8373737335205078,488.5504150390625,316.6948547363281,0.45037198066711426
track_1,115,0.5551568269729614,384.41497802734375,313.0963134765625,0.7368400692939758,432.1257019042969,384.8106689453125,0.9383453130722046,529.0552368164062,384.07867431640625,0.3299185335636139
track_1,116,0.5667179822921753,404.3620910644531,304.4463195800781,0.8184219002723694,432.18145751953125,377.16693115234375,0.9047450423240662,395.78729248046875,432.70306396484375,0.2306077927350998
track_1,117,0.5614576935768127,427.8887023925781,293.4282531738281,0.5924287438392639,440.2745361328125,369.3671875,0.8473443388938904,476.29241943359375,457.87713623046875,0.33161333203315735
track_1,118,0.5604621171951294,516.2655029296875,424.84259033203125,0.5119845271110535,448.18414306640625,360.8134765625,0.7959849238395691,452.86639404296875,280.9494934082031,0.5272583365440369
track_1,119,0.575707197189331,512.9190063476562,423.9788513183594,0.5278052091598511,445.0013732910156,352.5067443847656,0.8145900368690491,456.4427490234375,272.8902587890625,0.5667088627815247
track_1,120,0.5924966335296631,505.11114501953125,380.8092041015625,0.42261451482772827,448.127197265625,344.31884765625,0.8732209801673889,384.22613525390625,404.63861083984375,0.5568758249282837
track_1,121,0.6113173365592957,375.9154052734375,380.693603515625,0.40797141194343567,455.97271728515625,328.3693542480469,0.8686895966529846,504.9925842285156,432.23065185546875,0.5806236267089844
track_1,122,0.6212387681007385,504.87030029296875,376.74322509765625,0.22726121544837952,452.75701904296875,320.17791748046875,0.8261630535125732,505.022705078125,428.9200744628906,0.5559023022651672
track_1,123,0.6563038229942322,,,0.0,453.16741943359375,304.63482666015625,0.876068651676178,392.3457946777344,337.4635314941406,0.43116316199302673
track_1,124,0.648775041103363,388.169677734375,317.00335693359375,0.3980669677257538,464.2752685546875,296.5365905761719,0.9317492246627808,,,0.0
track_1,125,0.6297204494476318,388.7117004394531,300.50592041015625,0.2325422763824463,472.26373291015625,296.09149169921875,0.9522912502288818,396.47601318359375,303.97833251953125,0.2968815565109253
track_1,126,0.5712928175926208,,,0.0,480.32733154296875,295.6953430175781,0.8763387203216553,412.61895751953125,256.5216064453125,0.4694843888282776
track_1,127,0.5107060670852661,589.0791015625,337.5780029296875,0.3621697425842285,511.95806884765625,280.9649353027344,0.8322259783744812,427.8380126953125,253.86940002441406,0.43143221735954285
track_1,128,0.5351771116256714,592.7724609375,352.521240234375,0.5945949554443359,528.9276123046875,283.85711669921875,0.6261661052703857,445.1115417480469,251.36302185058594,0.4313763380050659
track_1,129,0.5750094652175903,588.4864501953125,368.5140380859375,0.8210126757621765,536.571533203125,284.9678649902344,0.7404335737228394,,,0.0
track_0,130,0.30077555775642395,492.662841796875,436.44110107421875,0.9461266398429871,488.70928955078125,344.29486083984375,0.8543466925621033,532.68994140625,244.5727081298828,0.38116925954818726
track_1,130,0.6152894496917725,583.9015502929688,383.8869323730469,0.9340132474899292,544.3590698242188,295.98431396484375,0.8807119131088257,487.96075439453125,256.3922119140625,0.4825105667114258
track_0,131,0.3092500567436218,488.53387451171875,444.7821044921875,0.7049360275268555,480.2278137207031,368.65948486328125,0.8117770552635193,479.873779296875,320.7332763671875,0.27459466457366943
track_1,131,0.601057767868042,576.0516357421875,400.0557861328125,0.8760230541229248,552.5022583007812,304.14306640625,0.919089138507843,508.35601806640625,256.3236389160156,0.5088943839073181
track_0,132,0.3130238354206085,479.20013427734375,451.3609619140625,0.2872275114059448,479.6742248535156,376.4884948730469,0.7808652520179749,475.1211853027344,441.5190124511719,0.23804719746112823
track_1,132,0.5719794034957886,572.2318725585938,408.65570068359375,1.002444863319397,560.2164916992188,312.21270751953125,0.9111566543579102,524.6636352539062,251.57969665527344,0.5123108625411987
track_0,133,0.3350164294242859,485.772705078125,316.695556640625,0.25099971890449524,472.5192565917969,384.1346435546875,0.8100582361221313,,,0.0
track_1,133,0.5507102608680725,568.8978881835938,416.79754638671875,0.8886738419532776,560.8009033203125,320.3705139160156,0.8786947131156921,541.222900390625,248.6641387939453,0.6787537932395935
track_0,134,0.3378587067127228,484.97967529296875,317.3340759277344,0.29611238837242126,472.7063903808594,384.9634704589844,0.7904795408248901,,,0.0
track_1,134,0.5249320268630981,564.619384765625,427.69342041015625,0.4427507221698761,567.9345092773438,328.2541198730469,0.8397918939590454,552.0300903320312,252.47134399414062,0.7632157802581787
track_0,135,0.35920488834381104,484.6087646484375,319.71734619140625,0.3043045103549957,472.80609130859375,392.37469482421875,0.7529087662696838,,,0.0
track_1,135,0.5111581087112427,477.3390808105469,324.93560791015625,0.6288477182388306,568.266357421875,336.40692138671875,0.8149785399436951,560.89794921875,260.0919189453125,0.67752605676651
track_0,136,0.38386738300323486,481.0643005371094,320.81768798828125,0.30060631036758423,473.3251953125,392.91522216796875,0.6728630661964417,488.9647216796875,315.821533203125,0.29003915190696716
track_1,136,0.5059387683868408,477.0556335449219,328.641845703125,0.5270141959190369,568.486572265625,344.5701904296875,0.8026666641235352,564.5269775390625,268.5116271972656,0.7704188227653503
track_0,137,0.41034698486328125,544.0437622070312,443.3099365234375,0.5397113561630249,480.1925048828125,399.982177734375,0.6923784017562866,487.7723388671875,315.3888854980469,0.335599809885025
track_1,137,0.5102797746658325,473.4897155761719,332.93426513671875,0.41301852464675903,568.6776733398438,352.78228759765625,0.8161117434501648,569.7742309570312,280.3890380859375,0.7076729536056519
track_0,138,0.42450863122940063,541.0344848632812,443.9691162109375,0.612212061882019,480.61798095703125,400.1810607910156,0.7097728848457336,484.57586669921875,315.92919921875,0.3168456554412842
track_1,138,0.5270655751228333,476.1566162109375,336.6838684082031,0.39214596152305603,572.6131591796875,360.3474426269531,0.8356702923774719,576.6654052734375,292.58465576171875,0.6946614980697632
track_0,139,0.4303112030029297,540.3809204101562,444.4560546875,0.6143505573272705,480.6401062011719,400.4307861328125,0.713433563709259,484.2515869140625,316.27166748046875,0.3466672897338867
track_1,139,0.5336373448371887,475.873779296875,340.69415283203125,0.37393516302108765,572.9860229492188,368.3225402832031,0.8345181941986084,585.0613403320312,304.0908203125,0.7048181891441345
track_0,140,0.4271509051322937,537.0432739257812,444.7445983886719,0.6563349962234497,480.7748107910156,400.6557922363281,0.7415842413902283,481.17352294921875,313.4141845703125,0.3543522357940674
track_1,140,0.5245845913887024,476.8778381347656,340.5903625488281,0.31833571195602417,583.723876953125,368.5390930175781,0.8398348093032837,592.2088623046875,312.6058654785156,0.8904004693031311
track_0,141,0.4226749837398529,536.7217407226562,444.8038330078125,0.672182023525238,480.7845153808594,400.74810791015625,0.7250750660896301,484.8572998046875,315.9482727050781,0.3746151030063629
track_1,141,0.500330924987793,473.4726257324219,337.1687316894531,0.3824300765991211,576.6480712890625,376.7864685058594,0.904313325881958,597.4148559570312,316.84051513671875,0.9063652753829956
track_0,142,0.41927069425582886,533.3052368164062,444.7318420410156,0.7192679047584534,480.8707275390625,400.5881652832031,0.7642410397529602,485.2046813964844,312.36822509765625,0.34059008955955505
track_1,142,0.4876689910888672,473.2633361816406,337.0118713378906,0.3516463339328766,576.7254638671875,376.9375,0.8942675590515137,600.8027954101562,320.57757568359375,0.9731394648551941
track_0,143,0.4197087585926056,533.41259765625,444.4439697265625,0.788756787776947,481.048583984375,400.29339599609375,0.8110396265983582,488.8855895996094,311.62078857421875,0.30090567469596863
track_1,143,0.479623943567276,472.1623229980469,336.67718505859375,0.2525904178619385,576.2081298828125,376.79058837890625,0.8968575596809387,600.6693115234375,324.1917724609375,0.993897557258606
track_0,144,0.432000994682312,544.444580078125,444.71417236328125,0.7450106143951416,488.4198303222656,399.8307800292969,0.8800314664840698,484.3597106933594,308.6916809082031,0.2764447331428528
track_1,144,0.47255173325538635,461.45489501953125,341.82354736328125,0.24344928562641144,565.3169555664062,377.025146484375,0.8917505145072937,597.5172729492188,324.7730407714844,0.9640886783599854
track_0,145,0.44979313015937805,544.6019287109375,440.8486633300781,0.6283555030822754,488.280517578125,392.7133483886719,0.8937695622444153,476.26934814453125,309.4564514160156,0.3679477274417877
track_1,145,0.47564271092414856,,,0.0,564.9581909179688,376.707275390625,0.8850797414779663,596.45751953125,324.8140869140625,0.9909859299659729
track_0,146,0.4487797021865845,536.8092041015625,440.8076171875,0.6199492812156677,480.8613586425781,392.69488525390625,0.8717380166053772,477.3432312011719,309.34912109375,0.3685360252857208
track_1,146,0.47462621331214905,500.2202453613281,373.2575378417969,0.22449345886707306,564.8627319335938,376.67559814453125,0.8920832872390747,596.1646728515625,324.88934326171875,0.9913007616996765
track_0,147,0.4427713453769684,536.38330078125,440.82159423828125,0.583128035068512,480.550048828125,392.7147521972656,0.8726410269737244,476.75927734375,309.32177734375,0.3353366553783417
track_1,147,0.47118136286735535,497.1429138183594,373.16546630859375,0.2255546897649765,564.9401245117188,376.81488037109375,0.8929901719093323,593.1378784179688,325.2194519042969,0.9843161702156067
track_0,148,0.4298417866230011,472.4273681640625,317.33770751953125,0.5727447867393494,472.9495849609375,392.7565002441406,0.8193032741546631,477.2611999511719,309.08697509765625,0.3473326861858368
track_1,148,0.46837130188941956,496.38934326171875,373.3808288574219,0.20052623748779297,568.2064819335938,377.0113525390625,0.9043107032775879,592.96728515625,328.5773620605469,0.9899629354476929
track_0,149,0.4257793128490448,472.4081115722656,316.9449768066406,0.537011981010437,472.83624267578125,392.67816162109375,0.8074930906295776,476.9609680175781,308.9870300292969,0.3423672020435333
track_1,149,0.4655545949935913,,,0.0,568.1749267578125,377.15960693359375,0.9062101244926453,592.8267822265625,328.87139892578125,1.0087777376174927
track_0,150,0.4214538633823395,473.0342102050781,316.2713928222656,0.5533839464187622,473.0146484375,392.4432067871094,0.7944112420082092,477.033447265625,308.2303466796875,0.28153544664382935
track_1,150,0.46562349796295166,,,0.0,560.336669921875,384.42803955078125,0.8917641639709473,592.4488525390625,328.5101013183594,0.94477778673172
track_0,151,0.4087274372577667,472.9665222167969,313.0863952636719,0.5870672464370728,480.4967041015625,392.19708251953125,0.835152268409729,,,0.0
track_1,151,0.46834105253219604,448.6702880859375,356.0172119140625,0.26615840196609497,560.1978149414062,384.3143615722656,0.9125801920890808,589.1307373046875,328.26055908203125,0.9738443493843079
track_0,152,0.4027404189109802,544.566650390625,436.2370910644531,0.4868285059928894,488.50323486328125,391.99493408203125,0.878868818283081,,,0.0
track_1,152,0.47206953167915344,448.1615295410156,359.688232421875,0.4243628680706024,559.993408203125,384.1630554199219,0.9097025990486145,588.701171875,328.23431396484375,0.9870017766952515
track_1,153,0.4741237163543701,448.38763427734375,359.786865234375,0.595544159412384,559.7697143554688,384.0162353515625,0.9100885391235352,588.4071044921875,328.1911926269531,0.9882544279098511
track_1,154,0.4828609526157379,444.0711975097656,356.5404052734375,0.39277350902557373,552.0880126953125,384.42510986328125,0.9111062288284302,588.7989501953125,328.47247314453125,0.87607342004776
track_1,155,0.4909709095954895,451.9729919433594,348.8490905761719,0.6325497031211853,559.90380859375,377.0733642578125,0.9069828391075134,591.8525390625,328.8476867675781,0.9631182551383972
track_1,156,0.5048698782920837,451.9701843261719,345.07073974609375,0.6170933246612549,559.996826171875,376.77545166015625,0.9279698729515076,592.2818603515625,328.1847229003906,0.9750211238861084
track_1,157,0.5234856605529785,451.9833984375,344.8612060546875,0.5869744420051575,560.1077880859375,376.49822998046875,0.9289593696594238,592.36083984375,324.6123962402344,0.963808000087738
track_1,158,0.5324862003326416,452.29376220703125,344.1177978515625,0.6047187447547913,560.4019165039062,376.3045654296875,0.9111611843109131,592.8101806640625,320.92047119140625,0.9160804152488708
track_1,159,0.5369247794151306,459.91070556640625,344.43115234375,0.7968549132347107,568.1907958984375,376.1190185546875,0.90360027551651,592.5535888671875,320.17041015625,0.9338213801383972
track_1,160,0.5392231941223145,460.00592041015625,344.1415710449219,0.7633971571922302,568.4288330078125,376.1812744140625,0.9148134589195251,592.548828125,316.6446838378906,0.841687023639679
track_1,161,0.5346894264221191,468.0987243652344,345.45306396484375,0.6764004230499268,576.350341796875,369.0796203613281,0.9146825075149536,592.8433837890625,317.31280517578125,0.809037446975708
track_1,162,0.5270076990127563,464.80194091796875,348.23492431640625,0.6478250622749329,576.1316528320312,376.27545166015625,0.9195953011512756,596.8953857421875,320.048095703125,0.84139084815979
track_1,163,0.5129073858261108,464.9771423339844,349.15081787109375,0.5378178358078003,576.4852905273438,377.008056640625,0.9401571154594421,601.353271484375,325.10601806640625,0.8868767619132996
track_1,164,0.4922470152378082,463.74609375,352.5065612792969,0.4321628212928772,576.0623779296875,384.67132568359375,0.935937225818634,604.3282470703125,336.6067810058594,0.8748143911361694
track_0,165,0.46893590688705444,467.988037109375,320.44329833984375,0.6305546164512634,512.5193481445312,400.4124450683594,0.9127911329269409,447.9494934082031,432.1622009277344,0.2824937701225281
track_1,165,0.4784039556980133,456.21240234375,432.75299072265625,0.41345787048339844,568.0538330078125,392.9454345703125,0.9260159134864807,604.1141357421875,352.6691589355469,0.8319916725158691
track_0,166,0.49516260623931885,564.08984375,444.4263916015625,0.26887473464012146,504.314453125,400.5970764160156,0.9057806730270386,480.326416015625,309.1083984375,0.46913206577301025
track_1,166,0.4817904829978943,448.3522644042969,428.69708251953125,0.5696487426757812,559.9678344726562,400.6329650878906,0.8802579045295715,600.003173828125,364.79156494140625,0.8408963084220886
track_0,167,0.517185389995575,555.9577026367188,444.93768310546875,0.33637842535972595,496.44866943359375,400.6038818359375,0.911101222038269,484.2940673828125,312.1684875488281,0.6339507102966309
track_0,168,0.5404234528541565,409.0771789550781,400.93768310546875,0.6851202249526978,496.259033203125,400.28131103515625,0.9322413802146912,480.7972412109375,312.3403625488281,0.6471763849258423
track_0,169,0.5588626861572266,400.40692138671875,388.64910888671875,0.9526309370994568,488.292236328125,400.1994323730469,0.9091933965682983,484.4637451171875,312.0219421386719,0.8139537572860718
track_0,170,0.570207953453064,396.44256591796875,376.87890625,0.8207674622535706,488.05377197265625,393.36041259765625,0.821874737739563,480.10394287109375,309.64337158203125,0.7137520909309387
track_0,171,0.5759332180023193,392.71942138671875,364.8620300292969,0.7810249924659729,479.9947204589844,392.82537841796875,0.8509364724159241,480.0880126953125,312.10162353515625,0.7363502383232117
track_0,172,0.5769528746604919,392.1662902832031,345.49822998046875,0.5945137739181519,472.03240966796875,384.99163818359375,0.8442752361297607,520.641357421875,469.20733642578125,0.6480359435081482
track_0,173,0.5922937393188477,403.808837890625,320.6858215332031,0.7925958633422852,464.0556335449219,376.95147705078125,0.8466236591339111,516.7255859375,465.23126220703125,0.7714582085609436
track_0,174,0.5883085131645203,416.73675537109375,301.0181884765625,0.975192666053772,456.390869140625,369.09521484375,0.881822407245636,496.37677001953125,316.59881591796875,0.5319686532020569
track_0,175,0.577754557132721,428.4495849609375,288.9128112792969,0.8555179238319397,456.0666809082031,361.0654602050781,0.8450568914413452,496.5374755859375,316.89361572265625,0.5011741518974304
track_0,176,0.5720703601837158,444.5069580078125,272.7042236328125,0.7335525751113892,456.1240234375,352.608642578125,0.820706844329834,400.3094482421875,433.39715576171875,0.6635094285011292
track_0,177,0.5903636813163757,456.6737365722656,268.029052734375,0.7076310515403748,448.5392761230469,344.70233154296875,0.8296353220939636,392.87451171875,428.8175964355469,0.474934846162796
track_0,178,0.6088498830795288,523.929931640625,416.7980651855469,0.7075628042221069,456.11468505859375,336.28533935546875,0.8673546314239502,369.1015625,388.6413269042969,0.5428104400634766
track_0,179,0.6070364713668823,,,0.0,456.5003356933594,321.0715637207031,0.8726231455802917,517.3585815429688,420.68231201171875,0.6626189947128296
track_0,180,0.5922584533691406,528.3130493164062,239.85972595214844,0.21831737458705902,456.6068420410156,313.1280212402344,0.8464006185531616,517.3641357421875,416.8525390625,0.7680684924125671
track_0,181,0.5774868726730347,505.28973388671875,361.3572998046875,0.2027609497308731,464.12030029296875,305.44683837890625,0.7789652943611145,515.9127807617188,414.1148986816406,0.26831600069999695
track_0,182,0.5345646739006042,484.0091247558594,388.5055236816406,0.32156121730804443,472.27435302734375,296.58502197265625,0.8579342365264893,,,0.0
track_0,183,0.42829692363739014,501.5933837890625,365.8277587890625,0.201478511095047,480.95697021484375,284.76031494140625,0.835919976234436,436.6925048828125,264.3917236328125,0.2013494074344635
track_0,184,0.40210071206092834,616.16650390625,293.57940673828125,0.39228689670562744,536.1502075195312,257.3327941894531,0.9040225148200989,448.0118103027344,261.8380432128906,0.6210321187973022
track_1,184,0.30330875515937805,517.7781372070312,416.63330078125,0.9905181527137756,477.59136962890625,328.9318542480469,0.49987155199050903,,,0.0
track_0,185,0.5374996066093445,469.1456298828125,248.16744995117188,0.7943612337112427,552.4359741210938,263.9414978027344,0.9141374230384827,628.53955078125,324.02813720703125,0.230499267578125
track_1,185,0.3508176803588867,523.373046875,416.1461181640625,0.7405455708503723,484.329833984375,352.444091796875,0.47840943932533264,476.1109924316406,320.13934326171875,0.20813313126564026
track_0,186,0.686598002910614,636.8463134765625,340.815673828125,0.6243444681167603,568.33544921875,271.9601745605469,0.8626673817634583,489.158935546875,240.62030029296875,0.5392826199531555
track_1,186,0.4319224953651428,523.9456176757812,416.2395324707031,0.7011340856552124,488.0679931640625,352.3721923828125,0.6247071623802185,480.0731201171875,316.44805908203125,0.4711235463619232
track_0,187,0.7672007083892822,636.4721069335938,364.4494934082031,0.6605679392814636,576.2125244140625,277.00860595703125,0.8390545845031738,500.4342346191406,271.8271484375,0.2344849556684494
track_1,187,0.439068466424942,524.07421875,416.6182861328125,0.690017819404602,488.43597412109375,352.3529052734375,0.7017480134963989,480.650390625,316.634033203125,0.4315681755542755
track_0,188,0.7763962745666504,628.2615966796875,385.1413269042969,0.7451465725898743,584.0059204101562,288.3248291015625,0.8687556982040405,516.0946655273438,281.16802978515625,0.5071156620979309
track_1,188,0.42021679878234863,521.537109375,417.0712890625,0.6838853359222412,488.67230224609375,349.6040344238281,0.7339365482330322,481.4052429199219,317.0528259277344,0.39934757351875305
track_0,189,0.7274583578109741,611.6694946289062,404.17645263671875,0.8374287486076355,592.0175170898438,303.91436767578125,0.8745241165161133,556.1885375976562,252.60032653808594,0.24040208756923676
track_1,189,0.40949228405952454,521.445556640625,416.90924072265625,0.547309160232544,488.7484436035156,360.1507568359375,0.7488551139831543,488.982421875,319.82916259765625,0.5714489221572876
track_0,190,0.635669469833374,588.8447875976562,420.71868896484375,0.5234741568565369,592.5716552734375,320.301513671875,0.8315640091896057,517.3360595703125,417.26531982421875,0.4580461382865906
track_1,190,0.40368330478668213,521.7657470703125,417.083740234375,0.6132267117500305,485.3670349121094,360.79461669921875,0.7145313620567322,492.79901123046875,317.27520751953125,0.6752386689186096
track_0,191,0.5453061461448669,559.6702270507812,431.7005310058594,0.5449491143226624,600.0084838867188,336.3849182128906,0.7972327470779419,519.8052978515625,417.18426513671875,0.4221387207508087
track_1,191,0.3661385178565979,523.6505126953125,416.265380859375,0.5308688879013062,491.6556396484375,368.0631408691406,0.664789617061615,487.53759765625,319.618408203125,0.6208733916282654
track_0,192,0.5057849884033203,480.7259216308594,340.4805908203125,0.329672634601593,592.3959350585938,360.3310241699219,0.8384603261947632,624.6570434570312,284.5505065917969,0.42263516783714294
track_1,192,0.3389778733253479,537.2525634765625,404.2840576171875,0.3760874569416046,493.05902099609375,376.1000061035156,0.5888262391090393,484.9402770996094,316.77801513671875,0.3771314024925232
track_0,193,0.5018820762634277,473.7143859863281,344.6145324707031,0.32461583614349365,584.6295166015625,368.9505310058594,0.8800933361053467,605.2886962890625,300.5890197753906,0.712128758430481
track_0,194,0.4940643012523651,464.7498474121094,352.6609191894531,0.5495662689208984,576.292236328125,376.83984375,0.9164278507232666,604.7312622070312,316.8714904785156,0.9034796357154846
track_0,195,0.48336440324783325,456.55316162109375,345.35443115234375,0.393216609954834,568.4000244140625,385.03961181640625,0.9061316847801208,604.624755859375,336.2893981933594,0.8682757616043091
track_1,195,0.4537380635738373,472.1723937988281,320.62359619140625,0.8209326267242432,520.4290161132812,399.928955078125,0.9309695363044739,528.8519287109375,468.77386474609375,0.34422895312309265
track_0,196,0.4783048927783966,453.181884765625,424.3174743652344,0.31709229946136475,567.9526977539062,392.65020751953125,0.9240389466285706,604.6403198242188,353.2679748535156,0.8722048401832581
track_1,196,0.47287634015083313,472.0567932128906,320.6336669921875,0.4427027106285095,504.49560546875,400.2622375488281,0.953764796257019,440.0755920410156,428.1736145019531,0.477848619222641
track_0,197,0.47755223512649536,437.2447204589844,419.86578369140625,0.3952619731426239,551.9266967773438,400.182373046875,0.8784975409507751,600.4138793945312,371.91339111328125,0.8808850049972534
track_1,197,0.4855426549911499,416.87615966796875,408.90765380859375,0.5003030896186829,496.3780517578125,399.9813537597656,0.9083397388458252,484.7392578125,312.7934875488281,0.5169556736946106
track_1,198,0.5080205202102661,400.68603515625,395.50848388671875,0.9425130486488342,488.427978515625,399.65399169921875,0.9044477343559265,481.05572509765625,315.5039978027344,0.772442102432251
track_1,199,0.5447816252708435,544.8610229492188,436.74407958984375,0.4670412242412567,488.4361877441406,392.8243103027344,0.8911140561103821,480.4114990234375,313.2410583496094,0.6966148614883423
track_1,200,0.5549924373626709,376.59088134765625,368.26263427734375,0.7442554235458374,480.3787841796875,392.61767578125,0.8765559792518616,480.6187744140625,313.0042419433594,0.7491877675056458
track_1,201,0.5531079769134521,368.6533508300781,356.5531921386719,0.8182849287986755,472.2038879394531,392.3980407714844,0.9037724733352661,552.7075805664062,404.2596435546875,0.7054530382156372
track_1,202,0.552284300327301,368.2180480957031,348.862060546875,0.7134978771209717,464.2050476074219,385.0086669921875,0.8615715503692627,488.96173095703125,316.2830810546875,0.5486722588539124
track_1,203,0.5542135238647461,368.2115173339844,340.13922119140625,0.34295088052749634,452.89892578125,384.54766845703125,0.857245922088623,489.0179443359375,316.0369567871094,0.48372218012809753
track_1,204,0.5671097636222839,388.4275207519531,308.50628662109375,0.653060793876648,448.02874755859375,376.8291015625,0.8683410286903381,532.4779052734375,381.23529052734375,0.4212135672569275
track_1,205,0.5642379522323608,412.71337890625,288.40570068359375,0.791545033454895,440.2617492675781,368.6934814453125,0.9041788578033447,484.06011962890625,457.042724609375,0.21651075780391693
track_1,206,0.5643521547317505,444.8616027832031,268.9557800292969,0.7221385836601257,447.9990234375,352.4792785644531,0.8260670304298401,400.1365966796875,432.2481384277344,0.46905165910720825
track_1,207,0.590262770652771,460.87982177734375,260.9395751953125,0.5343191027641296,448.2706298828125,336.9949645996094,0.8217554092407227,516.526611328125,417.95892333984375,0.4947892129421234
track_1,208,0.6172299981117249,524.22412109375,412.88995361328125,0.36729344725608826,448.466796875,328.750732421875,0.8256747126579285,385.3336181640625,392.68902587890625,0.4821099042892456
track_1,209,0.6204824447631836,,,0.0,456.1471252441406,320.43951416015625,0.866723358631134,517.0441284179688,417.2265319824219,0.6666257381439209
track_1,210,0.6182621717453003,521.421875,240.13290405273438,0.23141047358512878,453.32257080078125,312.55999755859375,0.8290103673934937,517.0682373046875,416.44818115234375,0.7054308652877808
track_1,211,0.625568687915802,,,0.0,464.20428466796875,304.1497497558594,0.8924093842506409,396.3298645019531,324.8970947265625,0.6113894581794739
track_1,212,0.6081234216690063,516.2828979492188,345.0882263183594,0.22662314772605896,464.84185791015625,296.1866149902344,0.937213122844696,400.9153747558594,308.28485107421875,0.5651940107345581
track_1,213,0.5606359839439392,488.97174072265625,380.5606384277344,0.2592006325721741,472.8092041015625,292.589111328125,0.8666186928749084,409.25701904296875,279.9453125,0.5860217809677124
track_1,214,0.48784464597702026,,,0.0,488.1961669921875,284.3885498046875,0.7065992951393127,420.76434326171875,272.164794921875,0.5645748972892761
track_1,215,0.5282086133956909,436.7538146972656,261.45794677734375,0.22402909398078918,520.4481811523438,280.5916748046875,0.8747844696044922,440.25091552734375,249.49850463867188,0.5653237700462341
track_1,216,0.5571730136871338,609.3084106445312,352.4115295410156,0.43655723333358765,528.71826171875,287.57061767578125,0.8130883574485779,452.3561096191406,268.0040283203125,0.38686203956604004
track_1,217,0.5991379618644714,608.50048828125,364.9046936035156,0.7224122881889343,536.419189453125,288.8985290527344,0.8930808901786804,471.86334228515625,261.0293273925781,0.4245629906654358
track_1,218,0.6255031824111938,604.7183227539062,377.451416015625,0.6351885795593262,544.3116455078125,296.7790832519531,0.9111851453781128,467.57421875,389.0899353027344,0.42590591311454773
track_1,219,0.5896191000938416,592.0338134765625,393.6116943359375,0.7065566778182983,552.406494140625,305.1944274902344,0.9339022636413574,468.42352294921875,393.5184020996094,0.4638157784938812
track_1,220,0.5659501552581787,572.85302734375,412.5885009765625,0.9483023881912231,560.254150390625,320.62554931640625,0.8824085593223572,471.72857666015625,400.856201171875,0.6695800423622131
track_1,221,0.5525402426719666,568.9265747070312,416.70477294921875,0.6581413745880127,561.0517578125,328.95794677734375,0.9053755402565002,469.2037048339844,401.53369140625,0.4719049036502838
track_1,222,0.5384426116943359,,,0.0,560.6502075195312,344.406005859375,0.9211788177490234,568.49853515625,268.0352478027344,0.5728281736373901
track_1,223,0.5336912870407104,,,0.0,560.3114013671875,352.538330078125,0.9646231532096863,468.1282958984375,400.6221008300781,0.6197530031204224
track_0,224,0.5324192047119141,457.26385498046875,340.24212646484375,0.5443243384361267,552.6951904296875,360.77532958984375,0.9430719017982483,581.1774291992188,288.9383544921875,0.5121250152587891
track_0,225,0.5455378890037537,457.0668640136719,337.4054870605469,0.4734501540660858,552.6795043945312,361.2165222167969,0.9712592363357544,581.0536499023438,297.15240478515625,0.7918990254402161
track_0,226,0.5489373207092285,453.35186767578125,344.7312316894531,0.7301539778709412,544.62744140625,368.86883544921875,0.9641428589820862,585.0721435546875,308.94256591796875,0.7079607844352722
track_0,227,0.5412366390228271,453.0795593261719,345.3175354003906,0.6711134314537048,544.6011352539062,369.3890075683594,0.9706431031227112,588.4219360351562,320.873779296875,0.7404977083206177
track_0,228,0.5299647450447083,448.51873779296875,349.0321350097656,0.33494311571121216,544.3836669921875,376.92218017578125,0.9660570621490479,585.259033203125,328.2524719238281,0.6793455481529236
track_0,229,0.5133822560310364,456.3190002441406,432.4213562011719,0.35684633255004883,544.1272583007812,384.45068359375,0.9618741273880005,456.8891906738281,343.86676025390625,0.6980741024017334
track_0,230,0.5044195652008057,,,0.0,544.1295776367188,385.30450439453125,0.9641236662864685,588.1760864257812,345.60504150390625,0.713884711265564
track_0,231,0.5033129453659058,476.6781005859375,324.3206787109375,0.36088088154792786,536.2118530273438,393.08978271484375,0.9227500557899475,585.0840454101562,357.63079833984375,0.639801561832428
track_0,232,0.5139408111572266,420.66357421875,400.2200622558594,0.38667595386505127,504.3634948730469,400.24847412109375,0.9605287313461304,423.90155029296875,412.0613708496094,0.4564526677131653
track_0,233,0.5405319929122925,412.96075439453125,392.7724609375,0.7506129741668701,496.3272705078125,400.2588806152344,0.966127872467041,480.15802001953125,316.3620910644531,0.7092262506484985
track_0,234,0.5638314485549927,408.1296691894531,385.00238037109375,0.7547591328620911,488.35308837890625,400.2750244140625,0.9367990493774414,480.580810546875,316.4792175292969,0.8283926248550415
track_0,235,0.576562225818634,401.0589599609375,384.40533447265625,0.9078707098960876,488.04180908203125,400.19744873046875,0.8809086084365845,480.8082275390625,316.41302490234375,0.799395740032196
track_0,236,0.5780017375946045,400.3367919921875,373.11761474609375,0.8456699848175049,480.2735595703125,400.06402587890625,0.898588240146637,480.82440185546875,316.29388427734375,0.8169753551483154
track_0,237,0.5718911290168762,399.9762878417969,365.26715087890625,0.7922641038894653,480.0970153808594,393.126220703125,0.9034526944160461,480.55401611328125,316.8914489746094,0.7473240494728088
track_0,238,0.5766368508338928,396.7634582519531,356.91424560546875,0.8144845366477966,472.27508544921875,392.8211364746094,0.9081246256828308,481.05194091796875,316.6852722167969,0.6427600383758545
track_0,239,0.5817818641662598,401.11285400390625,344.1680908203125,0.8803499937057495,464.220703125,392.4043884277344,0.8765571117401123,488.97833251953125,316.8396911621094,0.5844725966453552
track_0,240,0.5922248363494873,412.2331848144531,329.1772766113281,0.9372460842132568,464.13909912109375,384.82366943359375,0.8915103077888489,492.5585632324219,320.2477722167969,0.5647884011268616
track_0,241,0.5934057831764221,416.82476806640625,324.4417724609375,0.867169976234436,456.4747314453125,384.71356201171875,0.9201889634132385,493.1585693359375,320.534423828125,0.49149903655052185
track_0,242,0.5889514088630676,427.93914794921875,312.5989685058594,0.8463259339332581,456.29632568359375,384.3362731933594,0.9555864930152893,493.14764404296875,320.42584228515625,0.4945825934410095
track_0,243,0.5855380892753601,432.47747802734375,307.9460754394531,0.4741284251213074,456.2702941894531,376.71929931640625,0.9474888443946838,496.49908447265625,320.9059143066406,0.5227476954460144
track_0,244,0.5827261805534363,,,0.0,456.4085998535156,368.85296630859375,0.9071786403656006,500.12054443359375,321.15081787109375,0.47571811079978943
track_0,245,0.5810350775718689,524.885498046875,389.06536865234375,0.2131800502538681,456.5509338378906,361.05328369140625,0.896334707736969,456.20166015625,293.1793212890625,0.41469499468803406
track_0,246,0.5780736804008484,516.6376953125,424.54827880859375,0.48621389269828796,448.6227111816406,360.7154541015625,0.8859028220176697,460.30859375,284.583740234375,0.43242520093917847
track_0,247,0.5877304673194885,516.4819946289062,424.7698059082031,0.593669056892395,456.3767395019531,352.5150451660156,0.9020916819572449,392.0275573730469,424.8388671875,0.620703935623169
track_0,248,0.6061545014381409,516.15576171875,424.83154296875,0.6098682284355164,456.17425537109375,344.8924560546875,0.9484798908233643,380.9537353515625,404.9685974121094,0.47285670042037964
track_0,249,0.621941089630127,516.1253662109375,424.53021240234375,0.5861614942550659,445.23846435546875,344.21270751953125,0.9203526377677917,388.7830810546875,401.0206298828125,0.36823034286499023
track_0,250,0.6253299713134766,514.05078125,424.66143798828125,0.5314676761627197,445.37908935546875,336.55303955078125,0.8998092412948608,389.0653076171875,392.8141174316406,0.380307137966156
track_0,251,0.6225597858428955,484.86920166015625,264.2906494140625,0.31117457151412964,456.0654296875,328.5462951660156,0.892211377620697,512.732421875,429.21893310546875,0.7674060463905334
track_0,252,0.6154506802558899,512.3829345703125,376.4789123535156,0.2517020106315613,456.1608581542969,327.9927978515625,0.8696398735046387,512.8218994140625,431.6207275390625,0.6968448758125305
track_0,253,0.6201644539833069,509.6932373046875,376.8539733886719,0.2261551022529602,456.16790771484375,320.6622314453125,0.8611212968826294,512.9473266601562,428.74322509765625,0.6046227812767029
track_0,254,0.6206488013267517,,,0.0,456.3684997558594,313.21722412109375,0.8620584607124329,381.2645568847656,349.38458251953125,0.48950058221817017
track_0,255,0.6236793994903564,516.0064086914062,373.03973388671875,0.20794011652469635,456.3357849121094,312.73858642578125,0.8709417581558228,384.814697265625,348.7373046875,0.5487842559814453
track_0,256,0.6196891069412231,,,0.0,464.0148620605469,312.39501953125,0.9088155627250671,387.76068115234375,336.41253662109375,0.44746553897857666
track_0,257,0.616262674331665,,,0.0,464.12591552734375,312.16632080078125,0.9305381178855896,388.6814270019531,328.69256591796875,0.502613365650177
track_0,258,0.6176586747169495,,,0.0,464.4344482421875,304.8359375,0.9591338634490967,404.79833984375,344.7242431640625,0.45079392194747925
track_0,259,0.6192504167556763,,,0.0,464.4830322265625,304.53887939453125,0.9753597974777222,408.0728759765625,337.1455078125,0.5199107527732849
track_0,260,0.6127209663391113,,,0.0,472.0466003417969,304.3345031738281,0.9969561696052551,407.70703125,329.0716857910156,0.6612665057182312
track_0,261,0.6103450059890747,,,0.0,472.1629333496094,304.2179260253906,1.0137726068496704,407.7178649902344,324.36309814453125,0.7411782741546631
track_0,262,0.6004289388656616,,,0.0,472.2984619140625,304.0057373046875,0.9997527599334717,408.1498107910156,316.5257873535156,0.760047197341919
track_0,263,0.5897558927536011,488.1927490234375,392.00811767578125,0.2595910131931305,472.40875244140625,303.8135986328125,0.98164302110672,409.05804443359375,311.7886962890625,0.6722702980041504
track_0,264,0.5709015727043152,487.965576171875,392.1735534667969,0.2851525843143463,472.469482421875,300.7029113769531,0.9680278897285461,412.7535400390625,304.69390869140625,0.5419990420341492
track_0,265,0.5615370273590088,484.8472595214844,392.28363037109375,0.29837754368782043,472.55419921875,300.62322998046875,0.9704056978225708,416.0669250488281,300.580810546875,0.4307973086833954
track_0,266,0.5423588752746582,580.6445922851562,247.66213989257812,0.37397050857543945,472.6363830566406,300.49737548828125,0.9553679823875427,,,0.0
track_0,267,0.5058662295341492,577.094482421875,256.51715087890625,0.357574999332428,472.8611755371094,300.486572265625,0.903425931930542,,,0.0
track_0,268,0.405665785074234,500.6202392578125,373.6056213378906,0.24826893210411072,480.40020751953125,292.4820556640625,0.8198573589324951,532.5125122070312,249.3727569580078,0.24462567269802094
track_1,268,0.39106485247612,603.8235473632812,297.0185546875,0.3440481126308441,511.7861022949219,272.13714599609375,0.9045416116714478,431.65118408203125,268.72747802734375,0.5222166180610657
track_0,269,0.3127984404563904,505.67645263671875,420.52838134765625,0.7335823774337769,480.9570617675781,327.8625793457031,0.623965859413147,537.339111328125,252.2786407470703,0.5301086902618408
track_1,269,0.425442099571228,597.1339721679688,315.71624755859375,0.6782974004745483,528.1319580078125,271.74468994140625,0.9050023555755615,436.78607177734375,275.82769775390625,0.4231901466846466
track_0,270,0.28814026713371277,509.7999267578125,424.7855529785156,1.0502694845199585,477.79388427734375,340.16668701171875,0.5843262076377869,,,0.0
track_1,270,0.4954558312892914,452.4429016113281,253.2158203125,0.4669748842716217,536.367431640625,272.45318603515625,0.9586523771286011,459.63568115234375,361.3044738769531,0.39060139656066895
track_0,271,0.2853509783744812,508.50189208984375,425.0614013671875,1.0024415254592896,483.95208740234375,340.537841796875,0.5213420391082764,,,0.0
track_1,271,0.5501840710639954,581.1182250976562,349.71539306640625,0.8428130149841309,536.6445922851562,273.1689758300781,0.9537525177001953,459.8230285644531,361.6654357910156,0.38973575830459595
track_0,272,0.2886674404144287,509.17047119140625,425.2699279785156,0.9974644780158997,485.0943603515625,340.8966064453125,0.5805457234382629,,,0.0
track_1,272,0.5851528644561768,572.9325561523438,361.1708679199219,0.8400827050209045,537.426513671875,277.2587890625,0.8083613514900208,457.33056640625,364.98663330078125,0.44527342915534973
track_1,273,0.5832830667495728,561.1141357421875,369.21722412109375,0.8352188467979431,537.72705078125,284.9837951660156,0.7823629379272461,456.741943359375,368.3739929199219,0.26019009947776794
track_1,274,0.5853617191314697,557.771728515625,376.3750915527344,0.6490429639816284,537.2479248046875,296.2889709472656,0.9031313061714172,488.8323974609375,252.78890991210938,0.6317324638366699
track_1,275,0.5839022397994995,553.9578857421875,380.172607421875,0.4274970591068268,537.2172241210938,304.38299560546875,0.9584428071975708,549.4882202148438,392.554443359375,0.7472864985466003
track_1,276,0.5709954500198364,556.5712280273438,382.0578918457031,0.2615404427051544,545.0859985351562,305.02569580078125,0.9671615362167358,552.6912841796875,397.10272216796875,0.8434379696846008
track_1,277,0.5588277578353882,557.001953125,389.02960205078125,0.36751726269721985,552.9244995117188,312.880859375,0.9427157044410706,549.34130859375,404.52520751953125,0.501737654209137
track_0,278,0.5504753589630127,564.8917236328125,389.9049072265625,0.2313368171453476,560.68701171875,313.09405517578125,0.92195725440979,540.4529418945312,252.49514770507812,0.38590967655181885
track_0,279,0.5437984466552734,511.7564392089844,425.02459716796875,0.26936519145965576,560.9361572265625,321.0460205078125,0.929759681224823,549.576904296875,252.9371795654297,0.4304348826408386
track_0,280,0.536324143409729,,,0.0,568.4732666015625,321.23468017578125,0.8695569038391113,557.0772094726562,256.69873046875,0.4246982932090759
track_0,281,0.5328328609466553,,,0.0,568.4674682617188,328.8094177246094,0.9135070443153381,564.539794921875,256.4952087402344,0.5773305892944336
track_0,282,0.5268260836601257,,,0.0,568.8707885742188,329.2142639160156,0.9318948984146118,505.83770751953125,425.10211181640625,0.5886071920394897
track_0,283,0.526791512966156,508.05450439453125,424.2838134765625,0.40075477957725525,568.5071411132812,336.650634765625,0.9381407499313354,565.4971313476562,260.6829528808594,0.5814651846885681
track_0,284,0.5219751000404358,508.7804870605469,424.51708984375,0.23447152972221375,568.6118774414062,336.9192810058594,0.9409496784210205,569.2456665039062,261.3836975097656,0.549957811832428
track_0,285,0.5169658660888672,,,0.0,568.5765380859375,337.12261962890625,0.9441384077072144,572.9961547851562,264.9678649902344,0.5480366349220276
track_0,286,0.5177011489868164,,,0.0,560.7890014648438,344.98974609375,0.9413580298423767,500.63006591796875,424.7633056640625,0.531862735748291
track_0,287,0.5204355716705322,,,0.0,560.7167358398438,345.01092529296875,0.9452946186065674,500.38330078125,424.9015197753906,0.5212466716766357
track_0,288,0.5191910862922668,,,0.0,560.6517333984375,345.07818603515625,0.9407957196235657,573.164306640625,268.7720947265625,0.5101904273033142
track_0,289,0.519113302230835,468.6275939941406,336.8913269042969,0.5567535758018494,552.7361450195312,352.91326904296875,0.938981831073761,577.2081909179688,272.50830078125,0.792313277721405
track_0,290,0.521831214427948,468.704833984375,336.96490478515625,0.559671938419342,552.7821655273438,353.116943359375,0.9476209282875061,584.5518798828125,276.8916015625,0.7759711146354675
track_0,291,0.5257900953292847,,,0.0,560.4337768554688,352.70758056640625,0.9532573223114014,588.5712890625,281.05401611328125,0.8347864151000977
track_0,292,0.5226228833198547,508.0422058105469,431.926513671875,0.5304235816001892,568.1358032226562,352.4662780761719,0.946850597858429,592.7640380859375,284.8949279785156,0.8669880628585815
track_0,293,0.521140992641449,505.70068359375,432.43115234375,0.36719274520874023,568.588134765625,353.02752685546875,0.9337648153305054,600.3884887695312,289.158203125,0.8769262433052063
track_0,294,0.5263161063194275,508.7481384277344,433.07196044921875,0.42958298325538635,576.0477294921875,352.75238037109375,0.893566906452179,601.0731201171875,288.41925048828125,0.8971847891807556
track_0,295,0.5279628038406372,509.150390625,437.20343017578125,0.6467306613922119,576.3449096679688,352.8204650878906,0.897312343120575,604.7047729492188,288.2367858886719,0.9052013158798218
track_0,296,0.527868926525116,512.1995239257812,440.2156066894531,0.6153820157051086,576.5768432617188,352.84228515625,0.8826664686203003,605.085205078125,284.9532470703125,0.9179425239562988
track_0,297,0.5287129878997803,476.4820861816406,332.2564392089844,0.21565549075603485,580.7520751953125,352.31475830078125,0.8393480777740479,600.4991455078125,283.80078125,0.8943066000938416
track_0,298,0.5290490388870239,,,0.0,584.39697265625,345.20587158203125,0.8525650501251221,601.0650024414062,284.6853332519531,0.9515220522880554
track_1,298,0.40218332409858704,472.84320068359375,321.1175537109375,0.8780984878540039,520.492919921875,384.1986999511719,0.9003150463104248,,,0.0
track_0,299,0.5218505859375,,,0.0,584.4300537109375,345.1729736328125,0.8424854874610901,601.60498046875,281.49688720703125,0.9092430472373962
track_1,299,0.4104805290699005,472.58648681640625,324.4345703125,0.855819821357727,528.5382690429688,384.1260681152344,0.884757936000824,,,0.0
track_0,300,0.5123165845870972,,,0.0,584.3468017578125,345.103759765625,0.842639148235321,605.4035034179688,281.386474609375,0.9283413887023926
track_1,300,0.4183707535266876,472.6654968261719,324.1307373046875,0.8959195613861084,520.5609130859375,384.1998291015625,0.8944821953773499,,,0.0
track_0,301,0.5108138918876648,,,0.0,584.2982788085938,345.02557373046875,0.8524833917617798,608.3848266601562,284.6255187988281,0.923678994178772
track_1,301,0.419791042804718,472.6377258300781,324.1489562988281,0.8968228101730347,520.5257568359375,384.162353515625,0.9001079201698303,,,0.0
track_0,302,0.5077294111251831,,,0.0,584.3035888671875,344.8770751953125,0.8601981401443481,608.4617919921875,284.6316223144531,0.9364791512489319
track_1,302,0.4257793128490448,472.6642761230469,324.0191955566406,0.9302230477333069,520.4848022460938,384.04638671875,0.9362431764602661,,,0.0
track_0,303,0.5037863254547119,,,0.0,584.1519775390625,344.67578125,0.8654520511627197,608.490478515625,284.564208984375,0.9378973841667175
track_1,303,0.4215145707130432,472.7567138671875,323.9298095703125,0.8805103898048401,520.3477172851562,383.8974304199219,0.9525542259216309,,,0.0
track_0,304,0.4983850121498108,,,0.0,583.9929809570312,344.46734619140625,0.8665598034858704,608.6525268554688,284.3233947753906,0.9524937868118286
track_1,304,0.41428831219673157,612.0839233398438,280.6040344238281,0.517246663570404,536.4307250976562,376.1859130859375,0.9319112300872803,460.264404296875,336.383056640625,0.41501230001449585
track_0,305,0.4951397478580475,,,0.0,583.8410034179688,344.2655029296875,0.8736486434936523,608.6885375976562,284.03570556640625,0.9575491547584534
track_1,305,0.4095405638217926,472.92169189453125,323.85882568359375,0.6666481494903564,528.4507446289062,376.1585693359375,0.9588102102279663,464.5249328613281,405.08367919921875,0.35351839661598206
track_0,306,0.4966801702976227,,,0.0,584.3272094726562,337.0179138183594,0.9027643799781799,609.1799926757812,281.34246826171875,0.9907290935516357
track_0,307,0.5012351870536804,,,0.0,584.081787109375,336.64373779296875,0.9049450755119324,609.0284423828125,284.016357421875,0.9906061887741089
track_0,308,0.5059850215911865,,,0.0,583.8524780273438,336.3099365234375,0.8930500149726868,608.8506469726562,283.70611572265625,0.9894018769264221
track_1,308,0.4128407835960388,573.35107421875,404.3685302734375,0.5095016360282898,520.3701171875,368.0522766113281,0.931685209274292,448.32952880859375,336.5023193359375,0.5457770228385925
track_0,309,0.5082976222038269,,,0.0,580.62841796875,336.0902099609375,0.8915829658508301,608.7483520507812,283.66436767578125,1.0015547275543213
track_1,309,0.4244823157787323,572.7286376953125,403.95977783203125,0.6320005655288696,512.4185791015625,367.8381042480469,0.9147682785987854,448.0675048828125,336.35546875,0.48490697145462036
track_0,310,0.519944429397583,,,0.0,576.46728515625,336.6080017089844,0.9094386696815491,609.4214477539062,284.30682373046875,0.9996054172515869
track_1,310,0.4278849959373474,608.007080078125,279.8567199707031,0.31741294264793396,536.5879516601562,360.04827880859375,0.8619807362556458,449.1123352050781,336.2012634277344,0.5917450189590454
track_0,311,0.542138397693634,532.8096923828125,410.434814453125,0.2609061002731323,584.153076171875,329.19488525390625,0.9011275172233582,612.0308837890625,284.572265625,0.966510534286499
track_0,312,0.5527612566947937,,,0.0,584.0820922851562,328.99481201171875,0.906704306602478,611.8494873046875,284.4139404296875,0.9649947285652161
track_0,313,0.55670565366745,,,0.0,584.0084838867188,328.9327392578125,0.899060070514679,608.921142578125,284.43994140625,0.9717817306518555
track_0,314,0.5489886999130249,,,0.0,584.0798950195312,328.85125732421875,0.8947465419769287,608.86279296875,284.3739013671875,0.9710849523544312
track_0,315,0.5433853268623352,,,0.0,584.1088256835938,328.658447265625,0.9136225581169128,608.9863891601562,284.14569091796875,0.96394282579422
track_1,315,0.45496970415115356,571.8419189453125,396.2130126953125,0.4054493010044098,504.31146240234375,359.57135009765625,0.8991804718971252,488.9989013671875,416.2027587890625,0.2052094042301178
track_0,316,0.5413052439689636,,,0.0,584.019775390625,328.12030029296875,0.9044370651245117,608.9044799804688,283.68182373046875,0.9599393010139465
track_1,316,0.4750138521194458,568.082763671875,393.7405090332031,0.4708622395992279,504.32281494140625,353.2744445800781,0.8969905972480774,488.0283508300781,413.3363952636719,0.2713337540626526
track_0,317,0.5472256541252136,,,0.0,584.428955078125,321.2545471191406,0.8905827403068542,609.34423828125,281.50091552734375,0.9301401376724243
track_1,317,0.5009281039237976,560.6890869140625,388.6192932128906,0.40162745118141174,504.2322692871094,353.02130126953125,0.9170161485671997,484.8094787597656,412.86614990234375,0.3235782980918884
track_0,318,0.55619877576828,,,0.0,584.29150390625,320.92596435546875,0.8861889839172363,608.9087524414062,281.2276611328125,0.9334455728530884
track_1,318,0.5048706531524658,552.697021484375,377.444091796875,0.3924029469490051,496.57928466796875,353.0704345703125,0.8747691512107849,468.1761474609375,317.6639099121094,0.5347511768341064
track_0,319,0.5510925650596619,,,0.0,584.1942138671875,320.8484191894531,0.8828067183494568,608.8828735351562,284.151611328125,0.9285369515419006
track_1,319,0.505419909954071,549.5608520507812,373.27056884765625,0.3317469656467438,496.4505920410156,353.0760498046875,0.8808111548423767,467.8582763671875,317.478515625,0.5338306427001953
track_0,320,0.5301210880279541,,,0.0,584.1256103515625,320.893310546875,0.8894435167312622,608.970947265625,284.40264892578125,0.9310832619667053
track_1,320,0.5043864250183105,544.6814575195312,380.1651916503906,0.3654266893863678,488.7148132324219,359.8800354003906,0.9165582060813904,468.49102783203125,316.3932189941406,0.5021064877510071
track_0,321,0.5195620059967041,,,0.0,584.134765625,320.9632568359375,0.8826416730880737,609.087890625,284.4040832519531,0.928114116191864
track_1,321,0.5007312297821045,544.60595703125,380.48272705078125,0.4250333905220032,488.62188720703125,359.99310302734375,0.901524007320404,465.1938781738281,316.15435791015625,0.4622916877269745
track_0,322,0.5157684087753296,,,0.0,584.2258911132812,320.917236328125,0.8774917721748352,612.2579956054688,281.2423095703125,0.9417001008987427
track_1,322,0.49005910754203796,544.9951171875,380.51507568359375,0.3717849552631378,488.62518310546875,360.4378967285156,0.9023028016090393,468.4501647949219,313.1551208496094,0.424684077501297
track_0,323,0.5090954303741455,,,0.0,584.2803344726562,320.8707275390625,0.872109055519104,612.52783203125,280.8553466796875,0.9506590962409973
track_1,323,0.47590330243110657,545.08251953125,381.05877685546875,0.3461668789386749,488.6667175292969,360.77813720703125,0.8987395763397217,468.80078125,313.2021179199219,0.43142881989479065
track_0,324,0.5047679543495178,,,0.0,584.2772216796875,320.85882568359375,0.8695708513259888,612.6646728515625,280.7867126464844,0.953450083732605
track_1,324,0.4660574495792389,545.0865478515625,384.51318359375,0.3445269465446472,488.6635437011719,360.9603271484375,0.8943222761154175,468.9705505371094,313.1585693359375,0.3721115291118622
track_0,325,0.5003870129585266,,,0.0,584.2783203125,320.8235778808594,0.8675230741500854,612.8267822265625,280.7240905761719,0.9522218704223633
track_1,325,0.46384668350219727,541.6063842773438,388.92877197265625,0.3660905957221985,488.64105224609375,361.0155944824219,0.9000862240791321,469.09234619140625,313.2569580078125,0.4085613191127777
track_0,326,0.49602001905441284,,,0.0,584.2055053710938,320.81927490234375,0.8695032000541687,612.8309326171875,280.66845703125,0.9538673162460327
track_1,326,0.45868322253227234,469.105224609375,311.8978576660156,0.415462851524353,488.31756591796875,367.7370300292969,0.912875771522522,468.23333740234375,424.130615234375,0.20372289419174194
track_0,327,0.49131402373313904,,,0.0,584.1917724609375,320.8301086425781,0.8643235564231873,612.8033447265625,280.5936279296875,0.9520515203475952
track_1,327,0.45562678575515747,471.88232421875,312.0178527832031,0.40627461671829224,488.3030090332031,367.8749694824219,0.9138725996017456,467.7867736816406,424.1700439453125,0.21251505613327026
track_0,328,0.48546302318573,,,0.0,584.1966552734375,320.70086669921875,0.8640161156654358,612.5716552734375,280.02935791015625,0.9321019053459167
track_1,328,0.4516787528991699,548.426025390625,392.3775939941406,0.387444406747818,488.285888671875,367.9541320800781,0.9235753417015076,464.35791015625,424.0638732910156,0.24919787049293518
track_0,329,0.4772123098373413,,,0.0,584.1770629882812,320.4666748046875,0.8728680610656738,612.7057495117188,276.654296875,0.9402634501457214
track_1,329,0.44708558917045593,545.0424194335938,392.3587646484375,0.3744412660598755,488.3188171386719,368.0400085449219,0.9230771660804749,464.3131408691406,424.0154724121094,0.2687939703464508
track_0,330,0.47654294967651367,,,0.0,584.2503662109375,320.341552734375,0.8741582632064819,612.88818359375,276.53521728515625,0.9427867531776428
track_1,330,0.4455290734767914,544.821533203125,392.60614013671875,0.3818507492542267,488.32122802734375,368.13323974609375,0.9260002970695496,464.3791198730469,423.95458984375,0.27718067169189453
track_0,331,0.47491782903671265,,,0.0,584.2459716796875,320.421630859375,0.8759027719497681,612.9107666015625,276.6407165527344,0.9444619417190552
track_1,331,0.44331052899360657,548.3887939453125,392.6724853515625,0.3959176242351532,488.34967041015625,368.1884460449219,0.9193456172943115,464.3432312011719,423.93896484375,0.2894703447818756
track_0,332,0.4700896143913269,,,0.0,584.2273559570312,320.6292419433594,0.8740496635437012,612.9491577148438,276.87841796875,0.9388017654418945
track_1,332,0.4406317174434662,544.982421875,396.7925109863281,0.45748499035835266,488.36688232421875,368.2191162109375,0.9061465263366699,464.3399658203125,423.995849609375,0.2726307213306427
track_0,333,0.4661543369293213,,,0.0,584.21728515625,320.78924560546875,0.8718940615653992,612.9220581054688,277.1162414550781,0.9338042140007019
track_1,333,0.4386478364467621,544.8048095703125,396.72857666015625,0.4413738250732422,488.333740234375,368.23870849609375,0.8924919962882996,464.1913146972656,423.92596435546875,0.29500922560691833
track_0,334,0.46396565437316895,508.93341064453125,410.1173400878906,0.24654442071914673,584.258056640625,320.99658203125,0.8674815893173218,616.057373046875,280.64190673828125,0.9389356970787048
track_1,334,0.4398420453071594,541.0006713867188,396.6647644042969,0.4150918126106262,488.29608154296875,368.2898864746094,0.8903750777244568,464.1318359375,420.87628173828125,0.32964983582496643
track_0,335,0.4519810378551483,505.36529541015625,412.59478759765625,0.29484257102012634,584.2799682617188,321.30908203125,0.8576322197914124,616.221435546875,281.5447998046875,0.9459593296051025
track_1,335,0.4405617117881775,544.703369140625,393.4525146484375,0.4308643043041229,488.2224426269531,368.4311218261719,0.900823175907135,460.4844665527344,420.7010192871094,0.3890015184879303
track_0,336,0.44554463028907776,505.03704833984375,415.3049011230469,0.30099862813949585,583.5323486328125,327.8729553222656,0.8639022707939148,612.4764404296875,283.96673583984375,0.9449238777160645
track_1,336,0.4315982758998871,544.673095703125,396.643798828125,0.4988856315612793,488.2412109375,368.56396484375,0.8855524063110352,459.9959411621094,420.6187744140625,0.4251999855041504
track_0,337,0.435825377702713,504.7001953125,417.21063232421875,0.4916723370552063,576.3668212890625,328.99786376953125,0.8882817625999451,612.4390869140625,285.25634765625,0.9292064905166626
track_1,337,0.42761775851249695,540.6243896484375,403.6236572265625,0.5772759914398193,480.3290100097656,375.57757568359375,0.9092352390289307,452.8973083496094,427.074462890625,0.2559528350830078
track_0,338,0.42895448207855225,504.3369140625,423.1474609375,0.3979175090789795,575.7110595703125,335.9045104980469,0.8747145533561707,608.55615234375,287.90008544921875,0.9451252222061157
track_1,338,0.4169961214065552,544.1507568359375,404.52874755859375,0.5429806113243103,480.33587646484375,376.1077575683594,0.9066229462623596,451.9202880859375,420.7773132324219,0.32713428139686584
track_0,339,0.4304002523422241,503.93084716796875,425.29595947265625,0.42966997623443604,575.7709350585938,336.3651123046875,0.8703612685203552,608.3269653320312,288.81085205078125,0.9527186155319214
track_1,339,0.41331905126571655,540.4713134765625,408.6129150390625,0.5479492545127869,480.3586730957031,376.68731689453125,0.9146199822425842,440.79681396484375,417.48870849609375,0.4737803637981415
track_0,340,0.4298674166202545,507.6723327636719,348.51287841796875,0.38820651173591614,575.8544311523438,336.8331298828125,0.8593966960906982,608.069580078125,292.82318115234375,0.9599909782409668
track_1,340,0.41644176840782166,532.8006591796875,416.48858642578125,0.5934049487113953,472.57611083984375,384.069091796875,0.9543195366859436,,,0.0
track_0,341,0.443724125623703,504.4466552734375,352.28662109375,0.4735170602798462,568.1143188476562,344.435791015625,0.8866246938705444,604.69677734375,296.53643798828125,0.9039902687072754
track_1,341,0.42419877648353577,532.4669799804688,416.91546630859375,0.516804575920105,472.58673095703125,384.22918701171875,0.9750325679779053,429.0950927734375,413.42572021484375,0.24555788934230804
track_0,342,0.45337149500846863,504.1308288574219,352.998291015625,0.4763261675834656,567.9344482421875,344.7738037109375,0.8917456865310669,603.834716796875,300.7788391113281,0.8711777925491333
track_1,342,0.4227887988090515,529.086181640625,416.8702697753906,0.46805816888809204,472.4880065917969,384.34002685546875,0.9621641039848328,424.36627197265625,412.8179626464844,0.4541438817977905
track_0,343,0.46246984601020813,460.3606872558594,324.7182312011719,0.43338340520858765,559.6478271484375,351.9081726074219,0.8972893953323364,596.430908203125,304.3793029785156,0.867640495300293
track_1,343,0.4247909486293793,532.2760009765625,416.73419189453125,0.40694156289100647,472.4339904785156,384.3106384277344,0.953864336013794,420.6405029296875,412.2493896484375,0.48908114433288574
track_0,344,0.47605693340301514,456.4938659667969,325.2665100097656,0.5971314311027527,548.9383544921875,352.76318359375,0.9133670926094055,592.9385986328125,309.10357666015625,0.7985407710075378
track_1,344,0.4246100187301636,529.18603515625,416.2602233886719,0.3745979964733124,472.45611572265625,384.21575927734375,0.949813187122345,416.5147705078125,412.2432861328125,0.5873699188232422
track_0,345,0.48975270986557007,448.1120300292969,332.28521728515625,0.4683283865451813,540.6060180664062,360.0603332519531,0.9231784343719482,588.9081420898438,316.1539611816406,0.6300646066665649
track_1,345,0.42843836545944214,528.7569580078125,412.1029052734375,0.3234119713306427,472.4921875,384.19903564453125,0.9361956119537354,415.9691467285156,412.79302978515625,0.5400131344795227
track_0,346,0.5034661293029785,448.4137268066406,332.679931640625,0.5355507135391235,540.728515625,360.5152587890625,0.916114091873169,591.9380493164062,324.57684326171875,0.6814951300621033
track_1,346,0.4262833893299103,528.6351318359375,405.093505859375,0.3172202706336975,472.352294921875,384.33709716796875,0.9290539622306824,413.1158447265625,413.1185302734375,0.459394633769989
track_0,347,0.48630812764167786,,,0.0,532.7992553710938,368.1418762207031,0.9184997081756592,445.0922546386719,332.6467590332031,0.45208635926246643
track_1,347,0.42564111948013306,520.5089721679688,419.62640380859375,0.2895709276199341,464.3806457519531,391.6455993652344,0.9382011294364929,476.85589599609375,307.47198486328125,0.42286866903305054
track_0,348,0.47101613879203796,443.96441650390625,340.6580810546875,0.4723386764526367,540.6822509765625,368.59722900390625,0.8978139758110046,572.59228515625,325.519775390625,0.5561925172805786
track_1,348,0.4287724792957306,517.4251708984375,427.76617431640625,0.4684789776802063,464.2756042480469,391.8603820800781,0.9258822798728943,476.450927734375,307.79443359375,0.47282975912094116
track_0,349,0.461961030960083,,,0.0,532.72412109375,376.0662841796875,0.9116441607475281,572.685791015625,329.16656494140625,0.4848088324069977
track_1,349,0.4410632848739624,512.4439697265625,428.33441162109375,0.7088276147842407,456.6736755371094,392.1114501953125,0.9291654825210571,476.9503173828125,308.0841369628906,0.507319986820221
track_0,350,0.46191585063934326,,,0.0,532.758544921875,376.4007568359375,0.9113504886627197,573.130859375,333.24005126953125,0.5146299600601196
track_1,350,0.44593173265457153,512.2431640625,428.80126953125,0.7777524590492249,456.59954833984375,392.1710205078125,0.9070020914077759,476.7828674316406,308.2351989746094,0.5269133448600769
track_0,351,0.4648898243904114,,,0.0,532.7455444335938,376.5907897949219,0.9095079898834229,572.5650634765625,333.5933837890625,0.4718160927295685
track_1,351,0.4453822374343872,509.2718505859375,432.4670104980469,0.831460177898407,456.71563720703125,392.188720703125,0.8817387819290161,476.644287109375,308.1912841796875,0.5277026295661926
track_0,352,0.467899352312088,459.7010803222656,444.74566650390625,0.2362184226512909,532.7064819335938,376.62591552734375,0.9091349840164185,572.547607421875,333.7003479003906,0.5190942287445068
track_1,352,0.43761804699897766,517.134033203125,428.86639404296875,0.738116979598999,464.6175537109375,392.034912109375,0.9003546237945557,472.5931396484375,308.0314025878906,0.5321380496025085
track_0,353,0.4712831974029541,456.6105041503906,449.610595703125,0.5122362375259399,532.6732788085938,376.62591552734375,0.9021534323692322,572.4210205078125,333.6793518066406,0.5307908654212952
track_1,353,0.4411250352859497,528.5403442382812,424.2152099609375,0.3698117434978485,472.4979248046875,392.0488586425781,0.9079275131225586,471.8973083496094,308.2899169921875,0.514582097530365
track_0,354,0.4774313271045685,,,0.0,532.6629638671875,376.6884460449219,0.8976631164550781,443.9910583496094,453.3511962890625,0.7435435652732849
track_1,354,0.45888057351112366,520.3521728515625,424.79608154296875,0.41902729868888855,464.5830078125,392.5950927734375,0.9115123748779297,472.52545166015625,308.5563659667969,0.5214289426803589
track_0,355,0.48580145835876465,,,0.0,524.86865234375,377.29534912109375,0.896867573261261,588.48193359375,357.4676818847656,0.5817939043045044
track_1,355,0.4720776677131653,,,0.0,456.64385986328125,399.78253173828125,0.9075185060501099,476.92913818359375,311.5543518066406,0.5862306952476501
track_0,356,0.5033556222915649,,,0.0,520.051513671875,384.4618225097656,0.9152365326881409,416.7060241699219,456.136474609375,0.5716352462768555
track_1,356,0.4835851192474365,,,0.0,456.6289978027344,400.40875244140625,0.929543137550354,476.86163330078125,309.41973876953125,0.5566032528877258
track_0,357,0.5233950614929199,464.6138916015625,317.68505859375,0.29226410388946533,512.2029418945312,385.2115783691406,0.9465449452400208,576.6148071289062,376.7816162109375,0.552885115146637
track_1,357,0.49908989667892456,,,0.0,464.4653625488281,400.5697937011719,0.9671370983123779,472.71234130859375,311.924072265625,0.5412876605987549
track_0,358,0.5411726832389832,444.44287109375,325.05230712890625,0.6167799234390259,496.27886962890625,392.782470703125,0.9342143535614014,560.9354248046875,385.2158203125,0.6506062746047974
track_1,359,0.550510823726654,432.38043212890625,329.238037109375,0.36509883403778076,480.2975158691406,400.57012939453125,0.9223678708076477,464.47369384765625,312.74798583984375,0.5349098443984985
track_1,360,0.5682541131973267,397.3047790527344,476.84967041015625,0.3978310823440552,456.2903747558594,408.6766357421875,0.8791977763175964,368.6278076171875,484.8955078125,0.8540706634521484
track_1,361,0.5570060610771179,476.54571533203125,316.7680969238281,0.7078732252120972,448.1339416503906,416.3662414550781,0.8647317886352539,364.7318420410156,487.6361083984375,0.42785826325416565
track_1,362,0.5348894000053406,480.2882080078125,317.0210266113281,0.7018970251083374,440.4956970214844,417.06005859375,0.9267650246620178,477.4202880859375,469.79229736328125,0.3097064793109894
track_1,363,0.5172826051712036,484.6219482421875,320.5393981933594,0.8077057003974915,432.7166442871094,425.08868408203125,0.8759543299674988,361.68798828125,485.14093017578125,0.30472248792648315
track_0,364,0.498619019985199,316.1644287109375,397.3374938964844,0.6907845735549927,397.0422058105469,441.085693359375,0.9488700032234192,,,0.0
track_1,364,0.46556663513183594,483.9501037597656,316.5702819824219,0.7046692967414856,448.06805419921875,416.33099365234375,0.8398223519325256,,,0.0
track_0,365,0.5304358005523682,320.2513732910156,376.8548278808594,0.7268953323364258,376.1798400878906,440.8137512207031,1.0220038890838623,440.78314208984375,493.35955810546875,0.4017757773399353
track_1,365,0.45943644642829895,485.92022705078125,476.5178527832031,0.47984886169433594,465.35736083984375,393.0485534667969,0.7208847999572754,476.5440673828125,312.866455078125,0.5281583666801453
track_0,366,0.5562282204627991,328.9007263183594,360.0575256347656,0.634026825428009,365.11370849609375,440.03253173828125,0.998486340045929,,,0.0
track_1,366,0.5047820806503296,484.6750183105469,476.0575866699219,0.5875036716461182,473.41021728515625,384.7257385253906,0.715775728225708,476.88641357421875,315.81976318359375,0.6994668245315552
track_0,367,0.5872079730033875,353.14239501953125,344.1612243652344,0.93782639503479,357.26922607421875,432.26409912109375,0.9947941899299622,408.88861083984375,488.9382629394531,0.5648576617240906
track_1,367,0.5763586163520813,484.26080322265625,472.7845764160156,0.5325348377227783,480.25653076171875,376.514404296875,0.8386611342430115,480.3544921875,316.7852783203125,0.8252306580543518
track_0,368,0.6033401489257812,368.9855651855469,332.8980712890625,1.0541398525238037,352.78961181640625,417.35693359375,0.9672768712043762,392.7357177734375,489.299072265625,0.7945042252540588
track_1,368,0.6356467604637146,492.39678955078125,436.31060791015625,0.2917743921279907,480.9145202636719,368.7940673828125,0.8451237082481384,484.7750244140625,317.21612548828125,0.8322231769561768
track_0,369,0.6003001928329468,377.5162353515625,325.123291015625,0.2854281961917877,352.49847412109375,408.85589599609375,0.9627421498298645,372.85089111328125,484.90966796875,0.6690383553504944
track_1,369,0.6650300025939941,493.2598876953125,433.16094970703125,0.4161253869533539,481.06695556640625,368.09844970703125,0.7936210632324219,484.7967529296875,316.88189697265625,0.815414547920227
track_0,370,0.5562089681625366,372.23248291015625,492.34857177734375,0.5743744373321533,352.24151611328125,400.59881591796875,0.9395525455474854,404.9075927734375,316.321044921875,0.6064873337745667
track_1,370,0.6847588419914246,495.6540222167969,432.53839111328125,0.7170606851577759,480.3283996582031,360.3580322265625,0.8540679216384888,488.54669189453125,317.07177734375,0.8052893280982971
track_0,371,0.4924599230289459,412.4399108886719,440.882568359375,0.28023841977119446,352.3556823730469,392.28680419921875,0.9331957697868347,320.6506042480469,448.1620788574219,0.5137824416160583
track_1,371,0.6906288862228394,492.85272216796875,432.39019775390625,0.9896596074104309,473.19769287109375,352.5060119628906,0.8481786251068115,493.0605773925781,317.31689453125,0.7252258658409119
track_0,372,0.4555366039276123,,,0.0,352.6709289550781,384.01824951171875,0.9518746733665466,324.7095947265625,443.59600830078125,0.7412740588188171
track_1,372,0.6875027418136597,492.40887451171875,432.1166076660156,1.0306826829910278,472.64300537109375,351.9620666503906,0.8730572462081909,492.8263854980469,317.02276611328125,0.6083874702453613
track_0,373,0.45734676718711853,,,0.0,360.6783752441406,368.6956787109375,0.9200916290283203,320.4803161621094,428.39617919921875,0.9647091627120972
track_1,373,0.6769846677780151,492.31805419921875,429.7433166503906,0.9890012145042419,465.1649475097656,344.9361877441406,0.8823931217193604,497.0972900390625,317.5061950683594,0.5247564911842346
track_0,374,0.46636417508125305,,,0.0,368.234619140625,360.16632080078125,0.874160885810852,316.33447265625,412.00274658203125,1.010497808456421
track_1,374,0.6592762470245361,492.24853515625,432.1221923828125,0.9743651747703552,464.8440246582031,344.3153991699219,0.8886449337005615,504.1787109375,320.4786071777344,0.28910306096076965
track_0,375,0.44053858518600464,408.0953369140625,443.800048828125,0.4135277569293976,376.0004577636719,351.5215759277344,0.8467624187469482,316.0602722167969,396.2297668457031,0.9468518495559692
track_1,375,0.6174644827842712,492.67156982421875,429.4169921875,0.8783107399940491,464.47711181640625,337.01800537109375,0.9096553325653076,,,0.0
track_0,376,0.39185959100723267,405.0472412109375,436.7666320800781,0.5718463063240051,392.2555847167969,336.1705017089844,0.8487447500228882,320.6749267578125,380.614501953125,0.8856796026229858
track_1,376,0.5903210043907166,496.224365234375,428.85858154296875,0.8622936010360718,464.4757385253906,336.1025695800781,0.8946560621261597,,,0.0
track_1,377,0.5867373943328857,,,0.0,456.39892578125,320.8577880859375,0.8529282212257385,480.22857666015625,272.98602294921875,0.8002547025680542
track_1,378,0.64341801404953,347.6468505859375,336.96820068359375,0.28293725848197937,455.99334716796875,304.77691650390625,0.9291447997093201,348.708740234375,348.75537109375,0.8471128940582275
track_1,379,0.678641676902771,512.8961791992188,340.699462890625,0.2720992863178253,456.19964599609375,296.16802978515625,0.9295064806938171,357.2677917480469,317.119140625,0.513110876083374
track_0,380,0.600821316242218,,,0.0,464.072021484375,285.3778991699219,0.8398573994636536,384.2230224609375,285.43963623046875,0.5066960453987122
track_0,381,0.41023367643356323,500.6956787109375,372.4313659667969,0.20928262174129486,472.842529296875,280.7231140136719,0.6503809094429016,408.5947265625,280.28424072265625,0.30150872468948364
track_0,382,0.43603137135505676,609.243896484375,292.65521240234375,0.5970726013183594,536.081298828125,255.73565673828125,0.8786326050758362,443.9681396484375,287.7437438964844,0.38075679540634155
track_1,382,0.3211207091808319,507.8695068359375,428.8497314453125,0.8785590529441833,486.9963073730469,376.5037841796875,0.563197135925293,487.43560791015625,319.8902893066406,0.4224468171596527
track_0,383,0.5673832297325134,617.076904296875,301.4438171386719,0.6034634709358215,540.8857421875,248.38461303710938,0.9229283928871155,463.0936584472656,272.6824951171875,0.2949663996696472
track_1,383,0.4015270173549652,512.07568359375,429.2771911621094,0.7574353814125061,487.76531982421875,384.75762939453125,0.5751283168792725,476.4815673828125,320.25830078125,0.3872058391571045
track_0,384,0.6586262583732605,616.9553833007812,317.27056884765625,0.719906747341156,544.3011474609375,247.9280242919922,0.9329299330711365,469.19891357421875,240.00946044921875,0.5077635645866394
track_1,384,0.46425846219062805,516.7449951171875,429.15313720703125,0.8496798276901245,488.4393615722656,380.549560546875,0.6293246150016785,477.29425048828125,316.86865234375,0.6024094223976135
track_0,385,0.648797333240509,604.6327514648438,337.1396789550781,0.6952264904975891,552.798095703125,255.98048400878906,0.9188159704208374,485.57708740234375,236.00286865234375,0.6383360028266907
track_1,385,0.4758662283420563,521.7354736328125,431.6591796875,0.7665101289749146,489.0723876953125,379.7613220214844,0.7494068145751953,477.8628234863281,319.435791015625,0.42401477694511414
track_0,386,0.5917537808418274,584.4854736328125,356.9080505371094,0.8691341876983643,560.899658203125,268.96331787109375,0.8387302160263062,497.2654724121094,232.803466796875,0.6829702258110046
track_1,386,0.4202621877193451,524.4259643554688,429.56060791015625,0.8129770755767822,495.8208923339844,368.90142822265625,0.7926120162010193,476.6270751953125,320.766845703125,0.37945446372032166
track_0,387,0.5399017930030823,568.4728393554688,376.2252197265625,0.9740084409713745,568.358642578125,287.99884033203125,0.8226824402809143,515.6426391601562,236.47779846191406,0.5284125208854675
track_1,387,0.3681100308895111,525.6652221679688,432.6102294921875,0.8041896224021912,496.9864196777344,368.5118408203125,0.77045738697052,477.4402160644531,320.94549560546875,0.3124852180480957
track_0,388,0.521233320236206,567.5484008789062,385.54400634765625,0.24500325322151184,568.3322143554688,296.98223876953125,0.8509387969970703,560.70751953125,396.8858642578125,0.7631319165229797
track_1,388,0.38157525658607483,528.59130859375,432.8587646484375,0.688126802444458,509.0970764160156,360.6922302246094,0.8420908451080322,472.9309387207031,328.0269775390625,0.5119280815124512
track_0,389,0.5240563750267029,,,0.0,561.2896728515625,313.17156982421875,0.8686013221740723,558.0703125,408.78411865234375,0.7576164603233337
track_0,390,0.5241430997848511,,,0.0,561.06005859375,321.19964599609375,0.9332262277603149,557.2599487304688,244.6976776123047,0.7752048373222351
track_0,391,0.5253928303718567,476.4174499511719,325.2051086425781,0.26472920179367065,561.1278076171875,329.1013488769531,0.9447270035743713,568.8831787109375,248.62860107421875,0.9072428941726685
track_0,392,0.5239187479019165,,,0.0,568.786376953125,329.1214904785156,0.9546731114387512,580.6311645507812,252.8237762451172,0.9042481184005737
track_0,393,0.5208675861358643,,,0.0,576.4537353515625,329.10186767578125,0.9500771760940552,584.7626953125,256.5077819824219,0.8515776991844177
track_0,394,0.517176628112793,477.60394287109375,325.53680419921875,0.36762648820877075,577.0862426757812,337.03399658203125,0.9314718842506409,593.5458374023438,260.8178405761719,0.8841056227684021
track_1,394,0.4136545956134796,472.52935791015625,320.15179443359375,0.9071800112724304,520.5736694335938,376.2574462890625,0.8388313055038452,,,0.0
track_0,395,0.5126954913139343,480.0158996582031,328.3328857421875,0.3085964322090149,584.2017211914062,344.3880310058594,0.8867357969284058,600.3345947265625,268.1131591796875,0.8584163784980774
track_1,395,0.39985939860343933,473.12969970703125,317.548828125,0.7195908427238464,512.5586547851562,377.0592041015625,0.8111098408699036,,,0.0
track_0,396,0.5007868409156799,,,0.0,591.5763549804688,344.57391357421875,0.8536275625228882,600.5690307617188,272.7529602050781,0.8038070797920227
track_1,396,0.3926551640033722,473.02325439453125,319.50299072265625,0.8036240339279175,512.7545166015625,383.87298583984375,0.8178443908691406,,,0.0
track_0,397,0.4985863268375397,477.1909484863281,332.66229248046875,0.37564849853515625,581.481201171875,352.855712890625,0.863220751285553,604.9288330078125,277.19915771484375,0.8845587968826294
track_1,397,0.391340970993042,472.46136474609375,320.451171875,0.939396858215332,520.4808349609375,384.4447326660156,0.8520059585571289,,,0.0
track_0,398,0.5027169585227966,476.31201171875,336.1466064453125,0.42936447262763977,580.7647094726562,360.0217590332031,0.871407687664032,604.32373046875,283.76080322265625,0.8739522099494934
track_0,399,0.5107486844062805,476.3680725097656,336.51861572265625,0.42338722944259644,580.906494140625,360.4251708984375,0.8805351257324219,604.0340576171875,288.22076416015625,0.8635215759277344
track_0,400,0.5152289271354675,476.2857360839844,336.7876892089844,0.42632073163986206,580.8463134765625,360.66943359375,0.8818670511245728,604.2774047851562,292.9847106933594,0.9268291592597961
track_0,401,0.5224481225013733,468.9947204589844,344.5702209472656,0.5333007574081421,576.3568725585938,368.66796875,0.9041712284088135,604.245361328125,300.91094970703125,0.8543216586112976
track_0,402,0.5246086716651917,468.8594970703125,344.67926025390625,0.5404300689697266,576.2721557617188,368.81805419921875,0.9200042486190796,600.8036499023438,308.59002685546875,0.893308162689209
track_0,403,0.5215884447097778,460.82427978515625,344.6268615722656,0.3033568263053894,568.4749145507812,376.5814208984375,0.9426432847976685,597.1265869140625,312.546142578125,0.8344771265983582
track_0,404,0.5195396542549133,460.56512451171875,344.709716796875,0.2966853380203247,568.2604370117188,376.7105407714844,0.9511013031005859,596.960693359375,317.245849609375,0.8656278848648071
track_0,405,0.5164482593536377,460.4258728027344,344.7593994140625,0.3124312460422516,568.1441650390625,376.8616943359375,0.9486405253410339,596.9882202148438,321.17974853515625,0.9206799268722534
track_0,406,0.5157870054244995,,,0.0,560.15625,384.3716125488281,0.9302600622177124,596.5941162109375,324.13385009765625,0.8101434111595154
track_0,407,0.5171039700508118,,,0.0,560.078857421875,384.32342529296875,0.9323864579200745,596.1810302734375,324.3755187988281,0.8059906363487244
track_0,408,0.5175985097885132,463.21527099609375,396.54742431640625,0.22114017605781555,552.4816284179688,384.7648010253906,0.9239924550056458,593.6332397460938,325.0679016113281,0.6598172187805176
track_0,409,0.5202146172523499,463.20880126953125,396.5476379394531,0.22957494854927063,552.40380859375,384.66162109375,0.9396854639053345,592.9669189453125,327.9217529296875,0.7172423005104065
track_0,410,0.5213297605514526,463.30291748046875,396.5489501953125,0.25168853998184204,552.3784790039062,384.6630554199219,0.9462659955024719,592.6162109375,328.4053955078125,0.7820233702659607
track_0,411,0.5213887095451355,463.3089904785156,396.63037109375,0.2620862126350403,552.2999267578125,384.8954772949219,0.9570666551589966,593.1224365234375,332.74969482421875,0.8589847087860107
track_0,412,0.5188583135604858,463.4219055175781,396.60028076171875,0.27808114886283875,552.299072265625,385.102294921875,0.9497169852256775,596.1904907226562,336.97015380859375,0.8833562731742859
track_0,413,0.5164160132408142,463.732666015625,392.71783447265625,0.5246760249137878,552.0328369140625,391.98541259765625,0.939781129360199,596.11474609375,339.93048095703125,0.8504433631896973
track_0,414,0.5160002112388611,463.7458190917969,392.77972412109375,0.5125620365142822,552.0663452148438,392.15570068359375,0.9364002346992493,596.3316650390625,340.82464599609375,0.8279378414154053
track_0,415,0.5104985237121582,463.8186950683594,392.99188232421875,0.5161826610565186,552.2115478515625,392.49053955078125,0.919694185256958,596.9154663085938,344.34539794921875,0.8389801979064941
track_0,416,0.5064252614974976,,,0.0,560.0939331054688,392.3123474121094,0.9128437042236328,600.2734985351562,344.3056945800781,0.9343017339706421
track_0,417,0.49450767040252686,472.8087463378906,444.28125,0.5083631873130798,567.9918212890625,392.5210876464844,0.9129445552825928,604.2025146484375,348.2354736328125,0.9672486186027527
track_0,418,0.4938696324825287,468.142333984375,445.79290771484375,0.5249624252319336,568.0894775390625,393.1318359375,0.9003458619117737,604.3280639648438,353.2193298339844,0.9533960223197937
track_1,418,0.4744907021522522,472.1572265625,321.329345703125,0.902594268321991,520.28564453125,400.8390808105469,0.9033745527267456,568.389404296875,469.13226318359375,0.28990888595581055
track_0,419,0.5011959671974182,456.7379455566406,452.42901611328125,0.8884871602058411,560.238525390625,400.53643798828125,0.8802406787872314,596.9338989257812,360.3936462402344,0.9498918652534485
track_1,419,0.4790160059928894,472.1064453125,323.931884765625,0.6763685345649719,512.3573608398438,407.98809814453125,0.9476903676986694,,,0.0
track_0,420,0.49838629364967346,451.89739990234375,448.2911071777344,0.7701382637023926,559.992431640625,408.0452880859375,0.8696696758270264,592.3753051757812,372.0176086425781,0.8069812059402466
track_1,420,0.4988238513469696,473.1129455566406,320.875244140625,0.44695860147476196,504.2901916503906,408.52978515625,0.9007850289344788,432.17779541015625,452.2389831542969,0.3766231834888458
track_1,421,0.5369516611099243,416.32861328125,453.2232666015625,0.469461053609848,503.95489501953125,408.26629638671875,0.9178649187088013,405.1356506347656,460.898681640625,0.40349268913269043
track_1,422,0.5910226106643677,,,0.0,493.1955871582031,401.3533935546875,0.8204489946365356,477.03912353515625,313.39202880859375,0.5386955738067627
track_1,423,0.6032546162605286,,,0.0,485.0022888183594,400.965087890625,0.8421926498413086,477.1415710449219,316.01568603515625,0.7167442440986633
track_1,424,0.5875934362411499,,,0.0,480.4399719238281,393.177978515625,0.9252031445503235,372.8822021484375,401.6020202636719,0.7626713514328003
track_1,425,0.551674485206604,368.38592529296875,368.716552734375,0.48176130652427673,472.1671142578125,392.2005615234375,0.9809853434562683,496.4579162597656,476.9722900390625,0.7058155536651611
track_1,426,0.528715193271637,373.10321044921875,352.9921875,0.4573233425617218,472.4368896484375,377.3246154785156,0.9551240801811218,488.7783203125,316.87591552734375,0.6762669682502747
track_1,427,0.5364186763763428,376.6098327636719,340.7026672363281,0.44884854555130005,464.4322814941406,377.05474853515625,0.8748353719711304,492.58447265625,316.7648620605469,0.5674076080322266
track_1,428,0.5518159866333008,529.6185913085938,413.1221923828125,0.6386166214942932,456.2520751953125,376.90399169921875,0.8352056741714478,375.962158203125,376.354248046875,0.4490603506565094
track_1,429,0.5692871809005737,396.1008605957031,308.9120178222656,0.569041907787323,456.35009765625,369.39642333984375,0.8560959696769714,492.853515625,316.79864501953125,0.5052586793899536
track_1,430,0.5831423997879028,408.50799560546875,300.63702392578125,0.9646132588386536,448.3282775878906,369.0257568359375,0.8855382204055786,537.515380859375,380.24517822265625,0.30407410860061646
track_1,431,0.5748865604400635,424.53765869140625,289.22271728515625,0.9543235301971436,456.17755126953125,361.0491027832031,0.8364629149436951,496.52447509765625,317.6470947265625,0.5888897776603699
track_1,432,0.5724995732307434,443.9349365234375,280.2019958496094,0.8192276358604431,456.1483154296875,360.5992431640625,0.8585132956504822,500.3956298828125,320.4599609375,0.5361348390579224
track_1,433,0.575118899345398,452.71832275390625,276.1640319824219,0.9470715522766113,456.1659851074219,360.2837829589844,0.8458032011985779,412.1045837402344,455.63018798828125,0.5350818634033203
track_1,434,0.5782248973846436,460.6546630859375,273.2041320800781,0.8201029896736145,456.7137756347656,352.76141357421875,0.8308669924736023,392.824951171875,437.07122802734375,0.5807176828384399
track_1,435,0.5813066959381104,524.774658203125,420.2969665527344,0.5766168832778931,456.49688720703125,352.3273010253906,0.8171354532241821,389.100830078125,432.6733703613281,0.7500797510147095
track_1,436,0.5878276824951172,477.166748046875,268.8378601074219,0.7166476845741272,456.6748962402344,344.69586181640625,0.8477349877357483,389.1413879394531,425.12530517578125,0.7436773777008057
track_1,437,0.5932252407073975,487.97344970703125,265.6429138183594,0.728972315788269,464.4009704589844,336.8407897949219,0.8568599820137024,388.5986633300781,412.89678955078125,0.6581488847732544
track_1,438,0.6025955677032471,524.001220703125,416.7870178222656,0.7304825782775879,464.25091552734375,335.9523620605469,0.8712003827095032,388.4269714355469,396.1116943359375,0.4958057701587677
track_1,439,0.5982983708381653,524.6358032226562,416.7760009765625,0.6066110134124756,464.4388427734375,328.3782958984375,0.8737573623657227,388.95599365234375,381.02911376953125,0.5585527420043945
track_1,440,0.5886735320091248,,,0.0,472.3037109375,320.6285705566406,0.9369018077850342,521.024658203125,421.25689697265625,0.7327712178230286
track_1,441,0.5861688256263733,384.4366455078125,336.1009521484375,0.24578601121902466,472.37078857421875,320.0069274902344,0.9779466390609741,521.4837036132812,423.81036376953125,0.7054316401481628
track_1,442,0.5932647585868835,564.9700927734375,321.0357360839844,0.5838084816932678,480.2590026855469,312.2001647949219,0.9762223362922668,520.6182250976562,420.74310302734375,0.5763710737228394
track_1,443,0.5921387672424316,,,0.0,480.5936279296875,311.9683837890625,1.0250717401504517,521.118408203125,420.93353271484375,0.5447753667831421
track_0,444,0.6015648245811462,,,0.0,488.5482482910156,304.6347961425781,1.0445386171340942,412.0923156738281,304.2980041503906,0.2896258234977722
track_0,445,0.6028206944465637,584.4869384765625,360.38946533203125,0.5220826864242554,503.9003601074219,304.2289123535156,0.9492397308349609,428.2863464355469,280.21185302734375,0.35313576459884644
track_0,446,0.5998751521110535,585.7100830078125,369.4687194824219,0.49403977394104004,508.8538513183594,304.2710266113281,0.9137146472930908,444.130126953125,268.5645751953125,0.5448460578918457
track_0,447,0.6006747484207153,585.0454711914062,383.9564208984375,0.5270616412162781,519.8604125976562,311.886474609375,0.9133999347686768,456.683349609375,260.7760009765625,0.5868498682975769
track_0,448,0.5998601317405701,480.42767333984375,252.537109375,0.6679240465164185,528.106201171875,312.74749755859375,0.970658004283905,568.2391357421875,400.78216552734375,0.8398968577384949
track_0,449,0.5944739580154419,492.69696044921875,249.33731079101562,0.31903108954429626,528.5341796875,320.4734191894531,0.9637653231620789,533.6839599609375,424.9178466796875,0.7002382278442383
track_0,450,0.5861731171607971,560.7962036132812,401.83306884765625,0.22711661458015442,536.318603515625,320.8079528808594,0.9741880893707275,556.2763671875,413.23248291015625,0.6147497892379761
track_0,451,0.5868605971336365,469.1300964355469,320.5847473144531,0.27467113733291626,536.412841796875,328.479736328125,0.9405977129936218,548.941650390625,421.500732421875,0.6974853873252869
track_0,452,0.5791847109794617,469.1522521972656,321.603515625,0.28087371587753296,543.82080078125,328.607177734375,0.9168242812156677,548.0075073242188,424.71533203125,0.697913408279419
track_0,453,0.5724803805351257,469.0086975097656,321.34283447265625,0.4255622327327728,536.6808471679688,336.42626953125,0.9209805130958557,528.7261962890625,260.98291015625,0.4841521978378296
track_0,454,0.5664952993392944,468.60650634765625,324.89385986328125,0.4720703065395355,544.0330200195312,336.5243835449219,0.9436631798744202,536.1265258789062,265.0726013183594,0.597167432308197
track_0,455,0.560809314250946,468.9704284667969,325.54937744140625,0.5066694617271423,544.461181640625,337.0714111328125,0.9465513229370117,544.9044189453125,269.6771545410156,0.707834005355835
track_0,456,0.5547659397125244,469.2662048339844,325.3648681640625,0.6545032262802124,544.5283813476562,344.747314453125,0.9426072239875793,553.262451171875,273.03448486328125,0.7535991668701172
track_0,457,0.5440681576728821,472.32763671875,325.3390197753906,0.7564796209335327,544.6776733398438,352.55792236328125,0.9245566129684448,564.9952392578125,280.44378662109375,0.6758955121040344
track_0,458,0.5445539951324463,472.6080627441406,329.37451171875,0.799479067325592,552.3363037109375,352.8841552734375,0.9687906503677368,573.1912841796875,288.8786315917969,0.7586684226989746
track_0,459,0.5416128635406494,471.91949462890625,332.39312744140625,0.7465851902961731,552.2645874023438,360.3512878417969,0.9552128911018372,580.7464599609375,296.41119384765625,0.741722583770752
track_0,460,0.5410557985305786,477.09124755859375,436.6628112792969,0.8428168296813965,552.6423950195312,360.902587890625,0.9447154402732849,585.4381103515625,305.00347900390625,0.739224374294281
track_0,461,0.5310659408569336,471.8589782714844,433.2916259765625,0.7556625604629517,559.9625244140625,360.916259765625,0.9610480666160583,588.5030517578125,309.4594421386719,0.7887510061264038
track_0,462,0.5182340145111084,468.2654724121094,337.05682373046875,0.6904137134552002,552.22216796875,368.9254150390625,0.9415535926818848,588.77001953125,320.51812744140625,0.7420219779014587
track_0,463,0.5083305835723877,472.0169982910156,332.3847961425781,0.45243099331855774,544.1016845703125,376.730224609375,0.8965877294540405,480.2794494628906,453.16131591796875,0.6492243409156799
track_0,464,0.5035029649734497,472.33172607421875,329.6107482910156,0.44314637780189514,544.0858154296875,376.9927978515625,0.8996343016624451,588.3067626953125,329.4302062988281,0.6527383327484131
track_0,465,0.503905713558197,472.37823486328125,329.62164306640625,0.4405263364315033,544.0654296875,377.01385498046875,0.8969013690948486,588.4923095703125,332.4797058105469,0.6489527821540833
track_0,466,0.5041383504867554,472.57391357421875,329.7283935546875,0.38054001331329346,544.1090087890625,377.0454406738281,0.8890256285667419,484.1829528808594,456.991455078125,0.6586984992027283
track_0,467,0.5058256983757019,472.65631103515625,329.6976318359375,0.35758650302886963,544.0943603515625,377.031982421875,0.8843594789505005,588.8744506835938,329.3106689453125,0.6360821723937988
track_0,468,0.5101137757301331,472.867919921875,329.58905029296875,0.2877991497516632,544.104736328125,376.994384765625,0.8793559670448303,589.023681640625,329.1418151855469,0.6192107200622559
track_0,469,0.5167242288589478,473.0316162109375,329.4674377441406,0.2502738833427429,544.1707763671875,377.01019287109375,0.8822506666183472,589.2636108398438,328.86358642578125,0.5647767186164856
track_0,470,0.5213279724121094,473.3343505859375,329.320556640625,0.20604901015758514,544.2293090820312,377.02044677734375,0.8861469626426697,589.2618408203125,328.65142822265625,0.5372188091278076
track_0,471,0.5259237885475159,459.8287658691406,388.142333984375,0.21829578280448914,544.2421875,376.9586486816406,0.8890241980552673,589.1297607421875,325.50994873046875,0.5340269207954407
track_0,472,0.5275271534919739,460.46905517578125,388.4237060546875,0.2843504846096039,544.2864379882812,376.959716796875,0.8853820562362671,589.0836181640625,325.05401611328125,0.530077338218689
track_0,473,0.5318344831466675,460.8774108886719,388.5912170410156,0.33216604590415955,544.3421020507812,376.91015625,0.8871163129806519,589.0267944335938,324.60540771484375,0.5297699570655823
track_0,474,0.5339840054512024,460.8841857910156,388.54217529296875,0.3318769931793213,544.384521484375,376.8501281738281,0.8909194469451904,588.9879760742188,321.3345031738281,0.540370523929596
track_0,475,0.5353083610534668,461.0450744628906,388.52044677734375,0.346590518951416,544.38330078125,376.7810363769531,0.8904463052749634,589.0052490234375,320.8834228515625,0.5475794672966003
track_0,476,0.536361038684845,461.1329650878906,388.4192199707031,0.35707101225852966,544.3795166015625,376.6736755371094,0.886359691619873,588.9044799804688,320.0407409667969,0.5455378293991089
track_0,477,0.5415320992469788,468.01531982421875,337.3916320800781,0.660527765750885,552.3214111328125,369.11981201171875,0.9335991144180298,588.6474609375,316.94659423828125,0.7863699793815613
track_0,478,0.5448065400123596,467.96795654296875,337.3135986328125,0.6599970459938049,552.2755737304688,369.0500793457031,0.9331926107406616,588.1769409179688,316.79779052734375,0.7892045974731445
track_0,479,0.5487022995948792,467.92535400390625,337.2163391113281,0.6604921221733093,552.2352905273438,368.94073486328125,0.9361660480499268,585.1273193359375,313.5721740722656,0.7875126600265503
track_0,480,0.5529210567474365,467.9452819824219,337.07562255859375,0.6766483783721924,552.2384643554688,368.8497009277344,0.9373363256454468,588.1522827148438,316.5318603515625,0.7862668633460999
track_0,481,0.5544782280921936,467.98089599609375,336.9589538574219,0.6926681995391846,552.2682495117188,368.75653076171875,0.941489577293396,588.5559692382812,313.1206970214844,0.8486621379852295
track_0,482,0.555429995059967,467.971923828125,336.90228271484375,0.7006752490997314,552.2640991210938,368.6614074707031,0.9437602162361145,588.6375732421875,312.7440490722656,0.8520029783248901
track_0,483,0.5562926530838013,467.9331970214844,336.8215637207031,0.7056553959846497,552.2260131835938,368.5405578613281,0.9449933767318726,588.68359375,312.38275146484375,0.8446276187896729
track_0,484,0.5560246109962463,467.9618835449219,336.74688720703125,0.7127960324287415,552.2188110351562,368.4915466308594,0.9458131790161133,588.63720703125,312.20263671875,0.8386694192886353
track_0,485,0.5562363266944885,467.95611572265625,336.6683044433594,0.7173408269882202,552.1856689453125,368.4173583984375,0.9484685063362122,588.597900390625,311.9888610839844,0.8309639692306519
track_0,486,0.5557126402854919,467.9525146484375,336.66650390625,0.719372034072876,552.1951293945312,368.40191650390625,0.9474883675575256,588.5388793945312,308.9431457519531,0.8357206583023071
track_0,487,0.5537551641464233,467.97589111328125,336.69219970703125,0.7204552888870239,552.2208862304688,368.432373046875,0.944781482219696,588.5682373046875,308.9557800292969,0.835666835308075
track_0,488,0.551490306854248,467.96881103515625,336.7525329589844,0.7119764089584351,552.2271118164062,368.4870300292969,0.9452428221702576,588.5524291992188,308.999755859375,0.8324294090270996
track_0,489,0.5505186319351196,467.97198486328125,336.8143310546875,0.7102270126342773,552.2349243164062,368.54486083984375,0.9476227164268494,588.5323486328125,312.3137512207031,0.8337610363960266
track_0,490,0.5456566214561462,464.9114074707031,340.8403015136719,0.6842828392982483,552.272216796875,368.7042541503906,0.9454014897346497,588.197265625,312.83807373046875,0.8191176056861877
track_0,491,0.5333806872367859,464.6973876953125,344.7695007324219,0.6758215427398682,552.2991943359375,369.02032470703125,0.9367386698722839,588.14404296875,316.965087890625,0.7809742093086243
track_0,492,0.5160151720046997,472.24530029296875,332.8751220703125,0.38390401005744934,544.3739624023438,376.9729309082031,0.8836900591850281,585.3741455078125,324.66546630859375,0.6016440987586975
track_0,493,0.5046689510345459,453.0133361816406,423.9630432128906,0.4522143602371216,543.8450317382812,384.2071533203125,0.8952013254165649,583.938720703125,332.07940673828125,0.6553711891174316
track_0,494,0.5031259655952454,,,0.0,543.7775268554688,384.579345703125,0.9116008281707764,580.8811645507812,340.3124694824219,0.8652424812316895
track_0,495,0.5005151629447937,,,0.0,543.7556762695312,384.90625,0.923126220703125,580.5648803710938,344.8879089355469,0.9480970501899719
track_0,496,0.5121983885765076,472.0090637207031,324.7507019042969,0.9745264649391174,520.51318359375,392.6658935546875,0.960474967956543,416.8628845214844,420.779052734375,0.6721372604370117
track_0,497,0.5208950042724609,471.85308837890625,324.74102783203125,0.9525871872901917,520.43603515625,392.66387939453125,0.9802723526954651,572.83154296875,361.2716369628906,0.5344812870025635
track_0,498,0.5356342196464539,468.4718933105469,324.8731994628906,0.6213815212249756,512.3193359375,392.9411926269531,0.9691030383110046,580.60888671875,385.01470947265625,0.5750404000282288
track_0,499,0.5551888942718506,399.77642822265625,376.21539306640625,0.2322951853275299,504.1234130859375,392.939208984375,0.9298187494277954,400.7293395996094,436.96612548828125,0.6853269338607788
track_0,500,0.5587044358253479,399.9156494140625,369.2583312988281,0.6693702340126038,488.06903076171875,392.93536376953125,0.8993490934371948,476.834228515625,316.9974365234375,0.709785521030426
track_0,501,0.5520164966583252,392.410400390625,375.7082824707031,0.6268980503082275,480.01104736328125,392.3809814453125,0.8950712084770203,476.9735412597656,316.5364685058594,0.6992017030715942
track_0,502,0.5548557639122009,408.514404296875,333.0743103027344,0.7177855968475342,472.3952941894531,384.79693603515625,0.9097565412521362,548.950927734375,401.3294982910156,0.5974611043930054
track_0,503,0.5644702911376953,412.96954345703125,321.5545654296875,0.8092294335365295,464.55596923828125,377.35260009765625,0.9270094633102417,500.4364318847656,321.8240051269531,0.5000458359718323
track_0,504,0.5798791646957397,420.6405029296875,312.15484619140625,0.8848376870155334,456.4784851074219,376.6689147949219,0.9134470224380493,496.5403747558594,321.2133483886719,0.2628437876701355
track_0,505,0.5847193002700806,427.994873046875,297.1950378417969,0.8915858864784241,456.47265625,368.9839172363281,0.9092418551445007,496.5256042480469,321.61248779296875,0.35150450468063354
track_0,506,0.5842993855476379,443.9783935546875,281.4890441894531,0.6577838063240051,456.4529724121094,361.14013671875,0.9132652282714844,500.6228942871094,450.10809326171875,0.37019801139831543
track_0,507,0.5858219265937805,452.97515869140625,275.7615051269531,0.7924612760543823,456.2784729003906,360.18121337890625,0.9310463070869446,404.7994384765625,432.27410888671875,0.8204140067100525
track_0,508,0.6026651859283447,468.65521240234375,268.651123046875,0.5702913403511047,456.34417724609375,344.9589538574219,0.8891279697418213,404.9699401855469,432.78741455078125,0.6294869780540466
track_0,509,0.6192956566810608,517.110107421875,376.8216247558594,0.3462966978549957,456.3365478515625,336.7255554199219,0.873529314994812,388.7131042480469,401.13018798828125,0.5213143229484558
track_1,510,0.6204261183738708,520.270751953125,372.4840087890625,0.40977784991264343,456.4243469238281,328.392578125,0.853216826915741,384.6575622558594,384.36962890625,0.5764070153236389
track_1,511,0.61867356300354,520.4410400390625,368.3557434082031,0.28402483463287354,460.7552795410156,320.1365966796875,0.8194614052772522,384.1401672363281,360.2311096191406,0.534877598285675
track_1,512,0.638012170791626,520.6210327148438,364.24169921875,0.32052353024482727,460.8110656738281,312.1339416503906,0.8376763463020325,380.5858154296875,332.53594970703125,0.4869852364063263
track_1,513,0.6570572257041931,520.94580078125,356.656494140625,0.36285895109176636,464.20928955078125,304.0960388183594,0.8805845975875854,388.6195373535156,332.9512023925781,0.39420706033706665
track_1,514,0.6641851663589478,472.0030517578125,388.63482666015625,0.33716556429862976,472.0036926269531,296.2958984375,0.9230156540870667,391.9340515136719,317.48089599609375,0.4022681415081024
track_1,515,0.6503937244415283,520.223876953125,360.5146179199219,0.2210550457239151,472.2662353515625,295.8538818359375,0.9006559252738953,396.77032470703125,299.8468017578125,0.4520190358161926
track_1,516,0.5867239236831665,569.3837280273438,328.550048828125,0.23730556666851044,480.34722900390625,288.4657897949219,0.8775296807289124,404.7076721191406,284.9219665527344,0.5167037844657898
track_1,517,0.5341449975967407,568.7593383789062,333.2618713378906,0.357377827167511,495.7801818847656,280.84814453125,0.8522460460662842,419.822265625,253.08126831054688,0.6313543319702148
track_1,518,0.4983367621898651,,,0.0,503.9896240234375,279.9576721191406,0.8613876104354858,424.11578369140625,248.911376953125,0.6637037992477417
track_0,519,0.2753099501132965,534.032470703125,420.2249755859375,0.8937067985534668,485.8962097167969,332.5760192871094,0.5169574022293091,525.9228515625,256.3445129394531,0.3961619436740875
track_1,519,0.47641170024871826,440.5863037109375,245.39366149902344,0.20597770810127258,512.4344482421875,272.6207275390625,0.9399389624595642,568.248291015625,332.9051818847656,0.525123119354248
track_0,520,0.27707087993621826,536.3341674804688,423.7091979980469,0.9231619834899902,491.986328125,352.32220458984375,0.4186171293258667,,,0.0
track_1,520,0.49409034848213196,,,0.0,520.724365234375,271.9691162109375,0.911855936050415,440.2834777832031,244.08148193359375,0.5602246522903442
track_0,521,0.2987007796764374,536.6610717773438,421.2423400878906,0.9237306714057922,492.44659423828125,352.73406982421875,0.5266553163528442,470.8840637207031,325.3246765136719,0.25213202834129333
track_1,521,0.5091693997383118,464.6151123046875,232.11184692382812,0.26696375012397766,528.5033569335938,271.82720947265625,0.8481853604316711,447.9437255859375,236.40606689453125,0.5466734170913696
track_0,522,0.30618661642074585,536.814697265625,421.04443359375,0.9155810475349426,495.9244689941406,352.34259033203125,0.6611737608909607,468.3363037109375,321.66217041015625,0.3597068190574646
track_1,522,0.5181095600128174,473.1690979003906,224.2132568359375,0.2411467283964157,528.8969116210938,272.0064697265625,0.8096987009048462,455.9244384765625,240.1302490234375,0.6420793533325195
track_0,523,0.3071955144405365,536.7025756835938,421.2377014160156,0.9872292876243591,493.3926696777344,344.8046875,0.6634931564331055,568.8889770507812,308.589111328125,0.504970133304596
track_1,523,0.5128128528594971,,,0.0,528.7279663085938,272.1510314941406,0.8239138722419739,464.3152770996094,236.79449462890625,0.5854974985122681
track_0,524,0.32816702127456665,532.5992431640625,420.3406982421875,0.9703658223152161,500.779296875,336.31622314453125,0.7388324737548828,568.492431640625,303.9409484863281,0.6553601622581482
track_1,524,0.5027973651885986,,,0.0,528.6312255859375,272.4293212890625,0.8663637042045593,472.0997619628906,232.62564086914062,0.6895598769187927
track_0,525,0.3471159338951111,532.68798828125,420.37994384765625,0.9795275330543518,500.8211975097656,336.45709228515625,0.7861588001251221,469.0306091308594,317.0960388183594,0.6005676984786987
track_1,525,0.49521729350090027,,,0.0,528.8860473632812,272.4888000488281,0.8754250407218933,477.0530090332031,232.28733825683594,0.7116145491600037
track_0,526,0.35492953658103943,534.1793212890625,421.00543212890625,0.9769189953804016,497.0548400878906,344.48480224609375,0.8350366950035095,469.3303527832031,317.19708251953125,0.5716479420661926
track_1,526,0.49161621928215027,,,0.0,529.2914428710938,272.1234130859375,0.8657722473144531,489.45806884765625,227.71986389160156,0.6266931891441345
track_0,527,0.36185526847839355,532.6947021484375,420.61944580078125,0.9713047742843628,501.18035888671875,336.6985168457031,0.8339369893074036,472.1918029785156,317.0569763183594,0.6774846911430359
track_1,527,0.49690017104148865,,,0.0,536.2957153320312,272.3209228515625,0.895138144493103,499.7933044433594,224.3669891357422,0.60052889585495
track_1,528,0.486682265996933,,,0.0,536.5670166015625,280.0809020996094,0.8112780451774597,500.9095153808594,223.704345703125,0.5673521757125854
track_1,529,0.4784153401851654,,,0.0,536.774658203125,277.15472412109375,0.7420541048049927,553.103759765625,364.68841552734375,0.6525046229362488
track_1,530,0.4757818877696991,,,0.0,536.8475341796875,277.309326171875,0.7396596074104309,553.5338134765625,372.4517822265625,0.6407102942466736
track_1,531,0.4763200581073761,,,0.0,536.7049560546875,288.1897277832031,0.7817090153694153,504.6197204589844,217.0207061767578,0.6384754776954651
track_1,532,0.4686577022075653,,,0.0,536.76513671875,288.36114501953125,0.7988041043281555,508.0958251953125,217.2329559326172,0.6639452576637268
track_1,533,0.464952677488327,,,0.0,536.4987182617188,296.49462890625,0.8563420176506042,508.4780578613281,220.52857971191406,0.829930305480957
track_1,534,0.4737723469734192,,,0.0,536.3109130859375,304.55316162109375,0.889907717704773,516.2813720703125,224.1856689453125,0.8361150622367859
track_1,535,0.4897944927215576,,,0.0,536.5053100585938,304.8006591796875,0.9042602181434631,524.549072265625,228.37002563476562,0.8860024213790894
track_1,536,0.5100687146186829,,,0.0,536.239990234375,312.6036376953125,0.9180718064308167,528.6735229492188,236.093994140625,0.8730478286743164
track_1,537,0.5157928466796875,,,0.0,536.1903076171875,320.47442626953125,0.9190002083778381,540.4143676757812,243.93711853027344,0.8692392110824585
track_1,538,0.5106695890426636,,,0.0,536.8710327148438,321.0867614746094,0.9254845380783081,548.5169677734375,248.68792724609375,0.913674533367157
track_1,539,0.5134994387626648,,,0.0,544.4632568359375,321.0970458984375,0.9077351093292236,552.5863647460938,256.7842712402344,0.9154186844825745
track_1,540,0.5162487626075745,,,0.0,544.4711303710938,328.62744140625,0.9217324256896973,556.4705200195312,260.4381103515625,0.7858995795249939
track_1,541,0.5137714743614197,,,0.0,551.8944702148438,328.62945556640625,0.903283953666687,560.3260498046875,265.021728515625,0.7701963782310486
track_1,542,0.5102500319480896,496.548095703125,432.3575744628906,0.22069479525089264,552.5140380859375,328.98834228515625,0.9222667813301086,565.315673828125,269.230224609375,0.8157323598861694
track_1,543,0.5053232908248901,,,0.0,560.4273071289062,329.1890563964844,0.9764998555183411,573.0750122070312,273.5508117675781,0.9225299954414368
track_1,544,0.5230300426483154,,,0.0,560.0164184570312,336.44232177734375,0.9707257151603699,580.076416015625,280.3922424316406,0.9575583338737488
track_1,545,0.5426474809646606,,,0.0,559.9326171875,336.63922119140625,0.9777941107749939,580.0422973632812,285.1393737792969,0.8851065039634705
track_1,546,0.5451593995094299,485.02569580078125,425.2100524902344,0.3455301821231842,552.6644897460938,337.20257568359375,0.9581858515739441,580.7786254882812,288.7578125,0.8777385354042053
track_0,547,0.519642174243927,449.0293273925781,336.4981994628906,0.6104484796524048,520.5858764648438,352.7936096191406,0.8976874351501465,608.94677734375,329.06549072265625,0.4717871844768524
track_1,547,0.5276594161987305,,,0.0,552.5076293945312,336.98052978515625,0.9642186760902405,580.6056518554688,288.80780029296875,0.9078846573829651
track_0,548,0.527336061000824,448.2428894042969,333.30072021484375,0.49607160687446594,512.53271484375,353.2361145019531,0.9207368493080139,472.4566650390625,421.16021728515625,0.4778560698032379
track_1,548,0.5224730372428894,,,0.0,552.4385986328125,336.80419921875,0.9766234159469604,580.455078125,289.2005310058594,0.9367491602897644
track_0,549,0.5317422747612,608.8355712890625,320.8803405761719,0.20743238925933838,496.49066162109375,360.0877990722656,0.925531268119812,472.28961181640625,420.5500793457031,0.44519665837287903
track_1,549,0.5212313532829285,,,0.0,552.4846801757812,336.65814208984375,0.9971877932548523,580.302001953125,292.29742431640625,0.9676396250724792
track_0,550,0.5362933278083801,,,0.0,496.28704833984375,360.25396728515625,0.9433585405349731,471.63214111328125,420.98431396484375,0.34962600469589233
track_1,550,0.5060653686523438,,,0.0,552.558349609375,336.6187438964844,0.9984361529350281,577.231689453125,292.673828125,0.9593412280082703
track_0,551,0.5258563160896301,,,0.0,496.1980895996094,360.5794677734375,0.9493884444236755,471.6892395019531,421.53955078125,0.3947882354259491
track_1,551,0.49039965867996216,,,0.0,552.6051635742188,336.6970520019531,0.9886698126792908,577.16845703125,293.086181640625,0.952645480632782
track_0,552,0.5138111710548401,,,0.0,496.2508850097656,360.6905822753906,0.9415302276611328,471.99603271484375,421.6963806152344,0.3756732642650604
track_1,552,0.49011558294296265,,,0.0,552.5097045898438,336.74517822265625,0.9775729179382324,577.1793823242188,296.2955627441406,0.9408706426620483
track_0,553,0.4981728494167328,,,0.0,488.4551696777344,367.93096923828125,0.929498016834259,468.67095947265625,320.2939758300781,0.21157312393188477
track_1,553,0.4799351692199707,,,0.0,552.4705200195312,336.7486572265625,0.9638078212738037,580.2697143554688,296.3534851074219,0.9683293104171753
track_0,554,0.48365646600723267,600.0904541015625,328.11322021484375,0.23344986140727997,488.58056640625,368.239990234375,0.9384394288063049,464.6547546386719,424.30084228515625,0.23838430643081665
track_1,554,0.46548014879226685,,,0.0,552.3211059570312,336.6896667480469,0.9604513049125671,580.1342163085938,296.1203918457031,0.9650080800056458
track_0,555,0.4657510221004486,598.201416015625,328.41363525390625,0.2725507616996765,488.72821044921875,368.3498840332031,0.937745988368988,464.8587341308594,428.0286865234375,0.3221663236618042
track_1,555,0.4606257379055023,,,0.0,552.19287109375,336.6555480957031,0.961421549320221,579.8834838867188,293.1609191894531,0.9595969915390015
track_0,556,0.45237496495246887,605.2369384765625,327.86871337890625,0.31199556589126587,496.3663635253906,367.94842529296875,0.9518331289291382,456.78802490234375,424.63134765625,0.39747872948646545
track_1,556,0.4632346034049988,,,0.0,552.2200927734375,336.893310546875,0.9634397625923157,579.9298706054688,293.4326171875,0.9557569026947021
track_0,557,0.43493854999542236,444.499267578125,328.3690490722656,0.5086503624916077,504.3941955566406,368.0189208984375,0.9258374571800232,448.5179443359375,424.23150634765625,0.5173957347869873
track_1,557,0.45912158489227295,,,0.0,544.3297729492188,344.55084228515625,0.9470346570014954,580.1410522460938,296.37799072265625,0.9616498351097107
track_1,558,0.46198952198028564,457.0719909667969,331.994140625,0.3982900381088257,551.938720703125,344.0052185058594,0.9307548999786377,580.239990234375,296.10784912109375,1.0035306215286255
track_1,559,0.46585842967033386,457.3521423339844,332.3753967285156,0.4083804488182068,552.0669555664062,344.2774963378906,0.9293012619018555,580.8828735351562,296.2757873535156,1.0024328231811523
track_1,560,0.4694799482822418,459.9551086425781,332.56536865234375,0.3485700786113739,552.0554809570312,344.474853515625,0.9196321964263916,580.8443603515625,296.3913879394531,1.0016010999679565
track_1,561,0.46463075280189514,460.50482177734375,328.8617858886719,0.24378393590450287,551.9119873046875,344.4818420410156,0.9304304718971252,580.6399536132812,296.3212890625,1.010388970375061
track_0,562,0.45922765135765076,,,0.0,536.3788452148438,352.60162353515625,0.9542533159255981,580.426025390625,297.0556945800781,0.7512139678001404
track_1,562,0.4627437889575958,460.7174987792969,328.4597473144531,0.2411775141954422,551.7467041015625,344.48931884765625,0.9296256899833679,580.2608642578125,296.4038391113281,1.0015511512756348
track_0,563,0.4619264304637909,,,0.0,536.3507080078125,352.6558837890625,0.9545671343803406,577.578125,297.03167724609375,0.779513955116272
track_1,563,0.4624408781528473,460.7942199707031,328.46978759765625,0.2692161202430725,551.6749267578125,344.5569763183594,0.9232678413391113,579.9203491210938,296.5075988769531,0.9947368502616882
track_0,564,0.4683196544647217,,,0.0,536.3983764648438,352.75531005859375,0.9549979567527771,577.4774780273438,297.27276611328125,0.7940009236335754
track_0,565,0.47690942883491516,,,0.0,543.8358154296875,352.02001953125,0.9605786800384521,580.016845703125,299.74798583984375,0.9687808752059937
track_0,566,0.48485425114631653,,,0.0,544.0748901367188,352.4251403808594,0.9637366533279419,580.491455078125,300.6452331542969,0.9825723171234131
track_0,567,0.4858193099498749,,,0.0,544.2561645507812,352.7807922363281,0.9639818072319031,581.0880737304688,301.3797607421875,0.9575901031494141
track_0,568,0.48400744795799255,,,0.0,536.2451782226562,360.56610107421875,0.9354677796363831,581.2208862304688,305.0747375488281,0.6530889868736267
track_1,568,0.48764559626579285,,,0.0,551.701904296875,352.3856201171875,0.9287401437759399,584.03173828125,304.3932800292969,1.0321954488754272
track_0,569,0.4913698136806488,,,0.0,536.2735595703125,360.8311767578125,0.9346016645431519,581.2578735351562,308.2257385253906,0.6808054447174072
track_1,569,0.48859766125679016,,,0.0,551.698486328125,352.598388671875,0.9357780814170837,584.0360107421875,304.8427429199219,1.0333521366119385
track_0,570,0.49916353821754456,,,0.0,536.2769775390625,360.91510009765625,0.9395143985748291,580.7862548828125,308.4552917480469,0.7479562163352966
track_0,571,0.5066308379173279,,,0.0,536.2818603515625,361.0948181152344,0.9396961331367493,580.4386596679688,309.2909851074219,0.7899389266967773
track_0,572,0.515372633934021,,,0.0,528.1232299804688,368.7191467285156,0.8994752764701843,456.29541015625,452.77044677734375,0.4667634665966034
track_0,573,0.522869884967804,,,0.0,528.2246704101562,369.0427551269531,0.9113353490829468,456.30596923828125,453.4710693359375,0.44845473766326904
track_0,574,0.5240322351455688,,,0.0,535.8763427734375,368.9059143066406,0.9423102140426636,576.6586303710938,317.3482971191406,0.8138291835784912
track_0,575,0.5223203897476196,476.5564270019531,320.4920654296875,0.23377075791358948,528.2109375,376.927978515625,0.9205021262168884,460.19610595703125,460.38409423828125,0.47969385981559753
track_0,576,0.5136237144470215,,,0.0,535.9269409179688,376.74786376953125,0.9485327005386353,580.5111083984375,325.12811279296875,0.649603545665741
track_0,577,0.5058914422988892,,,0.0,536.099365234375,376.99102783203125,0.9385051727294922,584.0692138671875,328.5701904296875,0.5449479818344116
track_0,578,0.5005941390991211,,,0.0,543.8097534179688,376.7666320800781,0.9460787773132324,584.6130981445312,328.53961181640625,0.8037916421890259
track_0,579,0.5014887452125549,,,0.0,543.8838500976562,376.8712158203125,0.9563609957695007,584.86962890625,328.7391357421875,0.8041496872901917
track_0,580,0.49771571159362793,,,0.0,543.8618774414062,376.970947265625,0.9548168778419495,588.0118408203125,329.0679016113281,0.7811630368232727
track_0,581,0.49575233459472656,,,0.0,543.8435668945312,377.0465087890625,0.9527819156646729,588.0457763671875,329.38031005859375,0.7704731225967407
track_0,582,0.4951954483985901,,,0.0,535.9473266601562,384.3377685546875,0.9288063049316406,476.35888671875,471.75921630859375,0.44549816846847534
track_0,583,0.49639415740966797,,,0.0,535.96142578125,384.35821533203125,0.930311381816864,476.3887023925781,471.7170104980469,0.44475826621055603
track_0,584,0.4971808195114136,,,0.0,535.9823608398438,384.3912048339844,0.9287551641464233,476.40765380859375,471.68426513671875,0.41195839643478394
track_0,585,0.49691739678382874,,,0.0,535.9779663085938,384.4137268066406,0.9264991283416748,476.3457336425781,471.72869873046875,0.41777169704437256
track_0,586,0.4932291805744171,,,0.0,536.005859375,384.4580078125,0.9271020293235779,476.70416259765625,472.21685791015625,0.4677015542984009
track_0,587,0.49066877365112305,,,0.0,536.0256958007812,384.44927978515625,0.928538978099823,476.7435302734375,472.2166442871094,0.48591887950897217
track_0,588,0.4894855320453644,,,0.0,536.0267333984375,384.45654296875,0.9249162673950195,476.77777099609375,471.96734619140625,0.48339328169822693
track_0,589,0.49079883098602295,,,0.0,536.011962890625,384.431640625,0.9246387481689453,476.8133850097656,471.89190673828125,0.4618683457374573
track_0,590,0.49046236276626587,,,0.0,535.987548828125,384.41064453125,0.9214073419570923,476.8492126464844,471.87457275390625,0.4692375063896179
track_0,591,0.48917245864868164,,,0.0,535.9596557617188,384.3529052734375,0.9177394509315491,476.7467956542969,472.0130920410156,0.4948839247226715
track_0,592,0.48806706070899963,,,0.0,535.9619750976562,384.3515319824219,0.9184784293174744,476.6761474609375,471.99365234375,0.4814215302467346
track_0,593,0.48748505115509033,488.63018798828125,469.7129821777344,0.21508906781673431,543.9451904296875,377.16290283203125,0.946038007736206,589.2176513671875,332.9456787109375,0.6980194449424744
track_0,594,0.4890235364437103,,,0.0,543.9263916015625,377.123046875,0.9471725225448608,589.06494140625,332.835205078125,0.7130264639854431
track_0,595,0.49199509620666504,,,0.0,543.8956298828125,377.0635070800781,0.9470401406288147,588.8958129882812,332.72601318359375,0.7353528738021851
track_0,596,0.4926908612251282,,,0.0,543.89501953125,377.03094482421875,0.9488354921340942,588.7247314453125,332.5445556640625,0.7389522194862366
track_0,597,0.4924156069755554,488.8275451660156,469.9508361816406,0.2232370376586914,543.8795166015625,377.0140380859375,0.9492588043212891,588.844482421875,332.7552490234375,0.7343530058860779
track_0,598,0.490949422121048,488.82025146484375,469.9146728515625,0.2505229413509369,543.8696899414062,377.0467529296875,0.9462701082229614,588.8240356445312,332.8729248046875,0.72751384973526
track_0,599,0.49113988876342773,,,0.0,543.8670043945312,377.0748291015625,0.9442276954650879,588.7494506835938,332.8583984375,0.7325636744499207
track_0,600,0.4909907579421997,,,0.0,543.8654174804688,377.0793762207031,0.9419521689414978,588.8043212890625,332.91412353515625,0.7286267876625061
track_0,601,0.49115103483200073,,,0.0,543.857177734375,377.0690002441406,0.9411700963973999,588.901611328125,333.0044250488281,0.7203001976013184
track_0,602,0.4908697307109833,,,0.0,543.8394775390625,377.07061767578125,0.9413996338844299,588.8466796875,333.1048278808594,0.723455548286438
track_0,603,0.4923505187034607,,,0.0,543.8195190429688,377.0473937988281,0.9411845803260803,588.777099609375,333.1240234375,0.7317588925361633
track_0,604,0.4932031035423279,,,0.0,543.814697265625,377.0528259277344,0.9403231143951416,588.6834716796875,333.1110534667969,0.7539685964584351
track_0,605,0.4949352741241455,,,0.0,543.8024291992188,377.04522705078125,0.9396159052848816,588.6674194335938,333.1180114746094,0.7674153447151184
track_0,606,0.49403664469718933,,,0.0,535.8753662109375,384.2641906738281,0.912728488445282,468.4425964355469,464.507080078125,0.4245568513870239
track_0,607,0.49503201246261597,,,0.0,535.88818359375,384.287109375,0.913553774356842,468.01239013671875,464.336181640625,0.4322940707206726
track_0,608,0.4951755404472351,,,0.0,535.8976440429688,384.30474853515625,0.9152647852897644,464.0106506347656,460.965576171875,0.44841834902763367
track_0,609,0.49611079692840576,,,0.0,535.8939208984375,384.30120849609375,0.9200589656829834,464.572021484375,464.39044189453125,0.40757837891578674
track_0,610,0.49536168575286865,,,0.0,535.8963012695312,384.3192443847656,0.9199790358543396,472.20770263671875,468.135009765625,0.40679436922073364
track_0,611,0.49628016352653503,,,0.0,535.8875732421875,384.3280029296875,0.9198858141899109,468.44757080078125,464.9229736328125,0.4023856818675995
track_0,612,0.4963825047016144,,,0.0,535.9066772460938,384.3551025390625,0.9220698475837708,464.12774658203125,464.46575927734375,0.4166388511657715
track_0,613,0.4975968599319458,,,0.0,535.9107666015625,384.35308837890625,0.923744797706604,460.6554870605469,468.0313720703125,0.4272031784057617
track_0,614,0.49717241525650024,,,0.0,535.9110107421875,384.37841796875,0.925053596496582,464.3066101074219,468.0572204589844,0.4327772259712219
track_0,615,0.4970363676548004,,,0.0,535.9088134765625,384.371826171875,0.9250655174255371,464.67449951171875,464.81439208984375,0.41974693536758423
track_0,616,0.49751296639442444,,,0.0,535.899658203125,384.3768615722656,0.9268393516540527,464.6509704589844,464.83306884765625,0.42513102293014526
track_0,617,0.4988560080528259,,,0.0,535.8927612304688,384.37939453125,0.9290092587471008,464.22332763671875,464.9548034667969,0.41316673159599304
track_0,618,0.4987107515335083,,,0.0,535.9470825195312,384.4365234375,0.9360600709915161,460.7677307128906,468.04156494140625,0.44594383239746094
track_0,619,0.49808046221733093,,,0.0,535.9585571289062,384.4251708984375,0.93753582239151,584.911865234375,336.8829040527344,0.4680159091949463
track_0,620,0.49768373370170593,,,0.0,535.96630859375,384.4518127441406,0.9356550574302673,584.9197387695312,337.0011291503906,0.47079625725746155
track_0,621,0.4982750713825226,,,0.0,535.9551391601562,384.429443359375,0.9362784624099731,584.9300537109375,336.9705505371094,0.4599638283252716
track_0,622,0.49858102202415466,,,0.0,535.8798828125,384.39697265625,0.927933394908905,584.9256591796875,336.8771057128906,0.44114255905151367
track_0,623,0.4979633390903473,,,0.0,535.8153076171875,384.3655090332031,0.927081286907196,585.1277465820312,336.79302978515625,0.37229689955711365
track_0,624,0.49835205078125,477.0522766113281,316.90692138671875,0.476730078458786,528.1050415039062,384.7257080078125,0.9020026922225952,452.68310546875,339.7777099609375,0.3096922039985657
track_0,625,0.49727100133895874,,,0.0,535.8470458984375,384.3091125488281,0.9272807240486145,476.3962707519531,472.12042236328125,0.4724918603897095
track_0,626,0.49561041593551636,,,0.0,535.8798217773438,384.35455322265625,0.927141010761261,476.49102783203125,472.1639709472656,0.46962934732437134
track_0,627,0.4964018166065216,,,0.0,535.910888671875,384.3804016113281,0.9263253808021545,476.5264892578125,471.982666015625,0.42330583930015564
track_0,628,0.49650782346725464,,,0.0,535.8880004882812,384.364013671875,0.9221001267433167,476.3037109375,471.6541442871094,0.4196600914001465
track_0,629,0.49653008580207825,,,0.0,535.88330078125,384.33807373046875,0.9255738854408264,476.3632507324219,471.6644287109375,0.4210216999053955
track_0,630,0.49530187249183655,,,0.0,535.905029296875,384.34149169921875,0.9280540943145752,476.375244140625,471.67071533203125,0.43939754366874695
track_0,631,0.4948357939720154,,,0.0,535.8890991210938,384.313232421875,0.9266819953918457,476.44219970703125,471.6832275390625,0.46158120036125183
track_0,632,0.4955303966999054,,,0.0,535.8787231445312,384.2918701171875,0.9274430871009827,476.3992614746094,471.54754638671875,0.45278510451316833
track_0,633,0.49776342511177063,,,0.0,535.8534545898438,384.2379150390625,0.9266520142555237,476.30340576171875,468.7862548828125,0.44483837485313416
track_0,634,0.49834468960762024,476.9449462890625,316.0701599121094,0.4228679835796356,528.0921630859375,384.5506591796875,0.9051331877708435,460.79119873046875,328.5491027832031,0.31505313515663147
track_0,635,0.49912264943122864,476.93499755859375,315.960693359375,0.43637922406196594,528.07275390625,384.51416015625,0.9058122038841248,436.95880126953125,396.5716552734375,0.3114864230155945
track_0,636,0.4991183876991272,476.9992980957031,315.867919921875,0.4479454755783081,528.0836791992188,384.49041748046875,0.9076240658760071,436.8807678222656,396.4937744140625,0.33896759152412415
track_0,637,0.5007344484329224,477.06500244140625,315.74261474609375,0.46202078461647034,528.0732421875,384.44598388671875,0.906745970249176,437.01922607421875,396.3368225097656,0.36047694087028503
track_0,638,0.4987035393714905,477.163330078125,315.74456787109375,0.46902817487716675,528.0718994140625,384.4541320800781,0.902770459651947,472.33172607421875,464.74896240234375,0.3146430552005768
track_0,639,0.4977220594882965,,,0.0,536.061767578125,377.374267578125,0.9199783205986023,588.287109375,337.81011962890625,0.548224925994873
track_0,640,0.49771302938461304,,,0.0,536.0344848632812,377.305908203125,0.9202053546905518,588.3156127929688,337.80926513671875,0.5404488444328308
track_0,641,0.499630331993103,,,0.0,536.0169677734375,377.1929626464844,0.9204759001731873,588.284912109375,337.7432861328125,0.553261935710907
track_0,642,0.5047504305839539,,,0.0,535.960205078125,377.0279846191406,0.919253945350647,588.2799072265625,340.50738525390625,0.6017958521842957
track_0,643,0.5093620419502258,,,0.0,535.90625,376.87054443359375,0.9184249639511108,588.1077880859375,340.50384521484375,0.6204912066459656
track_0,644,0.5112264156341553,,,0.0,535.8432006835938,376.74456787109375,0.9134749174118042,588.0296630859375,340.663818359375,0.6394956707954407
track_0,645,0.5131438970565796,480.5583190917969,312.5970458984375,0.2505372166633606,528.1810913085938,376.93145751953125,0.9056159853935242,452.8695373535156,448.6878967285156,0.42050015926361084
track_0,646,0.5099500417709351,423.77496337890625,368.86065673828125,0.30553391575813293,535.8135986328125,376.5370178222656,0.9120627045631409,588.4561767578125,341.34918212890625,0.6231231093406677
track_0,647,0.5028287172317505,427.55450439453125,369.0206298828125,0.6833080053329468,535.9012451171875,376.6560974121094,0.916265606880188,588.68505859375,344.370849609375,0.6276903748512268
track_0,648,0.4961952269077301,427.97515869140625,369.2218017578125,0.7363186478614807,535.9755249023438,376.8014221191406,0.9139602184295654,589.0289306640625,344.7283935546875,0.5996522903442383
track_0,649,0.49112755060195923,428.0914001464844,372.4823913574219,0.6834303140640259,535.9392700195312,376.91607666015625,0.9119546413421631,592.3102416992188,345.29779052734375,0.5527739524841309
track_0,650,0.4876687824726105,428.4027404785156,373.399658203125,0.7484936714172363,535.93408203125,377.0649108886719,0.9097403883934021,592.6460571289062,345.73590087890625,0.487910658121109
track_0,651,0.4831714630126953,428.5071105957031,377.45294189453125,0.785031259059906,535.8995361328125,377.1977844238281,0.9002682566642761,596.4835205078125,349.27252197265625,0.43765774369239807
track_0,652,0.4789237082004547,424.7135009765625,380.2921447753906,0.7511624097824097,528.184814453125,384.12188720703125,0.9401957988739014,605.2623291015625,360.52191162109375,0.4392109811306
track_0,653,0.4754486680030823,428.5758361816406,384.0277099609375,0.7646307349205017,532.8082885742188,383.8887939453125,0.9098447561264038,484.22314453125,475.7645263671875,0.4399174749851227
track_0,654,0.47116968035697937,463.804443359375,444.8609619140625,0.3647604286670685,540.8186645507812,377.0614929199219,0.9079920053482056,596.5194091796875,344.8911437988281,0.7474976778030396
track_0,655,0.46991589665412903,433.5035400390625,388.86236572265625,0.20457077026367188,540.8775634765625,377.0225830078125,0.9056506752967834,596.5882568359375,341.7448425292969,0.7180231809616089
track_0,656,0.46730315685272217,,,0.0,540.8640747070312,376.88958740234375,0.9103496074676514,596.8945922851562,341.4066467285156,0.7077239155769348
track_0,657,0.4662988781929016,,,0.0,548.5196533203125,376.35308837890625,0.9277718663215637,596.8145751953125,340.21051025390625,0.8070950508117676
track_0,658,0.4673892855644226,,,0.0,548.6002197265625,376.21441650390625,0.9265772104263306,599.925048828125,339.93389892578125,0.8037252426147461
track_0,659,0.47281989455223083,488.683349609375,464.88592529296875,0.268353134393692,548.6830444335938,376.1858825683594,0.9202842116355896,599.9059448242188,337.04461669921875,0.8189952373504639
track_0,660,0.4805092215538025,492.337890625,468.822265625,0.28379949927330017,544.0643310546875,376.48724365234375,0.90782630443573,600.38037109375,340.2091369628906,0.6287709474563599
track_0,661,0.48262569308280945,496.9670715332031,469.30853271484375,0.34421053528785706,544.0517578125,376.3619689941406,0.9089017510414124,597.145751953125,336.6768493652344,0.6319034099578857
track_0,662,0.4836832582950592,500.7520751953125,468.0543212890625,0.5325541496276855,548.6715698242188,375.8143310546875,0.9171696305274963,599.9625854492188,335.32623291015625,0.7984389066696167
track_0,663,0.48923972249031067,504.75518798828125,464.84332275390625,0.39618420600891113,549.0170288085938,369.1321105957031,0.9200379848480225,600.2014770507812,333.246826171875,0.8760263919830322
track_0,664,0.49732011556625366,516.427734375,467.7022705078125,0.3756839632987976,548.981689453125,368.9020690917969,0.926016092300415,600.01953125,332.9902038574219,0.8785945177078247
track_0,665,0.5001103281974792,516.737060546875,467.66351318359375,0.35825833678245544,549.0052490234375,368.9080505371094,0.923193633556366,596.8197021484375,332.8553161621094,0.8975526094436646
track_0,666,0.5027905702590942,516.7813110351562,467.7008056640625,0.2891298532485962,548.984130859375,368.95050048828125,0.918913722038269,596.6229248046875,332.7342529296875,0.9005632996559143
track_0,667,0.506357729434967,520.7402954101562,472.4773864746094,0.6066545248031616,543.8992309570312,376.0392761230469,0.9347465634346008,596.179931640625,332.56658935546875,0.6451213359832764
track_0,668,0.5086166858673096,524.0960083007812,472.6666259765625,0.6543902158737183,543.9021606445312,376.0708923339844,0.9393765926361084,596.1153564453125,332.4480285644531,0.6386882066726685
track_0,669,0.5101498961448669,524.2428588867188,472.65472412109375,0.5933258533477783,543.9063720703125,376.12152099609375,0.9431089758872986,595.9667358398438,332.5067138671875,0.6528823375701904
track_0,670,0.5101240277290344,524.63916015625,472.85589599609375,0.5108820796012878,543.908203125,376.178955078125,0.946316123008728,593.143310546875,332.667724609375,0.6843023896217346
track_0,671,0.5103613138198853,524.704833984375,472.80853271484375,0.5380218625068665,543.9097290039062,376.2101745605469,0.9465240836143494,593.088623046875,332.7840576171875,0.6995312571525574
track_0,672,0.5075116157531738,524.3492431640625,472.9703063964844,0.2908937335014343,544.0022583007812,376.44219970703125,0.9438183903694153,593.0045776367188,333.2189025878906,0.7230352163314819
track_0,673,0.505927562713623,457.0904235839844,423.9654846191406,0.3317253589630127,544.124267578125,376.6671142578125,0.9460970163345337,592.8753051757812,336.2277526855469,0.7507980465888977
track_0,674,0.505150318145752,456.929931640625,421.1390686035156,0.3680516481399536,544.1633911132812,376.87530517578125,0.9492356181144714,592.8856201171875,336.6315612792969,0.7525920271873474
track_0,675,0.5051249265670776,456.8597106933594,421.0484313964844,0.46164315938949585,544.1473388671875,377.01922607421875,0.9444770216941833,592.9909057617188,337.00677490234375,0.7532892227172852
track_0,676,0.5047417283058167,456.6679992675781,421.09259033203125,0.5772497653961182,544.1663818359375,377.27386474609375,0.9504356980323792,593.003662109375,337.577880859375,0.798089861869812
track_0,677,0.5047159194946289,,,0.0,543.9426879882812,384.14508056640625,0.9391690492630005,592.5618896484375,340.2491149902344,0.7603986859321594
track_0,678,0.5049358606338501,480.8360595703125,316.72418212890625,0.5209545493125916,536.13916015625,384.5931701660156,0.8880966901779175,592.1316528320312,344.613525390625,0.5465525388717651
track_0,679,0.5088823437690735,452.6839294433594,445.39849853515625,0.6619791984558105,536.0343627929688,384.7546691894531,0.8977132439613342,588.900634765625,345.4747619628906,0.7076929807662964
track_0,680,0.5163995623588562,476.5221862792969,316.4562683105469,0.870944619178772,520.3209838867188,392.418701171875,0.9198318719863892,600.6885986328125,380.16973876953125,0.3364906311035156
track_0,681,0.5411697626113892,476.4068908691406,316.7222900390625,0.8719637989997864,520.1136474609375,392.5939636230469,0.9230439066886902,580.4901733398438,364.4219665527344,0.6659579873085022
track_0,682,0.5608667135238647,475.92962646484375,316.65850830078125,0.8006879091262817,512.166748046875,393.0856628417969,0.924502432346344,588.9407958984375,409.72021484375,0.5510612726211548
track_0,683,0.5739927291870117,480.6664733886719,315.55126953125,0.6451260447502136,504.1631164550781,400.05755615234375,0.8845589756965637,564.126953125,376.53021240234375,0.3858564496040344
track_0,684,0.5769559741020203,484.33392333984375,311.89129638671875,0.24763351678848267,496.32696533203125,400.3627014160156,0.8494725823402405,484.819091796875,312.0162658691406,0.3902950584888458
track_0,685,0.5717878341674805,,,0.0,488.4759521484375,400.63385009765625,0.8889508247375488,488.3797607421875,312.4666748046875,0.6191673874855042
track_0,686,0.5690677165985107,423.901611328125,465.3955383300781,0.32701483368873596,480.5606994628906,401.0721740722656,0.8835660815238953,488.387451171875,312.5744934082031,0.7132732272148132
track_0,687,0.5696496963500977,364.22149658203125,385.7362976074219,0.316508948802948,472.6905517578125,401.3183898925781,0.8814275860786438,488.88201904296875,312.59332275390625,0.6765220761299133
track_0,688,0.5706445574760437,364.7026062011719,376.48614501953125,0.4053422808647156,464.474365234375,401.3785705566406,0.8639071583747864,493.1585693359375,312.7053527832031,0.726096510887146
track_0,689,0.5646557211875916,369.0376892089844,373.1541748046875,0.6574952006340027,456.28045654296875,401.25732421875,0.8620405197143555,496.796875,313.3929443359375,0.8273807764053345
track_0,690,0.5558896660804749,380.4856872558594,348.5415344238281,0.3331661522388458,445.037353515625,400.89642333984375,0.8740126490592957,496.6235656738281,315.9269104003906,0.6841728091239929
track_0,691,0.5502820014953613,392.422607421875,328.91796875,0.5162398219108582,448.057373046875,392.9053039550781,0.8557287454605103,493.2078857421875,313.05548095703125,0.5855739712715149
track_0,692,0.5569989681243896,404.0779113769531,316.8062744140625,0.8113247752189636,440.2503967285156,385.1571960449219,0.8807016611099243,472.2540588378906,465.4118347167969,0.44371044635772705
track_0,693,0.5669777989387512,412.1520080566406,304.8858337402344,0.8669828176498413,440.3228759765625,377.399658203125,0.8789534568786621,456.7228088378906,469.27545166015625,0.2447337955236435
track_0,694,0.5697094202041626,420.75860595703125,288.9918212890625,0.925117015838623,432.4294128417969,376.69720458984375,0.9029585719108582,456.50067138671875,452.36419677734375,0.37994253635406494
track_0,695,0.5625696778297424,428.56866455078125,280.19317626953125,0.9414575099945068,432.42254638671875,368.91607666015625,0.9010612368583679,444.73583984375,448.83929443359375,0.3405147194862366
track_0,696,0.5533929467201233,440.2472839355469,268.5556335449219,0.8682757019996643,432.29052734375,360.62164306640625,0.9005404710769653,529.697509765625,368.4526672363281,0.28444981575012207
track_0,697,0.5620983839035034,452.1337585449219,260.35687255859375,0.6137608885765076,432.1495666503906,352.3047790527344,0.9072816371917725,477.1123046875,424.30438232421875,0.48424383997917175
track_0,698,0.5879824161529541,461.20330810546875,256.1415710449219,0.34632620215415955,440.101318359375,336.5693359375,0.9121637344360352,476.3404541015625,424.70220947265625,0.8272528052330017
track_0,699,0.5929222702980042,479.97552490234375,252.87841796875,0.24857871234416962,448.19903564453125,321.03973388671875,0.919161856174469,476.31634521484375,424.44598388671875,0.885217547416687
track_0,700,0.6018502116203308,508.0442199707031,247.5330352783203,0.22273030877113342,448.2905578613281,312.8076171875,0.8311349153518677,473.2763366699219,420.57781982421875,0.7441782355308533
track_0,701,0.609194815158844,524.6417236328125,240.67164611816406,0.20354323089122772,456.08929443359375,304.5924072265625,0.856500506401062,376.37164306640625,336.60992431640625,0.5785747766494751
track_0,702,0.6065804362297058,511.9998779296875,333.2483825683594,0.21815255284309387,456.3052673339844,296.66552734375,0.8719707131385803,388.08038330078125,328.61627197265625,0.3256606459617615
track_0,703,0.5844098925590515,564.8411865234375,248.18865966796875,0.47589248418807983,456.58099365234375,296.07916259765625,0.8322763442993164,392.35174560546875,312.69873046875,0.5122382640838623
track_0,704,0.5466903448104858,572.3203735351562,244.16360473632812,0.6033502221107483,464.41015625,295.7689208984375,0.8261808753013611,400.4845275878906,296.0672912597656,0.37707608938217163
track_0,705,0.47865885496139526,579.85595703125,240.87733459472656,0.6267516016960144,472.19970703125,288.0845642089844,0.7658621072769165,,,0.0
track_0,706,0.35553500056266785,581.2025756835938,237.13919067382812,0.42027461528778076,480.64410400390625,269.24102783203125,0.7216484546661377,560.5556030273438,241.44088745117188,0.4459468424320221
track_1,706,0.3590286374092102,,,0.0,512.1575317382812,252.74176025390625,0.88433837890625,428.881103515625,272.6803283691406,0.259468138217926
track_0,707,0.2655830681324005,477.02264404296875,424.235107421875,0.516787588596344,477.149169921875,340.2617492675781,0.4331982433795929,440.93084716796875,259.96820068359375,0.3171689510345459
track_1,707,0.42499256134033203,,,0.0,536.4555053710938,244.42169189453125,0.8597487211227417,441.0162353515625,276.0345458984375,0.5118685364723206
track_0,708,0.2934296429157257,536.6665649414062,247.65884399414062,0.286582887172699,480.04791259765625,380.04052734375,0.6927918195724487,495.95196533203125,320.77789306640625,0.40469619631767273
track_1,708,0.46752405166625977,456.8448486328125,276.35662841796875,0.3159664571285248,544.4305419921875,244.72030639648438,0.8635497093200684,637.1820678710938,264.3271179199219,0.42736512422561646
track_0,709,0.2978762090206146,480.58514404296875,324.98211669921875,0.2094210684299469,480.13714599609375,380.30206298828125,0.6953328847885132,496.294189453125,321.23748779296875,0.3858434855937958
track_1,709,0.49260663986206055,641.224365234375,277.188720703125,0.28581637144088745,559.9287109375,248.0643310546875,0.8450136184692383,468.6011657714844,272.212890625,0.3905704915523529
track_0,710,0.31239715218544006,508.443603515625,261.05963134765625,0.25511881709098816,480.25775146484375,376.5296630859375,0.7251139283180237,496.421142578125,321.2230224609375,0.3968788981437683
track_1,710,0.5132135152816772,,,0.0,568.082763671875,249.47911071777344,0.8515532612800598,479.97503662109375,274.20965576171875,0.43335044384002686
track_0,711,0.3264465034008026,512.8751831054688,261.29827880859375,0.2851574718952179,480.47845458984375,375.9546203613281,0.7291250228881836,496.48773193359375,320.8716125488281,0.44352611899375916
track_1,711,0.548071026802063,660.600830078125,293.40728759765625,0.205389603972435,573.0059814453125,256.88385009765625,0.8900593519210815,668.08251953125,292.8524169921875,0.30377358198165894
track_0,712,0.3421076536178589,516.3637084960938,261.63385009765625,0.21704234182834625,480.5694580078125,372.7191467285156,0.7358061075210571,496.62225341796875,320.1102600097656,0.51191246509552
track_1,712,0.5857046246528625,,,0.0,576.0747680664062,264.18212890625,0.9499183297157288,496.80633544921875,244.43637084960938,0.4680352210998535
track_0,713,0.36469903588294983,520.46826171875,260.73052978515625,0.20310671627521515,480.67437744140625,372.3994445800781,0.760419487953186,493.2999267578125,316.9066467285156,0.6333548426628113
track_1,713,0.6341961026191711,,,0.0,576.2683715820312,265.1414794921875,0.9809909462928772,500.9599914550781,268.88616943359375,0.4893209636211395
track_0,714,0.38031449913978577,,,0.0,480.9191589355469,368.99981689453125,0.7921966314315796,496.8382873535156,317.0566711425781,0.7240601778030396
track_1,714,0.702587902545929,660.7752075195312,329.0006103515625,0.4386617839336395,584.0422973632812,272.20947265625,0.9596483111381531,507.7438049316406,264.743408203125,0.7579202055931091
track_0,715,0.38864758610725403,,,0.0,481.0836486816406,369.0344543457031,0.7928807735443115,497.0536804199219,316.985107421875,0.7518483400344849
track_1,715,0.7597260475158691,649.0896606445312,345.8153991699219,0.7164875864982605,583.9368896484375,272.85003662109375,0.9619262218475342,516.1768188476562,261.5640869140625,0.4617938697338104
track_0,716,0.3884405791759491,,,0.0,481.14385986328125,368.99493408203125,0.8044745922088623,497.125732421875,317.1149597167969,0.7426601648330688
track_1,716,0.8038876056671143,628.8989868164062,364.279541015625,0.7873759269714355,584.4678955078125,280.0173034667969,0.8977260589599609,528.9276123046875,252.18801879882812,0.43701377511024475
track_0,717,0.3726949095726013,,,0.0,480.587890625,376.02435302734375,0.8435976505279541,496.5757141113281,319.06329345703125,0.642711341381073
track_1,717,0.7815926671028137,605.1908569335938,373.08245849609375,0.8710809350013733,584.7730102539062,280.51239013671875,0.8924980759620667,536.7623901367188,248.628173828125,0.7998420596122742
track_0,718,0.3348148763179779,,,0.0,480.68597412109375,376.12017822265625,0.8060252666473389,496.6234130859375,319.2554016113281,0.45469099283218384
track_1,718,0.7157322764396667,589.142578125,380.8666687011719,0.9345924854278564,585.1068115234375,288.2985534667969,0.8445302248001099,544.8760375976562,248.34544372558594,0.6165308952331543
track_0,719,0.29411599040031433,,,0.0,487.58306884765625,368.53948974609375,0.8160277605056763,495.6393737792969,319.81549072265625,0.6629793047904968
track_1,719,0.6389521956443787,576.1310424804688,392.33740234375,0.9414538741111755,592.0240478515625,296.12396240234375,0.8310552835464478,555.8905639648438,244.5471954345703,0.4444567561149597
track_0,720,0.2728003263473511,552.2890625,400.6829833984375,0.39213553071022034,488.30389404296875,368.4045715332031,0.8044466376304626,492.9537048339844,316.760009765625,0.6790478825569153
track_1,720,0.5972621440887451,556.2450561523438,400.34039306640625,0.8075234889984131,591.8844604492188,304.2501525878906,0.8067212104797363,576.2442016601562,244.461669921875,0.3459690511226654
track_0,721,0.27318280935287476,560.6427612304688,392.32537841796875,0.371271550655365,496.3441162109375,367.96417236328125,0.7541756629943848,495.939208984375,320.1362609863281,0.5457319021224976
track_1,721,0.5569369792938232,548.9239501953125,405.1091613769531,0.606762170791626,584.9691772460938,312.909912109375,0.8568542003631592,609.3975219726562,256.5888366699219,0.4995047152042389
track_1,722,0.5332344770431519,544.2359619140625,400.76385498046875,0.3990861177444458,584.2626342773438,320.8728332519531,0.8626464009284973,608.3702392578125,264.1884765625,0.5823174118995667
track_1,723,0.5187468528747559,485.4373474121094,321.5533447265625,0.7387152910232544,576.8878784179688,329.06072998046875,0.9310182929039001,476.8974304199219,425.6848449707031,0.7831000089645386
track_1,724,0.5131530165672302,484.7672119140625,324.42999267578125,0.7103854417800903,576.3181762695312,336.5315246582031,0.9367659687995911,476.07122802734375,428.2275390625,0.757481575012207
track_1,725,0.5134137272834778,533.2570190429688,416.97900390625,0.7829083204269409,576.4971923828125,337.02911376953125,0.942419707775116,597.1165161132812,273.6148681640625,0.7639071941375732
track_1,726,0.5114498734474182,532.50439453125,420.8663330078125,0.900231659412384,576.4091796875,344.5890808105469,0.9217816591262817,601.251708984375,280.5642395019531,0.8055217862129211
track_1,727,0.5129499435424805,528.87353515625,421.39691162109375,0.6889570355415344,584.1341552734375,344.76556396484375,0.8973480463027954,604.8226318359375,288.45269775390625,0.8398728370666504
track_1,728,0.5146403908729553,484.099609375,332.38446044921875,0.4706844389438629,581.009033203125,352.29852294921875,0.9030007123947144,608.5198974609375,292.531982421875,0.8743667602539062
track_1,729,0.517328679561615,484.197509765625,333.03704833984375,0.44251033663749695,581.3347778320312,353.0193176269531,0.9164760112762451,609.3309326171875,297.09161376953125,0.9822638630867004
track_1,730,0.5142677426338196,481.33782958984375,333.2312927246094,0.40076425671577454,581.2789306640625,353.19122314453125,0.9098116755485535,609.08544921875,300.8937072753906,0.998870313167572
track_1,731,0.5133777856826782,481.08984375,333.1719970703125,0.38698628544807434,581.0764770507812,353.12860107421875,0.8969097137451172,608.4033813476562,301.17767333984375,0.978988528251648
track_1,732,0.5165714025497437,480.9833679199219,333.0703125,0.37615296244621277,580.921630859375,353.03564453125,0.8876633644104004,605.033447265625,301.40283203125,0.951539933681488
track_1,733,0.5193922519683838,476.5489196777344,332.8389587402344,0.4978877902030945,572.942138671875,360.2460021972656,0.8929080963134766,604.59375,304.34722900390625,0.9569641947746277
track_1,734,0.5191360116004944,476.5892639160156,332.590576171875,0.5015978217124939,572.820068359375,360.1790771484375,0.888556718826294,604.379150390625,304.61907958984375,0.9818780422210693
track_1,735,0.5185038447380066,476.6209716796875,332.50628662109375,0.5179221630096436,572.8391723632812,360.167724609375,0.8894120454788208,604.381591796875,304.77703857421875,0.9747624397277832
track_1,736,0.514940083026886,476.4384765625,332.43182373046875,0.5080437064170837,572.6641845703125,360.00689697265625,0.8880123496055603,604.14013671875,307.6121520996094,0.9830094575881958
track_1,737,0.5152534246444702,472.6644592285156,332.4014892578125,0.3944838047027588,565.2417602539062,360.57135009765625,0.9165899753570557,601.4970703125,304.9753723144531,0.9139339923858643
track_1,738,0.5150455236434937,469.05828857421875,331.952392578125,0.28863316774368286,565.1329345703125,360.4005126953125,0.9078097939491272,601.2364501953125,304.748046875,0.9325613975524902
track_1,739,0.5154476165771484,468.5127258300781,328.2982177734375,0.20014768838882446,565.072021484375,360.33367919921875,0.9021758437156677,601.041748046875,304.5177001953125,0.9495444893836975
track_1,740,0.5170925855636597,572.781494140625,455.71343994140625,0.3261772096157074,565.0003051757812,360.33697509765625,0.9006088972091675,600.836669921875,304.23907470703125,0.9579927921295166
track_1,741,0.5217266082763672,580.6156005859375,452.7945251464844,0.4432108998298645,564.9195556640625,360.30206298828125,0.9237624406814575,597.0007934570312,300.5019226074219,0.9560571312904358
track_1,742,0.5277873873710632,588.823486328125,452.39190673828125,0.529189944267273,565.0728759765625,360.368408203125,0.9071782827377319,593.0525512695312,296.99102783203125,0.9439259767532349
track_1,743,0.537132978439331,600.8403930664062,448.75592041015625,0.5724406242370605,568.3190307617188,360.3332214355469,0.9388500452041626,592.4383544921875,296.9145812988281,0.9179405570030212
track_0,744,0.281512975692749,549.4720458984375,401.0721435546875,0.525339663028717,496.514892578125,368.5428466796875,0.8193371891975403,493.1098327636719,320.055419921875,0.7096614241600037
track_1,744,0.5468780994415283,604.3349609375,448.97369384765625,0.5032908320426941,575.7332763671875,360.0956115722656,0.8798227310180664,588.201416015625,300.00494384765625,0.8752235174179077
track_0,745,0.2780013680458069,551.9351196289062,400.7283935546875,0.29039010405540466,489.2312927246094,368.74835205078125,0.8035276532173157,493.42926025390625,317.2655029296875,0.7801464200019836
track_1,745,0.5601539015769958,476.8086242675781,332.6058349609375,0.44244185090065,576.095947265625,360.259521484375,0.919525146484375,587.96923828125,300.2840881347656,0.8409003019332886
track_0,746,0.28501254320144653,552.7947998046875,400.86309814453125,0.27379941940307617,489.1304626464844,368.7239990234375,0.8077865839004517,493.3695068359375,317.2288818359375,0.7862899303436279
track_1,746,0.5707300305366516,616.3119506835938,448.91717529296875,0.44747060537338257,576.2349243164062,360.38446044921875,0.9311226010322571,585.1353149414062,300.451171875,0.842635452747345
track_0,747,0.28885921835899353,553.6981201171875,401.0223388671875,0.2875753343105316,489.057861328125,368.78900146484375,0.8096375465393066,493.3444519042969,317.2389831542969,0.7898706197738647
track_1,747,0.578076183795929,621.1116943359375,448.6975402832031,0.4739200472831726,576.3161010742188,360.4958190917969,0.9467818737030029,585.0152587890625,301.050537109375,0.8573493957519531
track_0,748,0.2903602719306946,555.6024780273438,401.0057678222656,0.27467021346092224,488.9979248046875,368.7904968261719,0.809864342212677,493.3498840332031,317.22552490234375,0.7967765927314758
track_1,748,0.5872593522071838,621.40478515625,449.0549621582031,0.4595293402671814,576.3843383789062,360.578369140625,0.9553253650665283,584.8707885742188,304.57452392578125,0.8608084917068481
track_0,749,0.29405662417411804,555.7190551757812,400.7657470703125,0.2807234823703766,488.9804382324219,368.7801208496094,0.8140515685081482,493.3224182128906,317.2247619628906,0.8022510409355164
track_1,749,0.5930386185646057,621.0023803710938,448.94207763671875,0.5021278262138367,576.404296875,360.59722900390625,0.9551792740821838,584.7557373046875,304.926025390625,0.8416920900344849
track_0,750,0.30143851041793823,553.814697265625,397.5261535644531,0.2693261206150055,489.03448486328125,368.66424560546875,0.8421230912208557,493.2316589355469,317.2215270996094,0.8033868074417114
track_1,750,0.6064683198928833,620.6800537109375,448.3234558105469,0.468146413564682,576.5361328125,360.5408630371094,0.9260302782058716,584.8308715820312,305.282470703125,0.7829366326332092
track_0,751,0.3198064863681793,554.0516967773438,393.150390625,0.20023946464061737,489.0976257324219,368.4628601074219,0.844163715839386,493.2688293457031,317.1410827636719,0.7999008893966675
track_1,751,0.6250336170196533,477.13134765625,332.98486328125,0.41951870918273926,576.6341552734375,360.44439697265625,0.9109005928039551,581.3307495117188,309.0489196777344,0.675531804561615
track_0,752,0.34603992104530334,552.9639892578125,392.9399719238281,0.2295721024274826,489.14739990234375,368.27081298828125,0.853893518447876,493.340576171875,317.0401611328125,0.7909228205680847
track_1,752,0.6248104572296143,480.2369079589844,335.7825622558594,0.2453082799911499,583.7249755859375,367.6385498046875,0.8866206407546997,576.6353149414062,319.9166564941406,0.6094949841499329
track_0,753,0.4239288568496704,,,0.0,488.48291015625,368.3528137207031,0.8080556392669678,493.03936767578125,317.21197509765625,0.838033139705658
track_1,753,0.6155701279640198,480.2814025878906,340.95880126953125,0.321855753660202,584.7138671875,376.51702880859375,0.8505402207374573,617.4951782226562,344.37445068359375,0.48583245277404785
track_0,754,0.6044886708259583,,,0.0,488.1332092285156,368.52777099609375,0.8734187483787537,492.1485595703125,317.31793212890625,0.8449198007583618
track_1,754,0.7347422242164612,624.07763671875,481.17474365234375,0.3787364065647125,600.7059326171875,400.8842468261719,0.901364803314209,584.3426513671875,365.22930908203125,0.6844596266746521
track_0,755,0.7165701389312744,,,0.0,488.247802734375,368.34228515625,0.9140064120292664,492.41375732421875,319.9969482421875,0.8238819241523743
track_1,755,0.7387992143630981,,,0.0,608.649169921875,417.29931640625,0.8912543058395386,584.1053466796875,397.74151611328125,0.5171148180961609
track_0,756,0.7154960036277771,,,0.0,488.11895751953125,360.93896484375,0.8929638266563416,492.560546875,317.5586853027344,0.7213407158851624
track_1,756,0.6609094738960266,628.47900390625,521.8228149414062,0.5885487794876099,616.7130126953125,441.0560607910156,0.935514509677887,585.0618286132812,424.6563720703125,0.4143765866756439
track_0,757,0.6997652053833008,,,0.0,487.92291259765625,360.721435546875,0.8974449634552002,492.3854064941406,317.39068603515625,0.7122284173965454
track_1,757,0.6339418292045593,616.257568359375,541.2901611328125,0.4399348199367523,623.7894897460938,456.31610107421875,0.8975905179977417,591.5211791992188,428.64013671875,0.34883248805999756
track_0,758,0.6917228102684021,,,0.0,481.2934265136719,360.91876220703125,0.8676514625549316,497.30230712890625,317.59991455078125,0.7353927493095398
track_1,758,0.6048126220703125,607.6767578125,564.7236328125,0.828754723072052,623.8372802734375,464.0758056640625,0.8878143429756165,652.1095581054688,425.05841064453125,0.3661760687828064
track_0,759,0.6938537955284119,477.6653747558594,429.75836181640625,0.22029954195022583,481.14642333984375,360.9413757324219,0.8757832050323486,497.3841552734375,317.5841064453125,0.7366396188735962
track_1,759,0.5729373693466187,,,0.0,616.9397583007812,464.79852294921875,0.9237719774246216,657.200927734375,429.741455078125,0.2345951646566391
track_0,760,0.6871666312217712,478.1322021484375,429.6018371582031,0.23673970997333527,481.1954040527344,360.9263916015625,0.8651621341705322,497.3450927734375,317.62493896484375,0.7526054382324219
track_1,760,0.5657898187637329,,,0.0,616.4130859375,472.01873779296875,0.9222410321235657,620.7113647460938,419.97088623046875,0.5316756367683411
track_0,761,0.6856335401535034,480.62738037109375,429.1318359375,0.29323679208755493,481.233154296875,360.93768310546875,0.8616161942481995,497.4849548339844,317.6583251953125,0.7392279505729675
track_1,761,0.5532381534576416,,,0.0,616.3394165039062,472.366943359375,0.9160078763961792,620.2391357421875,420.3719482421875,0.6194062829017639
track_0,762,0.686463475227356,,,0.0,487.70904541015625,360.604248046875,0.8759928345680237,492.359375,317.35931396484375,0.7076122760772705
track_1,762,0.5252842903137207,,,0.0,616.5147094726562,472.66107177734375,0.9159179925918579,617.0321044921875,420.4808349609375,0.6187968254089355
track_0,763,0.6871710419654846,,,0.0,487.73974609375,360.65478515625,0.8681758642196655,492.4407958984375,317.40985107421875,0.7012403607368469
track_1,763,0.4739205539226532,,,0.0,623.8495483398438,472.26312255859375,0.9044671654701233,619.6504516601562,416.54254150390625,0.3033706247806549
track_0,764,0.6873597502708435,,,0.0,480.99932861328125,368.2275390625,0.8551172018051147,497.39306640625,320.017822265625,0.8204689025878906
track_1,764,0.4556907117366791,,,0.0,624.1625366210938,472.094970703125,0.900924026966095,620.2589111328125,415.910888671875,0.40777456760406494
track_0,765,0.6891029477119446,484.2589111328125,429.41241455078125,0.2617771029472351,487.78179931640625,360.71173095703125,0.8706464171409607,492.40509033203125,317.47625732421875,0.7021198868751526
track_1,765,0.4514814615249634,,,0.0,624.2936401367188,472.38604736328125,0.9066166877746582,623.8241577148438,416.6947326660156,0.5720102787017822
track_0,766,0.6845245957374573,,,0.0,481.0033874511719,368.21783447265625,0.858420193195343,497.3721008300781,320.0167541503906,0.8237389922142029
track_1,766,0.4595842659473419,,,0.0,623.8606567382812,472.6219787597656,0.921820878982544,620.5800170898438,420.2251892089844,0.6538141965866089
track_0,767,0.6836464405059814,,,0.0,480.9996337890625,368.2303161621094,0.8571356534957886,497.3798828125,320.0356140136719,0.8285535573959351
track_1,767,0.4825581908226013,,,0.0,616.473388671875,480.4376220703125,0.9143150448799133,624.1070556640625,420.57080078125,0.6962992548942566
track_0,768,0.6845651268959045,485.9532470703125,432.2933349609375,0.20098690688610077,481.0236511230469,368.25628662109375,0.8573600053787231,497.38671875,320.0633850097656,0.8342165350914001
track_1,768,0.4867745339870453,,,0.0,616.5272216796875,480.63812255859375,0.9362022280693054,621.378173828125,420.91558837890625,0.7378374338150024
track_0,769,0.6870913505554199,,,0.0,481.043212890625,368.2755432128906,0.8585010170936584,497.3954162597656,320.0789489746094,0.8368043303489685
track_1,769,0.4841761589050293,,,0.0,616.3187866210938,487.9809265136719,0.9486133456230164,620.005126953125,420.177978515625,0.7579840421676636
track_0,770,0.692173421382904,,,0.0,481.075927734375,368.3195495605469,0.8607066869735718,497.39483642578125,320.1130676269531,0.8398262858390808
track_1,770,0.48766595125198364,,,0.0,616.8320922851562,488.39239501953125,0.957599401473999,617.0399780273438,424.35791015625,0.7655249238014221
track_0,771,0.6991162300109863,,,0.0,481.1055908203125,368.3579406738281,0.865227222442627,497.391845703125,320.13885498046875,0.8419927358627319
track_1,771,0.5003015995025635,,,0.0,616.9342651367188,496.07421875,0.9569767117500305,616.5156860351562,428.0181579589844,0.7513958215713501
track_0,772,0.7033817172050476,,,0.0,481.1370849609375,368.40191650390625,0.8662895560264587,497.3931579589844,320.1941833496094,0.847815752029419
track_1,772,0.5244170427322388,,,0.0,616.9492797851562,496.45001220703125,0.9490073323249817,613.806884765625,436.31378173828125,0.7639064192771912
track_0,773,0.7087287902832031,,,0.0,481.1724853515625,368.44439697265625,0.8669806122779846,497.3953857421875,320.23907470703125,0.851534903049469
track_1,773,0.5359688997268677,,,0.0,616.5734252929688,504.325927734375,0.9453151226043701,612.458984375,444.40283203125,0.6643831133842468
track_0,774,0.7116661071777344,,,0.0,481.191162109375,368.481689453125,0.8721410632133484,497.3804931640625,320.2861633300781,0.855537474155426
track_1,774,0.5374622344970703,,,0.0,616.41162109375,512.3329467773438,0.9281439185142517,608.5909423828125,452.5482177734375,0.46157902479171753
track_0,775,0.7155786752700806,,,0.0,481.20477294921875,368.50396728515625,0.8788084983825684,497.33905029296875,320.30615234375,0.8585891127586365
track_1,775,0.5385580062866211,,,0.0,616.6907958984375,520.458251953125,0.9685879945755005,609.3700561523438,464.00006103515625,0.5176792144775391
track_0,776,0.7199040055274963,,,0.0,481.2568054199219,368.5096435546875,0.882899820804596,497.33099365234375,320.33978271484375,0.8570599555969238
track_1,776,0.5542697906494141,,,0.0,624.2404174804688,528.4962158203125,0.9397165179252625,637.1578979492188,628.6035766601562,0.5201184153556824
track_0,777,0.7224862575531006,,,0.0,487.8350830078125,368.1611022949219,0.9042630791664124,492.1939697265625,319.9819641113281,0.8432540893554688
track_1,777,0.5913444757461548,696.43701171875,592.65673828125,0.21093223989009857,631.931884765625,536.63720703125,0.9536458253860474,643.8291015625,636.6265869140625,0.4648992419242859
track_0,778,0.7220214605331421,486.2592468261719,433.67877197265625,0.20630529522895813,481.2620849609375,368.5095520019531,0.8891431093215942,497.2825927734375,320.3861389160156,0.8641393184661865
track_1,778,0.6284899115562439,701.1273193359375,597.0726318359375,0.24724967777729034,632.4629516601562,544.4520263671875,1.0055193901062012,644.982177734375,640.5680541992188,0.4849196970462799
track_0,779,0.7232844233512878,486.173583984375,433.80401611328125,0.20142510533332825,481.26446533203125,368.50811767578125,0.8930869102478027,497.2645263671875,320.4052734375,0.865828275680542
track_1,779,0.6522313952445984,649.0595092773438,644.11572265625,0.35361769795417786,632.6174926757812,552.1737060546875,1.032644510269165,644.6151733398438,640.6502685546875,0.3676581382751465
track_0,780,0.7244475483894348,,,0.0,487.844482421875,368.17926025390625,0.9082193970680237,492.2345886230469,320.0609130859375,0.8538790941238403
track_1,780,0.6613793969154358,601.4281616210938,496.7958068847656,0.4048117399215698,632.4580078125,559.8053588867188,1.0322325229644775,644.5944213867188,643.913330078125,0.3439573347568512
track_0,781,0.7265095114707947,,,0.0,481.2411804199219,368.560546875,0.8980935215950012,493.42352294921875,320.29595947265625,0.9187660813331604
track_1,781,0.6733003854751587,597.1749877929688,500.9443664550781,0.3417564332485199,632.2340698242188,560.2894897460938,1.042224407196045,641.3177490234375,641.4054565429688,0.4052868187427521
track_0,782,0.7096617221832275,492.6876220703125,316.98016357421875,0.5712874531745911,481.08331298828125,369.03857421875,0.9542198181152344,,,0.0
track_1,782,0.6674980521202087,596.2676391601562,504.076416015625,0.29967039823532104,632.0231323242188,560.5618896484375,1.0279269218444824,640.6159057617188,645.6167602539062,0.39164090156555176
track_0,783,0.6659406423568726,489.0303039550781,317.1544189453125,0.7916877865791321,480.6551513671875,376.8290710449219,0.9636151790618896,,,0.0
track_1,783,0.6615602970123291,596.2738037109375,504.5084228515625,0.25366196036338806,631.99267578125,560.6651000976562,1.0109800100326538,640.4285888671875,649.0184936523438,0.31034818291664124
track_0,784,0.6481310129165649,489.2391357421875,317.45269775390625,0.7109189629554749,480.71136474609375,376.9824523925781,0.9481786489486694,,,0.0
track_1,784,0.6575363874435425,596.69189453125,504.60906982421875,0.21430052816867828,632.0567016601562,560.7462768554688,0.9983457326889038,596.3733520507812,516.5668334960938,0.2872104048728943
track_0,785,0.6576469540596008,489.1043701171875,317.3034362792969,0.7598845958709717,480.71435546875,376.9588623046875,0.9532977938652039,,,0.0
track_1,785,0.6516679525375366,597.6253662109375,507.43963623046875,0.35673633217811584,632.29541015625,567.8421630859375,0.9791930317878723,593.5620727539062,516.3759765625,0.27444228529930115
track_0,786,0.6786309480667114,488.995849609375,317.115478515625,0.7975307106971741,480.71588134765625,376.71868896484375,0.9672063589096069,,,0.0
track_1,786,0.6491928100585938,600.4271850585938,507.9098815917969,0.3322257697582245,629.5115356445312,567.9591064453125,0.9799790382385254,596.8607177734375,516.7979125976562,0.25698089599609375
track_0,787,0.7037748694419861,489.22576904296875,316.99652099609375,0.8203142285346985,480.8691101074219,376.3421325683594,0.9628844857215881,,,0.0
track_1,787,0.6464594006538391,600.2212524414062,508.96923828125,0.4728303551673889,639.6951293945312,568.3526611328125,0.9899970889091492,667.6304321289062,660.08935546875,0.34228605031967163
track_0,788,0.7212334871292114,492.6514892578125,316.65771484375,0.5298515558242798,481.192138671875,368.95281982421875,0.9479460716247559,493.3992004394531,325.1297302246094,0.2712478041648865
track_1,788,0.646011471748352,600.7720947265625,509.4603576660156,0.4256783723831177,639.7233276367188,568.5603637695312,0.9873800873756409,667.8352661132812,660.8012084960938,0.3158172070980072
track_0,789,0.7270065546035767,492.70928955078125,316.3829040527344,0.4217444360256195,481.2313232421875,368.8586120605469,0.9405729174613953,493.8847351074219,324.5437927246094,0.38473203778266907
track_1,789,0.6434714198112488,601.1524658203125,512.2174682617188,0.454536497592926,639.94921875,575.8145141601562,0.9849631190299988,596.8870239257812,523.7486572265625,0.301906943321228
track_0,790,0.722939133644104,492.9183349609375,316.59375,0.47493046522140503,481.2267761230469,369.0022888183594,0.9421671032905579,493.88299560546875,324.8652038574219,0.2910084128379822
track_1,790,0.6491447687149048,604.1891479492188,512.82421875,0.433523029088974,640.0480346679688,575.9031982421875,0.9865655303001404,597.1270751953125,524.3828125,0.2999652028083801
track_0,791,0.717866063117981,492.8285827636719,316.860107421875,0.5635880827903748,481.2098083496094,369.10491943359375,0.948795735836029,,,0.0
track_1,791,0.6541107296943665,605.115234375,515.9699096679688,0.30184799432754517,640.2755126953125,576.0732421875,1.0089843273162842,648.591064453125,652.9932250976562,0.35314497351646423
track_0,792,0.7079663276672363,489.4326477050781,316.9256286621094,0.8594693541526794,480.8835144042969,376.40887451171875,0.965774416923523,,,0.0
track_1,792,0.6626154184341431,604.8260498046875,517.2302856445312,0.40177851915359497,644.7286987304688,576.3651123046875,1.0015250444412231,652.8455810546875,657.0525512695312,0.4647718071937561
track_0,793,0.6999865770339966,489.31158447265625,317.06463623046875,0.8353022336959839,480.83233642578125,376.5653991699219,0.9689478874206543,,,0.0
track_1,793,0.6670501232147217,604.82080078125,517.5421752929688,0.3332071602344513,647.727783203125,576.3362426757812,1.020348072052002,656.792236328125,656.8411865234375,0.5225545763969421
track_0,794,0.6861529350280762,489.2142028808594,317.2439880371094,0.8306841850280762,480.7090148925781,376.8244934082031,0.9725897908210754,,,0.0
track_1,794,0.6619197130203247,604.064453125,520.089111328125,0.2404584288597107,647.90771484375,576.2008666992188,1.0617561340332031,660.889404296875,656.63916015625,0.5162314176559448
track_0,795,0.6414552330970764,491.97998046875,316.82421875,0.6874411702156067,480.3141784667969,384.34881591796875,0.9673594236373901,480.3682861328125,309.1466369628906,0.23309272527694702
track_1,795,0.6507070064544678,712.0435791015625,601.0911254882812,0.26656657457351685,640.40380859375,568.955078125,1.1123534440994263,660.470703125,652.837646484375,0.5497662425041199
track_0,796,0.5324219465255737,,,0.0,480.4126892089844,384.772705078125,0.8817847371101379,488.8977966308594,316.6295166015625,0.8004940748214722
track_1,796,0.6434850096702576,708.56298828125,600.56005859375,0.3769747018814087,640.281005859375,568.6862182617188,1.0987695455551147,661.2503051757812,649.6790161132812,0.4857204854488373
track_0,797,0.5265763998031616,,,0.0,488.5514831542969,360.0141906738281,0.9129382371902466,492.21319580078125,319.905029296875,0.6773302555084229
track_1,797,0.6244826912879944,709.099853515625,596.86376953125,0.30204272270202637,640.2799072265625,568.59619140625,1.0948541164398193,588.3871459960938,537.285888671875,0.4271005392074585
track_0,798,0.6158414483070374,488.26300048828125,435.8859558105469,0.2120978832244873,488.35675048828125,360.49761962890625,0.9471409916877747,492.2774658203125,320.0855712890625,0.7536597847938538
track_1,798,0.601212203502655,712.6217651367188,597.1423950195312,0.2761531174182892,640.3230590820312,568.4904174804688,1.0693813562393188,585.4126586914062,540.3455810546875,0.4604158103466034
track_0,799,0.668771505355835,,,0.0,488.09613037109375,368.1129150390625,0.9434245824813843,492.2640380859375,320.00860595703125,0.8590332269668579
track_1,799,0.5863774418830872,,,0.0,647.72021484375,568.664794921875,1.0272403955459595,584.9495849609375,540.5007934570312,0.5332213044166565
track_0,800,0.7002063393592834,,,0.0,487.8853759765625,368.44000244140625,0.9257839918136597,492.16510009765625,320.2789611816406,0.8610897064208984
track_1,800,0.560610294342041,,,0.0,647.7694091796875,568.7734985351562,1.0077457427978516,587.51953125,540.969482421875,0.48137181997299194
track_0,801,0.7046870589256287,,,0.0,487.89434814453125,368.64373779296875,0.907444179058075,492.16937255859375,320.469482421875,0.859326183795929
track_1,801,0.5242945551872253,,,0.0,647.918701171875,569.2992553710938,1.0270555019378662,599.6989135742188,616.7476806640625,0.3477075695991516
track_0,802,0.7081097364425659,,,0.0,487.87567138671875,368.6006774902344,0.9047881364822388,492.15447998046875,320.44549560546875,0.860557496547699
track_1,802,0.4934150278568268,752.1446533203125,587.9405517578125,0.2215624898672104,648.2301635742188,576.0581665039062,1.0454163551330566,716.9710083007812,595.6153564453125,0.277768075466156
track_0,803,0.7091236710548401,,,0.0,487.88543701171875,368.638427734375,0.9048495292663574,492.1307373046875,320.4820861816406,0.8610292673110962
track_1,803,0.4651168882846832,759.559814453125,586.0881958007812,0.20868390798568726,655.9407958984375,577.2523193359375,1.0573581457138062,604.2875366210938,622.162841796875,0.38092997670173645
track_0,804,0.7118014097213745,,,0.0,487.91162109375,368.68524169921875,0.905727744102478,492.17059326171875,320.5107421875,0.8592220544815063
track_1,804,0.4598659873008728,,,0.0,664.053466796875,584.4390258789062,1.0708404779434204,608.706298828125,628.714599609375,0.34303364157676697
track_0,805,0.7111959457397461,,,0.0,487.92608642578125,368.70745849609375,0.9060529470443726,492.1883544921875,320.52838134765625,0.8591293096542358
track_1,805,0.47164052724838257,775.8280029296875,587.5267944335938,0.3136849105358124,672.0821533203125,591.5471801757812,1.0537015199661255,607.3482055664062,559.60302734375,0.2918662130832672
track_0,806,0.7120051383972168,,,0.0,487.93511962890625,368.71795654296875,0.9061229228973389,492.19677734375,320.535400390625,0.8589416742324829
track_1,806,0.4903196692466736,780.4905395507812,588.3724365234375,0.5990718007087708,672.2349853515625,592.0113525390625,1.0709154605865479,741.2255859375,604.3809814453125,0.2347189486026764
track_0,807,0.7122107148170471,,,0.0,487.9433288574219,368.73492431640625,0.9059262275695801,492.204833984375,320.5467834472656,0.8586914539337158
track_1,807,0.48637479543685913,788.5057983398438,588.2261352539062,0.5896821022033691,680.0562744140625,592.0750732421875,1.0325069427490234,751.9686279296875,600.2706298828125,0.25872802734375
track_0,808,0.7140988111495972,,,0.0,481.11993408203125,376.35089111328125,0.910980761051178,493.23065185546875,319.9916076660156,0.868621289730072
track_1,808,0.4606671929359436,796.5709228515625,587.5801391601562,0.588724672794342,687.977294921875,591.6246337890625,1.015466332435608,619.82177734375,560.48876953125,0.3422951102256775
track_0,809,0.7147032618522644,,,0.0,481.1290588378906,376.3741149902344,0.9096188545227051,493.2490234375,320.0083312988281,0.8682687282562256
track_1,809,0.45022818446159363,,,0.0,688.2832641601562,591.4407348632812,1.0237574577331543,760.4862060546875,599.3349609375,0.39849740266799927
track_0,810,0.7155615091323853,,,0.0,481.13385009765625,376.39324951171875,0.908939778804779,493.25726318359375,320.0196533203125,0.8681381940841675
track_1,810,0.4728928804397583,813.3601684570312,591.909912109375,0.4596845507621765,704.0346069335938,592.0501708984375,1.0180734395980835,632.3101806640625,560.4431762695312,0.4889351427555084
track_0,811,0.7156047224998474,,,0.0,481.1400146484375,376.4021911621094,0.9087620973587036,493.271240234375,320.02655029296875,0.8680416941642761
track_1,811,0.5010968446731567,,,0.0,704.2483520507812,592.5086669921875,1.0269368886947632,620.2446899414062,617.513916015625,0.5893496870994568
track_0,812,0.7166197299957275,,,0.0,481.140380859375,376.417236328125,0.9086967706680298,493.273193359375,320.03466796875,0.8681567311286926
track_1,812,0.5288936495780945,831.84423828125,592.8694458007812,0.44699668884277344,720.0672607421875,599.482421875,1.0052170753479004,644.3252563476562,568.4847412109375,0.6081339716911316
track_0,813,0.7157531380653381,,,0.0,481.15283203125,376.4194030761719,0.909035861492157,493.2835388183594,320.036376953125,0.8674537539482117
track_1,813,0.5720018148422241,,,0.0,720.2490844726562,600.024169921875,1.009743094444275,640.50439453125,628.1089477539062,0.4633066654205322
track_0,814,0.7144169211387634,,,0.0,481.1625671386719,376.4117431640625,0.9093138575553894,493.2839660644531,320.03338623046875,0.8685078620910645
track_1,814,0.6094721555709839,,,0.0,728.1923217773438,600.6170043945312,1.0121829509735107,652.0087280273438,584.1918334960938,0.44343632459640503
track_0,815,0.7145878672599792,,,0.0,481.16546630859375,376.4111633300781,0.9094488620758057,493.27630615234375,320.0369567871094,0.8709065914154053
track_1,815,0.6470669507980347,,,0.0,736.0833740234375,601.1694946289062,0.9958097338676453,808.2313842773438,609.1863403320312,0.3571963906288147
track_0,816,0.7133592367172241,,,0.0,481.1679382324219,376.39599609375,0.9114142656326294,493.2692565917969,320.0213623046875,0.8705256581306458
track_1,816,0.6475746631622314,859.6998291015625,584.7162475585938,0.41300544142723083,744.0606689453125,607.5689086914062,1.0114489793777466,664.0242309570312,595.398681640625,0.4018957018852234
track_0,817,0.7131811380386353,,,0.0,481.17523193359375,376.3827819824219,0.9126918315887451,493.26910400390625,320.02069091796875,0.8730480670928955
track_1,817,0.6207889318466187,865.0418090820312,579.6558227539062,0.5973728895187378,752.0032348632812,607.8338012695312,1.027802586555481,672.2275390625,596.6668701171875,0.3394958972930908
track_0,818,0.7125608921051025,,,0.0,481.1763916015625,376.385009765625,0.9130298495292664,493.27093505859375,320.0159912109375,0.8713177442550659
track_1,818,0.586346447467804,867.6695556640625,575.63037109375,0.43782028555870056,752.258544921875,607.9381713867188,1.0338847637176514,,,0.0
track_0,819,0.712809145450592,,,0.0,481.1807556152344,376.3838806152344,0.912561297416687,493.2799987792969,320.0227355957031,0.8725375533103943
track_1,819,0.5454999804496765,873.1355590820312,564.3154296875,0.48925551772117615,760.31689453125,607.6238403320312,1.051381230354309,,,0.0
track_0,820,0.7124374508857727,,,0.0,481.188232421875,376.3905334472656,0.912549614906311,493.28424072265625,320.02703857421875,0.8715910911560059
track_1,820,0.4875671863555908,885.0706787109375,553.0076293945312,0.6438029408454895,776.191162109375,600.9873046875,1.04615318775177,,,0.0
track_0,821,0.7130947113037109,,,0.0,481.1923828125,376.39434814453125,0.9127095341682434,493.2861328125,320.0289001464844,0.8714067935943604
track_1,821,0.4309208393096924,892.6090698242188,544.8927001953125,0.5131833553314209,784.2554321289062,599.910400390625,1.0477473735809326,720.7886962890625,636.7002563476562,0.8578817248344421
track_0,822,0.7110327482223511,,,0.0,481.205078125,376.4158020019531,0.9126212000846863,493.3111877441406,320.02984619140625,0.8658600449562073
track_1,822,0.423604279756546,893.0584106445312,539.9712524414062,0.5232076644897461,784.5714111328125,600.0560913085938,1.0666712522506714,728.6333618164062,637.0983276367188,0.9025564193725586
track_0,823,0.7113934755325317,,,0.0,481.20123291015625,376.4208679199219,0.9121127128601074,493.310546875,320.0314025878906,0.8636665344238281
track_1,823,0.4374288022518158,,,0.0,792.51904296875,600.7357788085938,1.0616235733032227,733.2095947265625,641.39013671875,0.9016045331954956
track_0,824,0.7106984853744507,,,0.0,481.2033996582031,376.42919921875,0.9119365215301514,493.322998046875,320.031005859375,0.8603114485740662
track_1,824,0.4514024555683136,896.23681640625,573.4314575195312,0.29454439878463745,792.5697631835938,608.177978515625,1.0622888803482056,737.1533813476562,645.009521484375,0.8951976895332336
track_0,825,0.7111261487007141,,,0.0,481.19512939453125,376.42242431640625,0.9118892550468445,493.3175048828125,320.02496337890625,0.8578606843948364
track_1,825,0.44409358501434326,900.4745483398438,569.1199340820312,0.33631837368011475,800.3310546875,608.543212890625,1.0228204727172852,740.8403930664062,648.7373657226562,0.9558148384094238
track_0,826,0.7094183564186096,,,0.0,481.2008361816406,376.4286804199219,0.9119575619697571,493.3144836425781,320.0157470703125,0.8546677231788635
track_1,826,0.4243781566619873,893.3060913085938,569.0165405273438,0.30785882472991943,800.611572265625,608.78125,1.01265287399292,744.84765625,648.8285522460938,0.9348089098930359
track_0,827,0.7100486159324646,,,0.0,481.2039489746094,376.423095703125,0.9119013547897339,493.3123779296875,320.0118713378906,0.8557567596435547
track_1,827,0.4179811477661133,884.7322998046875,576.3966064453125,0.30788806080818176,800.6351318359375,608.441162109375,1.005849003791809,745.4594116210938,645.3402709960938,0.8639842867851257
track_0,828,0.709362268447876,,,0.0,481.20391845703125,376.4167175292969,0.9121229648590088,493.3105773925781,320.0147399902344,0.8578022122383118
track_1,828,0.41413819789886475,,,0.0,808.5076293945312,601.1279296875,0.970858633518219,749.442626953125,641.941162109375,0.8918847441673279
track_0,829,0.7107218503952026,,,0.0,481.2037353515625,376.3978576660156,0.9127231240272522,493.3016357421875,320.0141296386719,0.8618472814559937
track_1,829,0.40201881527900696,,,0.0,808.6362915039062,600.31103515625,0.9942666292190552,756.7979125976562,640.583740234375,0.8759955763816833
track_0,830,0.710807740688324,,,0.0,481.199462890625,376.39739990234375,0.9107985496520996,493.2365417480469,320.0200500488281,0.8666841983795166
track_1,830,0.3932078778743744,,,0.0,816.6701049804688,592.7031860351562,0.9974714517593384,761.263427734375,637.4697875976562,0.8812839388847351
track_0,831,0.7100983262062073,,,0.0,481.19879150390625,376.3994140625,0.911027193069458,493.24383544921875,320.02484130859375,0.8668550848960876
track_1,831,0.3825930953025818,904.2113647460938,460.474365234375,0.20434415340423584,824.6732177734375,584.9659423828125,0.9693739414215088,765.2495727539062,636.955322265625,0.915848433971405
track_0,832,0.7113158106803894,,,0.0,481.19903564453125,376.39984130859375,0.9103917479515076,493.2456359863281,320.03179931640625,0.8675388097763062
track_1,832,0.38084545731544495,908.4312744140625,454.72088623046875,0.4665893614292145,832.5842895507812,576.9097900390625,0.9311467409133911,772.4058837890625,636.2868041992188,0.7373694181442261
track_0,833,0.7085214257240295,,,0.0,481.2133483886719,376.4200134277344,0.9098213315010071,493.264892578125,320.0348205566406,0.8643525242805481
track_1,833,0.3770318329334259,908.2328491210938,452.5789794921875,0.23322348296642303,832.2201538085938,576.2529296875,0.9414618611335754,772.1609497070312,632.2805786132812,0.7342225313186646
track_0,834,0.7088542580604553,,,0.0,481.217529296875,376.4186706542969,0.9101579189300537,493.2757568359375,320.0361328125,0.864815890789032
track_1,834,0.3739639222621918,913.13623046875,441.43218994140625,0.7239930033683777,840.9429931640625,560.9954833984375,0.9555854201316833,772.8660888671875,632.318115234375,0.5963664054870605
track_0,835,0.7078004479408264,,,0.0,481.22601318359375,376.4240417480469,0.9110292792320251,493.28863525390625,320.03167724609375,0.8622891902923584
track_1,835,0.38430970907211304,912.8782958984375,436.1126708984375,0.8093220591545105,848.1570434570312,552.2916259765625,0.9970628023147583,772.3363037109375,624.6387939453125,0.7424043416976929
track_0,836,0.7095689177513123,,,0.0,481.2271728515625,376.4255065917969,0.9108880758285522,493.296142578125,320.0355529785156,0.8631428480148315
track_1,836,0.40480875968933105,912.9266967773438,425.2770690917969,0.882297158241272,848.8104858398438,544.868896484375,0.9952521324157715,776.5159301757812,617.1257934570312,0.6962539553642273
track_0,837,0.7076325416564941,,,0.0,481.21856689453125,376.439697265625,0.9108999967575073,493.28936767578125,320.0323486328125,0.8623144030570984
track_1,837,0.4484957456588745,908.7928466796875,422.3861999511719,0.7557554841041565,848.4735107421875,544.3418579101562,1.0062625408172607,749.1616821289062,584.2444458007812,0.37769174575805664
track_0,838,0.7055668830871582,,,0.0,481.2099914550781,376.4566650390625,0.911952555179596,493.2889099121094,320.0284118652344,0.8564063310623169
track_1,838,0.47111696004867554,912.64306640625,414.26776123046875,0.5033019781112671,848.4869995117188,536.3934326171875,1.0202558040618896,784.7603759765625,600.64501953125,0.38329726457595825
track_0,839,0.704094648361206,,,0.0,481.19110107421875,376.4534912109375,0.9119095206260681,493.2519836425781,320.03521728515625,0.8647871613502502
track_1,839,0.4543250799179077,917.0349731445312,408.7440185546875,0.22079665958881378,848.6583251953125,528.4104614257812,1.027204990386963,796.4722900390625,596.16552734375,0.3737707734107971
track_0,840,0.7021941542625427,,,0.0,481.187255859375,376.44659423828125,0.9115187525749207,493.23822021484375,320.0218505859375,0.8640291690826416
track_1,840,0.43659040331840515,917.3260498046875,416.1725769042969,0.3554342985153198,848.8504028320312,520.3648071289062,1.0357022285461426,861.22412109375,616.9021606445312,0.33605772256851196
track_0,841,0.7030258178710938,,,0.0,481.18603515625,376.44158935546875,0.9113029837608337,493.24151611328125,320.01654052734375,0.8624584674835205
track_1,841,0.3970620334148407,908.82568359375,374.18817138671875,0.6548657417297363,856.3956298828125,496.4523010253906,1.0166629552841187,800.6805419921875,573.0360107421875,0.2699064016342163
track_0,842,0.7027734518051147,,,0.0,481.1805419921875,376.4351806640625,0.9114373922348022,493.229736328125,320.00927734375,0.8628013134002686
track_1,842,0.4555620551109314,916.2562866210938,348.6925964355469,0.8635392189025879,864.4119873046875,464.4422302246094,1.0124787092208862,824.4142456054688,559.5631103515625,0.47865548729896545
track_0,843,0.7049704790115356,,,0.0,481.17901611328125,376.4366149902344,0.9120544195175171,493.23809814453125,320.01104736328125,0.8623522520065308
track_1,843,0.5177358984947205,920.8395385742188,341.0488586425781,0.9267538189888,864.9481811523438,448.78759765625,1.0363407135009766,832.6856079101562,541.0347900390625,0.23589225113391876
track_0,844,0.7029536366462708,,,0.0,481.1789245605469,376.4433288574219,0.9109864830970764,493.23553466796875,320.01275634765625,0.8619763851165771
track_1,844,0.552193284034729,921.3138427734375,332.7718200683594,0.9804401993751526,864.8613891601562,440.3592834472656,1.0282995700836182,,,0.0
track_0,845,0.7032716274261475,,,0.0,481.1781005859375,376.44061279296875,0.9102751612663269,493.2323303222656,320.0173645019531,0.8652198910713196
track_1,845,0.5971024632453918,925.4132080078125,325.02618408203125,0.9657427668571472,865.3864135742188,424.4292907714844,1.0522218942642212,,,0.0
track_0,846,0.7028777003288269,,,0.0,481.1707763671875,376.4375,0.9115313291549683,493.23956298828125,320.0174560546875,0.8642210364341736
track_1,846,0.6241618990898132,926.0599365234375,321.2057189941406,0.6199375987052917,865.398193359375,416.6899108886719,1.0236700773239136,921.8496704101562,329.7862854003906,0.28843286633491516
track_0,847,0.7043855786323547,,,0.0,481.1694030761719,376.44049072265625,0.9110503792762756,493.2533874511719,320.02325439453125,0.8648418188095093
track_1,847,0.6308572292327881,929.0501098632812,320.90936279296875,0.682732105255127,865.1762084960938,416.2420959472656,1.0165088176727295,925.1796875,332.3839111328125,0.2122620791196823
track_0,848,0.7039270401000977,,,0.0,481.18182373046875,376.43719482421875,0.9103803038597107,493.2596740722656,320.0251159667969,0.8662075400352478
track_1,848,0.6282862424850464,928.8702392578125,316.0879821777344,0.3115657866001129,871.9999389648438,408.34246826171875,1.0545328855514526,924.2015380859375,320.44281005859375,0.46604785323143005
track_0,849,0.7039198279380798,,,0.0,481.1833190917969,376.43731689453125,0.9100568890571594,493.2431945800781,320.03118896484375,0.8699138164520264
track_1,849,0.6167833805084229,928.9668579101562,312.52423095703125,0.9015190005302429,865.3580932617188,408.257080078125,1.0324513912200928,,,0.0
track_0,850,0.7039069533348083,,,0.0,481.1902160644531,376.43609619140625,0.9097738862037659,493.2471923828125,320.0317077636719,0.869068443775177
track_1,850,0.6050682663917542,928.4379272460938,304.3425598144531,0.8191739320755005,872.1666259765625,400.2839660644531,1.0434008836746216,,,0.0
track_0,851,0.7060109972953796,,,0.0,481.19427490234375,376.43707275390625,0.9094035029411316,493.239501953125,320.0370788574219,0.870880126953125
track_1,851,0.5899165272712708,928.7741088867188,296.9631042480469,0.8247324824333191,872.5961303710938,392.84814453125,1.043249249458313,,,0.0
track_0,852,0.7040906548500061,,,0.0,481.2144470214844,376.4581298828125,0.9090893864631653,493.25140380859375,320.0465393066406,0.868074893951416
track_1,852,0.5817901492118835,928.455322265625,292.6890869140625,1.004976749420166,872.3290405273438,392.122802734375,1.0498814582824707,,,0.0
track_0,853,0.704350471496582,,,0.0,481.2235107421875,376.4660949707031,0.9085734486579895,493.2586669921875,320.0553283691406,0.8690578937530518
track_1,853,0.5773215293884277,929.0414428710938,288.18267822265625,0.9617252349853516,872.6542358398438,384.4533386230469,1.0556970834732056,857.1106567382812,445.4963684082031,0.25231578946113586
track_0,854,0.7035000324249268,,,0.0,481.2297058105469,376.47906494140625,0.9083374738693237,493.2647399902344,320.0638427734375,0.8685473799705505
track_1,854,0.5735273957252502,929.8248291015625,281.0806579589844,0.6952732801437378,873.0628662109375,376.7535705566406,1.058275818824768,857.49755859375,441.44232177734375,0.25496187806129456
track_0,855,0.704788327217102,,,0.0,481.23309326171875,376.48736572265625,0.9075875878334045,493.2706298828125,320.0779113769531,0.8697873950004578
track_1,855,0.5833276510238647,929.52392578125,280.37432861328125,0.7747185230255127,872.8773193359375,376.2072448730469,1.0550129413604736,,,0.0
track_0,856,0.704103410243988,,,0.0,481.2452087402344,376.5013427734375,0.905841588973999,493.284423828125,320.0846862792969,0.8683595061302185
track_1,856,0.5844990015029907,932.0274047851562,272.9706726074219,0.3525899350643158,872.2581176757812,368.2281494140625,1.0135482549667358,925.0555419921875,277.80682373046875,0.38144582509994507
track_0,857,0.7059440016746521,,,0.0,481.2520751953125,376.50897216796875,0.9044497013092041,493.30047607421875,320.09033203125,0.8676726818084717
track_1,857,0.5810336470603943,864.3145751953125,449.31268310546875,0.4539280831813812,872.2329711914062,360.4619445800781,1.0420321226119995,924.4641723632812,272.5496520996094,0.5269404649734497
track_0,858,0.7055867314338684,,,0.0,481.2320861816406,376.50750732421875,0.9029102921485901,493.30413818359375,320.07122802734375,0.861527681350708
track_1,858,0.5750032067298889,921.5570068359375,264.1354064941406,0.8190439939498901,865.1693725585938,360.279052734375,1.0346460342407227,,,0.0
track_0,859,0.7075331807136536,,,0.0,481.20440673828125,376.50225830078125,0.9010422825813293,493.2930908203125,320.0621032714844,0.8592306971549988
track_1,859,0.5525646805763245,913.504638671875,252.486572265625,0.9450711011886597,865.1749877929688,352.3126525878906,1.0374516248703003,,,0.0
track_0,860,0.7050266861915588,,,0.0,481.191162109375,376.51177978515625,0.8983204364776611,493.2457580566406,320.0666198730469,0.8642218708992004
track_1,860,0.5226781964302063,905.8726196289062,240.32115173339844,0.941529393196106,865.366943359375,344.21807861328125,1.0174177885055542,,,0.0
track_0,861,0.7043587565422058,,,0.0,481.17730712890625,376.486328125,0.899196445941925,493.2186584472656,320.0565490722656,0.8658702969551086
track_1,861,0.5260748267173767,908.4905395507812,220.548583984375,0.959831714630127,871.9287109375,320.1772766113281,1.0564379692077637,,,0.0
track_0,862,0.7042466402053833,,,0.0,481.16741943359375,376.4888000488281,0.9012603163719177,493.21942138671875,320.0531921386719,0.8643808960914612
track_1,862,0.5540019273757935,912.6470947265625,208.37100219726562,0.5794873237609863,872.1300048828125,304.0221862792969,1.0639798641204834,916.507568359375,212.75808715820312,0.24331361055374146
track_0,863,0.7048271894454956,,,0.0,481.17529296875,376.4972229003906,0.899479329586029,493.2167663574219,320.06683349609375,0.8679990172386169
track_1,863,0.5940955877304077,903.5132446289062,208.19068908691406,0.3501889109611511,872.217529296875,288.592529296875,1.0642720460891724,913.009765625,200.62864685058594,0.5830822587013245
track_0,864,0.7027931213378906,,,0.0,481.2023620605469,376.49853515625,0.9011346101760864,493.264892578125,320.0537109375,0.8606040477752686
track_1,864,0.6010579466819763,916.3447265625,188.78948974609375,0.5314406156539917,864.6612548828125,287.99298095703125,1.0716252326965332,913.107177734375,200.003173828125,0.4147840142250061
track_0,865,0.7030214667320251,,,0.0,481.2127380371094,376.49664306640625,0.9028096199035645,493.2921142578125,320.0491943359375,0.8592151999473572
track_1,865,0.6110348701477051,912.50390625,181.10574340820312,0.38860005140304565,864.764404296875,280.40570068359375,1.0485312938690186,909.324951171875,192.01132202148438,0.5004666447639465
track_0,866,0.7020813822746277,,,0.0,481.229736328125,376.4819641113281,0.9055234789848328,493.32940673828125,320.039306640625,0.8546202778816223
track_1,866,0.6133994460105896,912.11865234375,180.59764099121094,0.4664725959300995,864.451171875,280.0362854003906,1.0523930788040161,908.9788818359375,191.82366943359375,0.47743114829063416
track_0,867,0.7033892273902893,,,0.0,481.2320556640625,376.4877624511719,0.9059463739395142,493.34130859375,320.0384521484375,0.8523191809654236
track_1,867,0.616174042224884,911.929931640625,180.47799682617188,0.4674485921859741,864.42431640625,279.9637145996094,1.0524637699127197,908.6298828125,191.67877197265625,0.4604991674423218
track_0,868,0.7005490064620972,,,0.0,481.244140625,376.4879150390625,0.9046972393989563,493.31964111328125,320.0559997558594,0.8592548370361328
track_1,868,0.6314253211021423,908.0219116210938,180.47674560546875,0.28602707386016846,864.3038940429688,279.97528076171875,1.0371960401535034,904.6224365234375,188.85166931152344,0.6131349205970764
track_0,869,0.7028084397315979,,,0.0,481.2299499511719,376.4903259277344,0.9045687913894653,493.28790283203125,320.057861328125,0.8584768176078796
track_1,869,0.6320694088935852,876.2923583984375,357.83319091796875,0.396534264087677,864.6292724609375,272.93035888671875,0.9949679970741272,904.8092041015625,185.18521118164062,0.5436266660690308
track_0,870,0.7010137438774109,,,0.0,481.2279052734375,376.49005126953125,0.9046543836593628,493.3074035644531,320.0621032714844,0.8583878874778748
track_1,870,0.6325300931930542,876.148193359375,357.84185791015625,0.40161213278770447,864.5497436523438,272.7889404296875,0.9983707070350647,904.7386474609375,184.9608917236328,0.5849358439445496
track_0,871,0.7034702897071838,,,0.0,481.2322082519531,376.4894104003906,0.9054208993911743,493.3055419921875,320.0635986328125,0.8585183024406433
track_1,871,0.6347350478172302,876.4539794921875,360.7034606933594,0.39684611558914185,864.4500122070312,272.7242431640625,0.9951618313789368,904.4010009765625,184.81930541992188,0.5522263050079346
track_0,872,0.7008668184280396,,,0.0,481.24591064453125,376.5068054199219,0.9061372876167297,493.36346435546875,320.0650939941406,0.846993625164032
track_1,872,0.6450976729393005,892.7998657226562,189.03936767578125,0.42374688386917114,864.3955078125,272.78857421875,0.9930206537246704,904.0972900390625,184.5421142578125,0.4868406057357788
track_0,873,0.7019317746162415,,,0.0,481.2512512207031,376.51214599609375,0.9069522619247437,493.3711242675781,320.0572509765625,0.8405286073684692
track_1,873,0.6450220346450806,876.1251220703125,357.934814453125,0.4554753005504608,864.3758544921875,272.80108642578125,0.9932874441146851,904.2105712890625,184.60301208496094,0.5238751173019409
track_0,874,0.7018563151359558,,,0.0,481.2467041015625,376.5179443359375,0.906260073184967,493.3682861328125,320.0634460449219,0.8431777358055115
track_1,874,0.6402562260627747,876.2822265625,357.60479736328125,0.46715378761291504,864.4508056640625,272.76800537109375,0.9876183271408081,904.4483642578125,184.906005859375,0.7363548278808594
track_0,875,0.7046847939491272,,,0.0,481.2372131347656,376.51092529296875,0.9067825675010681,493.356689453125,320.064453125,0.8451074361801147
track_1,875,0.6386698484420776,876.15771484375,357.39276123046875,0.4354686141014099,864.418212890625,272.5626525878906,0.9976462125778198,904.58056640625,184.3348388671875,0.7248931527137756
track_0,876,0.7043790221214294,,,0.0,481.22283935546875,376.5022888183594,0.9061786532402039,493.32525634765625,320.0600280761719,0.8497729301452637
track_1,876,0.6262544989585876,896.3707275390625,181.08775329589844,0.45423877239227295,864.31201171875,272.348388671875,1.0006736516952515,904.156982421875,180.77877807617188,0.40771546959877014
track_0,877,0.7065839171409607,,,0.0,481.2005310058594,376.480712890625,0.9049872159957886,493.2491455078125,320.06048583984375,0.8585996627807617
track_1,877,0.6130827069282532,888.4930419921875,177.53646850585938,0.8515464067459106,864.3590087890625,264.8233337402344,0.9931619763374329,876.7349243164062,368.1341552734375,0.3139580190181732
track_0,878,0.7059579491615295,,,0.0,481.19158935546875,376.4847717285156,0.9042000770568848,493.2532043457031,320.06268310546875,0.8588046431541443
track_1,878,0.6170716881752014,880.1356201171875,168.74488830566406,0.6528547406196594,864.2647094726562,256.8096923828125,0.9762377738952637,876.2612915039062,360.5583190917969,0.5287354588508606
track_0,879,0.7075331211090088,,,0.0,481.2184753417969,376.49951171875,0.9043487906455994,493.28729248046875,320.06768798828125,0.8540596961975098
track_1,879,0.6199069023132324,,,0.0,864.2135009765625,248.77798461914062,0.9699314832687378,876.4944458007812,352.9724426269531,0.6039828062057495
track_0,880,0.7057677507400513,,,0.0,481.23260498046875,376.4951171875,0.9040931463241577,493.29461669921875,320.0850830078125,0.8537302613258362
track_1,880,0.6276609897613525,,,0.0,857.4946899414062,248.31802368164062,0.9524211883544922,881.220947265625,349.1806640625,0.7651889324188232
track_0,881,0.70513516664505,,,0.0,481.224853515625,376.4931640625,0.9050280451774597,493.32037353515625,320.0964660644531,0.8561685681343079
track_1,881,0.6463493704795837,,,0.0,857.4536743164062,240.25457763671875,0.9445857405662537,880.8697509765625,340.745849609375,0.7994903922080994
track_0,882,0.7038385272026062,,,0.0,481.22406005859375,376.49951171875,0.9054586291313171,493.3099365234375,320.1051025390625,0.853041410446167
track_1,882,0.687215268611908,,,0.0,856.851318359375,232.04046630859375,0.9523810148239136,881.045654296875,328.6506042480469,0.6073192358016968
track_0,883,0.7054872512817383,,,0.0,481.2177734375,376.49407958984375,0.9059974551200867,493.3003845214844,320.10699462890625,0.8524504899978638
track_1,883,0.727193295955658,804.102294921875,147.95726013183594,0.25977566838264465,856.376708984375,224.216796875,0.9536992907524109,884.2952880859375,316.1512451171875,0.7825058102607727
track_0,884,0.7037307024002075,,,0.0,481.22698974609375,376.5012512207031,0.9053820967674255,493.3074951171875,320.11175537109375,0.8520203828811646
track_1,884,0.7381219267845154,804.5382080078125,148.85220336914062,0.5460857152938843,855.9810791015625,216.90542602539062,0.9308000206947327,884.304931640625,308.86614990234375,0.8410872220993042
track_0,885,0.7050203084945679,,,0.0,481.23687744140625,376.4984130859375,0.9048795104026794,493.3190002441406,320.11297607421875,0.8533663749694824
track_1,885,0.7518115043640137,796.7471313476562,148.22183227539062,0.3971179723739624,848.871826171875,224.10096740722656,0.9468556046485901,885.1939697265625,307.81793212890625,0.7730526328086853
track_0,886,0.7048502564430237,,,0.0,481.24652099609375,376.49871826171875,0.9040857553482056,493.3232421875,320.11553955078125,0.8561212420463562
track_1,886,0.7610891461372375,796.403076171875,148.8068389892578,0.6119318604469299,848.5927124023438,224.14743041992188,0.9441155195236206,888.4503173828125,308.0491943359375,0.7472389936447144
track_0,887,0.7072792649269104,,,0.0,481.255859375,376.483154296875,0.9042177796363831,493.33135986328125,320.11187744140625,0.8582419157028198
track_1,887,0.7597032785415649,795.6603393554688,148.4893798828125,0.8015979528427124,848.3800659179688,224.11912536621094,0.94367915391922,888.344482421875,308.0391845703125,0.7302384376525879
track_0,888,0.7061986327171326,,,0.0,481.263916015625,376.49835205078125,0.9046140909194946,493.33050537109375,320.1134948730469,0.8548859357833862
track_1,888,0.7612645626068115,792.1854248046875,148.85214233398438,0.8263669013977051,848.215576171875,216.99986267089844,0.9281664490699768,888.373779296875,305.2158203125,0.790017306804657
track_0,889,0.7068052291870117,,,0.0,481.2688903808594,376.50543212890625,0.9051235914230347,493.3252868652344,320.1095886230469,0.8524301648139954
track_1,889,0.7653335332870483,788.8358154296875,145.11080932617188,0.682012140750885,841.0901489257812,216.72152709960938,0.9110690355300903,889.1930541992188,304.65777587890625,0.7985190153121948
track_0,890,0.706199586391449,,,0.0,481.2684631347656,376.5035400390625,0.9053873419761658,493.32806396484375,320.10809326171875,0.8514173030853271
track_1,890,0.7717723250389099,787.929443359375,148.19969177246094,0.949068546295166,848.1820678710938,216.505615234375,0.9645887017250061,891.8364868164062,304.493408203125,0.7643277049064636
track_0,891,0.7065870761871338,,,0.0,481.26385498046875,376.5014343261719,0.905555248260498,493.3292541503906,320.1074523925781,0.8517528772354126
track_1,891,0.7842831015586853,781.1334838867188,148.41506958007812,0.9518865346908569,841.1575317382812,216.31271362304688,0.9428009986877441,893.324951171875,304.35162353515625,0.722205638885498
track_0,892,0.7064781188964844,,,0.0,481.2614440917969,376.50018310546875,0.9057170748710632,493.33111572265625,320.1070861816406,0.8515645265579224
track_1,892,0.7718400359153748,772.5606079101562,153.52247619628906,0.904345691204071,840.8367919921875,208.80606079101562,0.9272843599319458,893.2181396484375,301.2811279296875,0.7763521075248718
track_0,893,0.7074074745178223,,,0.0,481.258544921875,376.501953125,0.9057698845863342,493.33294677734375,320.10955810546875,0.8524823188781738
track_1,893,0.7783411145210266,757.0430908203125,157.33090209960938,0.816168487071991,832.6988525390625,208.54086303710938,0.9104629158973694,893.318603515625,301.147705078125,0.6512057781219482
track_0,894,0.7075727581977844,,,0.0,481.28399658203125,376.50653076171875,0.9059028625488281,493.3694152832031,320.1171875,0.8500659465789795
track_1,894,0.7930189967155457,740.6674194335938,164.31887817382812,0.5727583169937134,824.2802124023438,208.72463989257812,0.9143092036247253,892.2534790039062,301.089599609375,0.5306676030158997
track_0,895,0.7093389630317688,,,0.0,481.303955078125,376.5049133300781,0.9061469435691833,493.404052734375,320.1178894042969,0.8475040793418884
track_1,895,0.8149864673614502,891.6476440429688,291.5682373046875,0.27712282538414,816.328857421875,215.70101928710938,0.8952907919883728,719.8035278320312,164.53390502929688,0.45360472798347473
track_0,896,0.7084853649139404,,,0.0,481.3089599609375,376.53167724609375,0.9061217308044434,493.4176025390625,320.143798828125,0.8411267995834351
track_1,896,0.8094050884246826,696.4395141601562,156.45260620117188,0.30948835611343384,800.217529296875,208.3706512451172,0.8882272243499756,699.8909912109375,160.60552978515625,0.3599490523338318
track_0,897,0.7104243040084839,,,0.0,481.31121826171875,376.5523681640625,0.90558260679245,493.4294738769531,320.18096923828125,0.8417978286743164
track_1,897,0.7994393706321716,680.2867431640625,151.98153686523438,0.5785477757453918,784.2467041015625,200.24285888671875,0.9201263189315796,680.7491455078125,159.99853515625,0.22239702939987183
track_0,898,0.7112374305725098,,,0.0,481.321044921875,376.60760498046875,0.9019735455513,493.4393310546875,320.2140808105469,0.8329399824142456
track_1,898,0.8031613826751709,664.2324829101562,144.69522094726562,0.5973570942878723,767.9820556640625,192.51637268066406,0.9365378618240356,848.4459838867188,248.54010009765625,0.5408163070678711
track_0,899,0.7136641144752502,,,0.0,481.3231506347656,376.6263427734375,0.9007019400596619,493.4452819824219,320.2533264160156,0.8367109894752502
track_1,899,0.8062945008277893,656.75732421875,145.6297149658203,0.8581041097640991,751.9064331054688,184.99095153808594,0.9338827133178711,823.6328125,228.9681854248047,0.25251397490501404
track_0,900,0.713970959186554,,,0.0,481.29241943359375,376.6182556152344,0.8991363644599915,493.3625793457031,320.2737731933594,0.8542909622192383
track_1,900,0.8139027953147888,648.9149780273438,144.80368041992188,0.9313706755638123,736.5376586914062,184.4248046875,0.9489456415176392,812.5488891601562,216.47622680664062,0.5026370286941528
track_0,901,0.7164603471755981,,,0.0,481.26531982421875,376.60003662109375,0.8995466232299805,493.3352966308594,320.27264404296875,0.8555744886398315
track_1,901,0.811543345451355,641.2490844726562,144.11166381835938,0.924432635307312,728.5269165039062,184.22189331054688,0.9623689651489258,804.4969482421875,216.94552612304688,0.5193923711776733
track_0,902,0.7144185900688171,,,0.0,481.269775390625,376.6227722167969,0.8981617093086243,493.2908935546875,320.3023986816406,0.8533660173416138
track_1,902,0.7843596339225769,640.918212890625,143.90838623046875,0.8756706714630127,728.2819213867188,184.31597900390625,0.9458352327346802,800.7028198242188,213.26231384277344,0.4619571566581726
track_0,903,0.7145774364471436,,,0.0,481.2755432128906,376.6196594238281,0.8989790081977844,493.2661437988281,320.32373046875,0.8557714223861694
track_1,903,0.7559192776679993,640.0768432617188,141.84017944335938,0.8588976263999939,720.822509765625,177.23056030273438,0.8945766687393188,796.3887939453125,220.60166931152344,0.3175331652164459
track_0,904,0.7144471406936646,,,0.0,481.2862548828125,376.62255859375,0.9001384377479553,493.30438232421875,320.3082580566406,0.8580614328384399
track_1,904,0.7455596327781677,636.7875366210938,141.58148193359375,0.8972753882408142,720.6688842773438,177.1273193359375,0.895302414894104,792.8309326171875,217.07791137695312,0.29770857095718384
track_0,905,0.7156449556350708,,,0.0,481.2920227050781,376.5872802734375,0.9058445692062378,493.3183288574219,320.2546081542969,0.8566195964813232
track_1,905,0.7307575345039368,635.9542846679688,141.72280883789062,0.8725435137748718,720.40673828125,177.09815979003906,0.9052832722663879,792.6381225585938,216.59890747070312,0.2732914984226227
track_0,906,0.7164764404296875,,,0.0,481.2651672363281,376.48101806640625,0.9130001068115234,493.29254150390625,320.1835021972656,0.859816312789917
track_1,906,0.7192690968513489,632.5324096679688,144.31085205078125,0.9278433918952942,720.2203369140625,177.1090850830078,0.9070177674293518,804.54345703125,201.17385864257812,0.28100961446762085
track_0,907,0.7196502089500427,,,0.0,481.26519775390625,376.442138671875,0.9157111048698425,493.250244140625,320.1358947753906,0.8619667291641235
track_1,907,0.600676953792572,627.8843994140625,144.19317626953125,0.8269909024238586,712.0662231445312,177.24644470214844,0.8803597688674927,808.4500732421875,196.99264526367188,0.2900042235851288
track_0,908,0.7176851034164429,,,0.0,488.09405517578125,368.8525695800781,0.9095034599304199,492.2134094238281,320.7364501953125,0.8595319986343384
track_1,908,0.6108982563018799,620.61279296875,144.78086853027344,0.7861756086349487,704.4961547851562,176.91868591308594,0.8320755958557129,,,0.0
track_0,909,0.7200111150741577,488.9385681152344,440.68310546875,0.20031194388866425,488.13775634765625,368.8721923828125,0.9069291949272156,492.2162780761719,320.7279357910156,0.8511595129966736
track_1,909,0.5707319378852844,611.8576049804688,152.15615844726562,0.6738641262054443,704.1914672851562,184.2265167236328,0.845452606678009,804.09814453125,192.33396911621094,0.30774348974227905
track_0,910,0.724203884601593,491.3816833496094,440.3839111328125,0.25873395800590515,488.13323974609375,368.8319091796875,0.9040632843971252,492.1301574707031,320.6614990234375,0.856210470199585
track_1,910,0.5818046927452087,596.8932495117188,155.7830810546875,0.7258839011192322,688.4696044921875,184.2218475341797,0.8843193054199219,,,0.0
track_0,911,0.7256892919540405,492.086181640625,440.15057373046875,0.2831920385360718,488.14703369140625,368.79315185546875,0.9040102362632751,492.04730224609375,320.6043701171875,0.8571633100509644
track_1,911,0.6483725905418396,583.6851806640625,155.52223205566406,0.783750057220459,679.9449462890625,184.0607147216797,0.9265720844268799,775.9631958007812,196.0798797607422,0.2790743410587311
track_0,912,0.7291224002838135,492.72454833984375,437.9942932128906,0.3336404263973236,488.15875244140625,368.7604064941406,0.9057725667953491,491.986572265625,320.5355529785156,0.8564002513885498
track_1,912,0.742479681968689,564.9317016601562,152.61370849609375,0.875425398349762,656.37939453125,176.86163330078125,0.9558931589126587,,,0.0
track_0,913,0.7284364104270935,495.579833984375,437.4466552734375,0.4432515501976013,488.2216491699219,368.74713134765625,0.9048277139663696,488.631591796875,317.4860534667969,0.8496044874191284
track_1,913,0.7843618392944336,551.9232788085938,148.81192016601562,0.9862247109413147,640.5136108398438,176.6160888671875,0.9488950967788696,732.5252075195312,201.09817504882812,0.5644644498825073
track_0,914,0.7312201857566833,500.38885498046875,436.8954772949219,0.5361055135726929,488.3048095703125,368.7365417480469,0.9097630977630615,488.68017578125,317.4429626464844,0.8522944450378418
track_1,914,0.7678990960121155,540.4723510742188,145.70919799804688,0.9560202956199646,631.7959594726562,176.9483642578125,0.9305378794670105,712.566650390625,204.57598876953125,0.5220977067947388
track_0,915,0.7313699126243591,504.5162658691406,436.4985656738281,0.7271561026573181,488.36688232421875,368.72296142578125,0.9111022353172302,488.65582275390625,317.43402099609375,0.8502268195152283
track_1,915,0.7671774625778198,529.1661987304688,144.86328125,0.9356387257575989,616.2677001953125,177.0621337890625,0.9464237093925476,696.7213745117188,213.4875030517578,0.4533754587173462
track_0,916,0.7305589318275452,508.4230651855469,436.41192626953125,0.8508902788162231,488.5279541015625,368.7143249511719,0.9076864123344421,488.7392578125,317.470947265625,0.845548689365387
track_1,916,0.7555022239685059,524.2952880859375,141.66290283203125,0.9660061597824097,608.316162109375,177.01702880859375,0.9235954284667969,684.916748046875,220.8828887939453,0.42608851194381714
track_0,917,0.7340052127838135,512.4214477539062,433.6050720214844,0.9339001774787903,488.7392578125,368.70245361328125,0.9064587354660034,488.9135437011719,317.463623046875,0.8385241627693176
track_1,917,0.7374918460845947,520.6412353515625,141.5506134033203,0.8717784881591797,600.808837890625,176.9012451171875,0.9149607419967651,680.8906860351562,212.36671447753906,0.4084492027759552
track_0,918,0.7364130020141602,513.51025390625,433.5987854003906,0.9675727486610413,489.0021667480469,368.7050476074219,0.9069511294364929,489.1122131347656,317.4664306640625,0.8370000720024109
track_1,918,0.7000611424446106,516.0473022460938,141.4090118408203,0.9020423889160156,600.3856201171875,176.84547424316406,0.9166222810745239,684.2512817382812,204.49620056152344,0.4384699761867523
track_0,919,0.7325437664985657,517.196044921875,433.458984375,1.0054632425308228,489.2327880859375,368.7574157714844,0.9053248167037964,489.20355224609375,317.51593017578125,0.836264967918396
track_1,919,0.6427733898162842,508.1837158203125,143.87144470214844,0.8428990840911865,592.6056518554688,176.65855407714844,0.9105870127677917,684.9678955078125,200.45620727539062,0.4295070767402649
track_0,920,0.7291738986968994,520.2863159179688,436.169677734375,0.9108507037162781,495.8976745605469,376.2332763671875,0.9138736128807068,487.6036376953125,319.82611083984375,0.7904068827629089
track_1,920,0.6379422545433044,500.19647216796875,144.77423095703125,0.898679256439209,592.2501831054688,176.7281494140625,0.8746435046195984,684.6720581054688,200.1691436767578,0.4386584162712097
track_0,921,0.7258323431015015,523.9392700195312,436.69097900390625,0.968817412853241,496.0825500488281,376.30279541015625,0.9093472361564636,484.700439453125,317.050537109375,0.7841972708702087
track_1,921,0.6313214302062988,488.25616455078125,149.296630859375,0.8347560167312622,584.1864624023438,176.85565185546875,0.8884298801422119,680.126708984375,196.51173400878906,0.2256225198507309
track_0,922,0.7237316966056824,524.9847412109375,437.29620361328125,1.0043367147445679,496.2738952636719,376.3561706542969,0.9041705131530762,484.72833251953125,317.0629577636719,0.7761562466621399
track_1,922,0.5778468251228333,476.1316223144531,151.71389770507812,0.843144953250885,576.490234375,183.60183715820312,0.9176496267318726,669.555419921875,191.55020141601562,0.3805658221244812
track_0,923,0.7151271104812622,529.2025756835938,441.440185546875,1.0291296243667603,496.4606628417969,376.4576416015625,0.8942869305610657,484.5875244140625,317.1591796875,0.760208249092102
track_1,923,0.5959843993186951,461.0565490722656,152.98974609375,0.8318395018577576,560.1293334960938,176.95147705078125,0.9343602657318115,,,0.0
track_0,924,0.706721842288971,536.305419921875,444.854248046875,1.015880823135376,496.69354248046875,376.60882568359375,0.909339427947998,484.41839599609375,317.2046813964844,0.7313365936279297
track_1,924,0.6107735633850098,447.8475036621094,152.416748046875,0.8186233639717102,544.2928466796875,176.76235961914062,0.9458439946174622,,,0.0
track_0,925,0.6959096789360046,539.8528442382812,445.3970642089844,0.8583167195320129,503.68817138671875,384.23846435546875,0.9144577383995056,479.71942138671875,312.8698425292969,0.48723074793815613
track_1,925,0.6588220000267029,436.45562744140625,148.88067626953125,0.962477445602417,528.3280029296875,176.5477294921875,0.9449838399887085,624.45166015625,196.5806427001953,0.363923579454422
track_0,926,0.6941839456558228,543.9771118164062,449.3207702636719,0.8152409791946411,503.9541015625,384.36383056640625,0.9132330417633057,479.8597106933594,312.809326171875,0.4439895749092102
track_1,926,0.6675234436988831,428.4654541015625,145.04933166503906,0.955881655216217,512.65283203125,176.45697021484375,0.9434229731559753,608.1646118164062,196.38233947753906,0.52226322889328
track_0,927,0.6975826621055603,548.0361938476562,448.979736328125,0.8243557214736938,504.25592041015625,384.2671203613281,0.9249752163887024,479.970947265625,313.01361083984375,0.4140315055847168
track_1,927,0.6523483991622925,420.9238586425781,145.0500030517578,0.9326678514480591,504.36492919921875,176.67288208007812,0.9461132287979126,592.1304931640625,200.58685302734375,0.45918744802474976
track_0,928,0.7148268818855286,552.1854248046875,444.55572509765625,0.8310334086418152,504.50762939453125,384.15399169921875,0.9386532306671143,480.3176574707031,313.12298583984375,0.38183125853538513
track_1,928,0.6279253363609314,416.3026123046875,145.04840087890625,0.8845773339271545,496.38665771484375,176.61903381347656,0.9339346289634705,576.5963745117188,212.7071533203125,0.4568741023540497
track_0,929,0.7249645590782166,556.4482421875,440.8878173828125,0.8079562187194824,504.25958251953125,376.88494873046875,0.9274066686630249,480.50628662109375,320.7784118652344,0.4643431007862091
track_1,929,0.5982640385627747,412.6669616699219,145.35072326660156,0.8515143990516663,496.0717468261719,176.93954467773438,0.9045307636260986,572.407958984375,212.71234130859375,0.42934563755989075
track_0,930,0.7357258200645447,564.6997680664062,436.634765625,0.7009764313697815,504.467529296875,376.65924072265625,0.9051458239555359,476.9464111328125,320.7427978515625,0.31226208806037903
track_1,930,0.5958279967308044,412.22613525390625,145.15060424804688,0.8657089471817017,495.966064453125,176.86444091796875,0.8976535201072693,572.1259765625,212.19606018066406,0.43516960740089417
track_0,931,0.7608338594436646,568.1015014648438,433.2208251953125,0.5959809422492981,511.77667236328125,376.59002685546875,0.9088678956031799,468.7475891113281,328.01153564453125,0.22983752191066742
track_1,931,0.5699715614318848,412.3382873535156,145.37030029296875,0.8098428845405579,495.8665771484375,176.984375,0.8868229389190674,572.480712890625,208.94210815429688,0.4684751629829407
track_0,932,0.7802371978759766,576.89208984375,428.20379638671875,0.5796465873718262,509.124267578125,376.14581298828125,0.8990036249160767,,,0.0
track_1,932,0.5491909384727478,412.4606018066406,145.32363891601562,0.7926247119903564,488.4765625,176.9035186767578,0.9277991652488708,576.7841796875,201.2709197998047,0.5551735162734985
track_0,933,0.7833099961280823,581.5599365234375,428.01971435546875,0.6740418672561646,512.2911987304688,376.0117492675781,0.9098732471466064,,,0.0
track_1,933,0.5291516780853271,412.11578369140625,144.93817138671875,0.7662398219108582,480.7320556640625,176.792724609375,0.8839597105979919,581.0758666992188,196.6869659423828,0.20641283690929413
track_0,934,0.774492084980011,584.679931640625,425.205810546875,0.6258548498153687,519.6600952148438,376.54974365234375,0.9175862669944763,467.9578857421875,336.3628234863281,0.30264028906822205
track_1,934,0.571499228477478,403.8270263671875,149.5984344482422,0.694033145904541,480.2227478027344,177.1263885498047,0.8381978273391724,580.480224609375,197.0332489013672,0.20538529753684998
track_0,935,0.7666897773742676,472.900146484375,324.1493835449219,0.3969670832157135,519.8084716796875,376.57928466796875,0.9353773593902588,468.2665100097656,336.7764587402344,0.42887231707572937
track_1,935,0.5672704577445984,392.359375,156.2884063720703,0.7600840330123901,472.51434326171875,184.0017547607422,0.944283127784729,,,0.0
track_0,936,0.7614833116531372,473.1624755859375,324.45111083984375,0.30776649713516235,519.9264526367188,376.64202880859375,0.9466047883033752,468.6452331542969,336.93817138671875,0.4790167510509491
track_1,936,0.6092299818992615,373.2653503417969,160.9862060546875,0.703549325466156,456.5104675292969,177.0830078125,0.9710361957550049,,,0.0
track_0,937,0.7598046064376831,473.3816223144531,324.77276611328125,0.2697986960411072,520.023681640625,376.72943115234375,0.9521206021308899,468.955078125,337.176513671875,0.49510762095451355
track_1,937,0.6577197909355164,357.1816101074219,160.47018432617188,0.7400594353675842,440.4582214355469,176.49307250976562,0.9816534519195557,,,0.0
track_0,938,0.757099986076355,476.2815246582031,324.7362060546875,0.2072906196117401,520.0584106445312,376.8256530761719,0.9569777846336365,472.06597900390625,337.3984680175781,0.5299072861671448
track_1,938,0.7128952741622925,348.1883544921875,156.89447021484375,0.8514341711997986,432.095458984375,176.13368225097656,1.0115162134170532,536.0631103515625,184.43016052246094,0.20391115546226501
track_0,939,0.7520552277565002,,,0.0,520.1643676757812,376.89739990234375,0.9644520878791809,472.3452453613281,337.6177062988281,0.5325137376785278
track_1,939,0.7606009840965271,336.980712890625,156.14852905273438,0.7848249673843384,416.4377136230469,175.9796142578125,1.022711157798767,516.8825073242188,184.61459350585938,0.3258616030216217
track_0,940,0.7455239295959473,,,0.0,520.2738647460938,376.918212890625,0.969342052936554,472.6750793457031,340.70147705078125,0.5405779480934143
track_1,940,0.7704785466194153,328.21246337890625,152.64376831054688,0.8681394457817078,408.1585998535156,176.33526611328125,1.014069676399231,504.61395263671875,188.33328247070312,0.6058107614517212
track_0,941,0.741754949092865,476.8584289550781,328.7339172363281,0.26503342390060425,528.0230102539062,383.82989501953125,0.9435602426528931,608.3395385742188,408.67633056640625,0.5507799983024597
track_1,941,0.7644879817962646,320.4737548828125,152.656005859375,0.8577396869659424,400.1669921875,176.78451538085938,0.9974240064620972,495.8891906738281,192.70846557617188,0.6497851014137268
track_0,942,0.7405112385749817,477.0225524902344,328.90106201171875,0.22961729764938354,528.0104370117188,383.9028015136719,0.9456787109375,609.2097778320312,411.74066162109375,0.5172867178916931
track_1,942,0.7580717206001282,316.8779602050781,149.4080810546875,0.9193191528320312,392.64208984375,176.94464111328125,1.0100829601287842,488.9486083984375,193.0650177001953,0.5600522756576538
track_0,943,0.7389700412750244,477.14447021484375,331.635986328125,0.20984356105327606,528.0541381835938,384.02764892578125,0.952072262763977,612.3307495117188,411.8714599609375,0.5472935438156128
track_1,943,0.7448379993438721,316.3940734863281,149.42214965820312,0.8962271809577942,392.413330078125,176.960693359375,1.0019044876098633,488.48016357421875,192.77752685546875,0.578313410282135
track_0,944,0.7352167963981628,,,0.0,528.1041259765625,384.1506652832031,0.9584912061691284,612.7841796875,411.8050231933594,0.5728245377540588
track_1,944,0.6921622157096863,312.2172546386719,149.34129333496094,0.823944091796875,384.4140319824219,177.16378784179688,1.0161948204040527,,,0.0
track_0,945,0.7277870178222656,,,0.0,528.187744140625,384.1881103515625,0.9599494338035583,613.0869140625,409.128173828125,0.6199739575386047
track_1,945,0.7151386141777039,304.2435302734375,153.21702575683594,0.781310498714447,384.1671142578125,177.1121826171875,0.989722490310669,,,0.0
track_0,946,0.7224649786949158,,,0.0,528.2787475585938,384.1650695800781,0.9673033356666565,609.0436401367188,405.16558837890625,0.7384677529335022
track_1,946,0.7003257274627686,292.7713317871094,160.31103515625,0.7824938297271729,376.58404541015625,183.72821044921875,1.0451734066009521,,,0.0
track_0,947,0.7213023900985718,,,0.0,528.2513427734375,384.0534973144531,0.9585299491882324,608.2470703125,396.5561218261719,0.875779390335083
track_1,947,0.6795872449874878,280.9201965332031,164.95242309570312,0.744630753993988,368.51373291015625,184.076416015625,1.0314959287643433,,,0.0
track_0,948,0.7140411734580994,,,0.0,528.2334594726562,383.9344787597656,0.9472700357437134,604.5657958984375,392.35162353515625,0.7418180108070374
track_1,948,0.6556808352470398,269.06719970703125,165.03448486328125,0.7901464700698853,360.4092102050781,184.19610595703125,1.0104492902755737,,,0.0
track_0,949,0.7156646251678467,,,0.0,528.1763916015625,383.688232421875,0.9364250302314758,601.0217895507812,380.00787353515625,0.6726915240287781
track_1,949,0.6380504965782166,260.42767333984375,165.06846618652344,0.8122068643569946,352.20037841796875,184.3734893798828,1.0174766778945923,444.5372619628906,192.64352416992188,0.2084413468837738
track_0,950,0.725395679473877,,,0.0,527.8984985351562,376.7218017578125,0.9642260670661926,601.033935546875,377.33624267578125,0.6330087780952454
track_1,950,0.6318487524986267,248.329833984375,164.57260131835938,0.8963488936424255,336.26788330078125,184.41448974609375,1.0350172519683838,432.64801025390625,192.66790771484375,0.5201132893562317
track_0,951,0.736438512802124,,,0.0,527.9507446289062,376.385009765625,0.9640836715698242,601.0851440429688,376.40374755859375,0.7006555795669556
track_1,951,0.612113356590271,240.9962158203125,161.13723754882812,0.8834974765777588,325.031005859375,184.73599243164062,1.0110794305801392,416.91595458984375,192.70596313476562,0.9177460670471191
track_0,952,0.737921953201294,,,0.0,528.01318359375,376.0982360839844,0.9675295948982239,604.1416625976562,372.41485595703125,0.7500046491622925
track_1,952,0.5830565094947815,240.03302001953125,157.85699462890625,0.8481170535087585,316.8882751464844,185.37094116210938,0.9952865242958069,404.99127197265625,193.76974487304688,0.9310675263404846
track_0,953,0.7412045001983643,,,0.0,528.0540161132812,375.99346923828125,0.9704446792602539,604.78271484375,372.1000061035156,0.7969330549240112
track_1,953,0.5701807141304016,236.35220336914062,156.5914306640625,0.849448025226593,312.2809143066406,191.90847778320312,1.018371820449829,396.781494140625,196.02297973632812,0.9812134504318237
track_0,954,0.7394612431526184,,,0.0,528.1091918945312,375.996337890625,0.9743004441261292,605.22607421875,372.037841796875,0.797504186630249
track_1,954,0.5651135444641113,232.20089721679688,160.37164306640625,0.923860490322113,312.0311584472656,192.11471557617188,1.0049591064453125,392.6292724609375,192.53965759277344,0.9797900319099426
track_0,955,0.7350763082504272,,,0.0,528.1515502929688,376.0108947753906,0.9770804643630981,608.1198120117188,372.1068115234375,0.7568763494491577
track_1,955,0.5480592846870422,224.74610900878906,163.7904510498047,0.9039207696914673,311.78106689453125,191.92796325683594,0.992047131061554,392.4397277832031,191.9294891357422,1.0128029584884644
track_0,956,0.7306026816368103,,,0.0,528.189453125,376.03094482421875,0.981697678565979,608.5416259765625,372.2948913574219,0.7376126050949097
track_1,956,0.5443159937858582,220.63836669921875,160.59339904785156,0.8862847685813904,304.21075439453125,191.86996459960938,0.992630124092102,392.7193603515625,192.0980682373047,0.9571776986122131
track_0,957,0.7311569452285767,,,0.0,528.2498779296875,375.98651123046875,0.9868044257164001,609.2174072265625,372.00103759765625,0.7499558329582214
track_1,957,0.5080808997154236,219.61512756347656,161.95913696289062,0.8715524077415466,300.7117919921875,185.60580444335938,1.0016475915908813,395.86065673828125,193.60205078125,0.8869366645812988
track_0,958,0.7301337718963623,,,0.0,528.313720703125,375.9331970214844,0.9942618012428284,612.67626953125,371.9805908203125,0.7964519262313843
track_1,958,0.48196786642074585,209.11183166503906,168.360107421875,0.8429761528968811,296.2731018066406,191.75079345703125,1.0332434177398682,392.24951171875,192.10580444335938,0.8140010237693787
track_0,959,0.734370231628418,,,0.0,535.8261108398438,376.02923583984375,0.966647744178772,612.59521484375,368.70660400390625,0.818390429019928
track_1,959,0.4732179343700409,203.75808715820312,172.5235595703125,0.8221672773361206,295.91021728515625,192.3881072998047,1.0065721273422241,387.96441650390625,192.59848022460938,0.9258627891540527
track_0,960,0.736466109752655,,,0.0,535.885986328125,376.0114440917969,0.9759132266044617,616.083740234375,375.95281982421875,0.8404778838157654
track_1,960,0.4463609755039215,188.94140625,172.46572875976562,0.8562993407249451,288.08642578125,192.6668701171875,1.0148602724075317,380.47454833984375,193.01527404785156,0.8889992833137512
track_0,961,0.7390720844268799,,,0.0,535.945556640625,376.0147705078125,0.9840905666351318,616.6193237304688,376.7584533691406,0.8474634885787964
track_1,961,0.43602216243743896,184.1077117919922,172.87338256835938,0.872406005859375,280.1285400390625,192.65774536132812,1.013980507850647,372.64971923828125,193.22903442382812,0.8217775821685791
track_0,962,0.7380306720733643,,,0.0,536.02294921875,376.05584716796875,0.9942263960838318,617.1430053710938,380.43487548828125,0.8465763926506042
track_1,962,0.43764474987983704,180.87997436523438,181.02748107910156,0.7937615513801575,272.2498779296875,192.86721801757812,1.0142701864242554,364.3492431640625,196.78854370117188,0.8609805703163147
track_0,963,0.7449642419815063,,,0.0,536.097900390625,376.02227783203125,0.9957736134529114,620.369384765625,380.50677490234375,0.8807721138000488
track_1,963,0.44201239943504333,179.8245086669922,189.6724090576172,0.7036528587341309,268.81207275390625,193.56100463867188,0.9951907396316528,352.941650390625,193.333984375,0.8750700354576111
track_0,964,0.7468329071998596,,,0.0,536.29150390625,375.7864074707031,0.9993320107460022,620.9517211914062,380.2828369140625,0.8833562135696411
track_1,964,0.45063674449920654,172.26394653320312,192.33143615722656,0.7745283842086792,264.1159973144531,199.65798950195312,1.0313633680343628,348.4149169921875,191.5625457763672,0.925865113735199
track_0,965,0.756451427936554,,,0.0,540.903076171875,369.1107177734375,0.9624398350715637,624.1932983398438,377.54168701171875,0.8351324796676636
track_1,965,0.452572762966156,168.24029541015625,195.86572265625,0.763325572013855,263.9438781738281,199.82032775878906,1.0361299514770508,344.0811767578125,188.4688720703125,0.9214357733726501
track_0,966,0.7607365846633911,,,0.0,543.99853515625,368.7845153808594,0.9817894101142883,628.057861328125,376.80487060546875,0.8371633887290955
track_1,966,0.4480435252189636,164.8780059814453,195.82093811035156,0.7438759207725525,263.94219970703125,199.7857208251953,1.0139185190200806,340.17498779296875,191.36489868164062,0.8687021136283875
track_0,967,0.7603171467781067,,,0.0,544.1920166015625,368.6988525390625,0.9975740313529968,628.5765380859375,373.42156982421875,0.85270094871521
track_1,967,0.4453882873058319,164.4372100830078,195.90994262695312,0.736377477645874,264.02996826171875,199.55673217773438,1.0070760250091553,336.2490234375,187.81085205078125,0.8214061260223389
track_0,968,0.7536439895629883,,,0.0,544.2946166992188,368.66888427734375,1.0162104368209839,629.04052734375,372.970703125,0.8556931018829346
track_1,968,0.44412270188331604,161.2275848388672,193.64764404296875,0.6373682022094727,263.8827209472656,193.66726684570312,0.9862406253814697,336.1981201171875,189.67669677734375,0.8798533082008362
track_0,969,0.749191164970398,,,0.0,544.2922973632812,368.81036376953125,1.0243035554885864,632.2454833984375,372.9990234375,0.8573304414749146
track_1,969,0.44315338134765625,160.91639709472656,193.05810546875,0.6510712504386902,263.7388610839844,193.58558654785156,0.9913095235824585,332.69085693359375,189.83535766601562,0.8515716791152954
track_0,970,0.7230080366134644,,,0.0,552.0023193359375,375.81317138671875,1.0127501487731934,484.4411926269531,367.6856689453125,0.8292162418365479
track_1,970,0.44450098276138306,163.79742431640625,192.99826049804688,0.6856038570404053,263.6568908691406,193.51942443847656,0.9982171058654785,332.0278015136719,193.164306640625,0.8224006295204163
track_0,971,0.7012602090835571,,,0.0,552.1529541015625,376.4403991699219,1.0053430795669556,484.84991455078125,369.18695068359375,0.805351197719574
track_1,971,0.4424409866333008,161.1380157470703,189.86181640625,0.8430748581886292,256.3128356933594,193.4638671875,0.9888066053390503,328.9251403808594,189.65695190429688,0.8515653014183044
track_0,972,0.6774238348007202,,,0.0,552.2939453125,376.97296142578125,1.0106574296951294,488.3558349609375,373.4369201660156,0.7619997262954712
track_1,972,0.4321017265319824,160.82708740234375,188.64671325683594,0.8498725295066833,256.0657958984375,192.9989776611328,0.9870560765266418,328.2239990234375,189.250732421875,0.7935542464256287
track_0,973,0.6582291126251221,,,0.0,552.3970336914062,383.739501953125,1.017965316772461,489.0167541503906,375.8994445800781,0.8294001221656799
track_1,973,0.4240257740020752,160.39364624023438,184.85076904296875,0.8312063813209534,255.92446899414062,192.40380859375,0.9858250617980957,324.39410400390625,188.26052856445312,0.6950135231018066
track_0,974,0.6487981081008911,,,0.0,552.5486450195312,384.05535888671875,1.0212138891220093,492.5059509277344,376.580810546875,0.8312075138092041
track_1,974,0.40942952036857605,160.41287231445312,187.4144287109375,0.828572690486908,255.85009765625,191.73281860351562,0.9866436123847961,320.0113830566406,175.9037628173828,0.6815418004989624
track_0,975,0.6452561020851135,,,0.0,560.0957641601562,383.99810791015625,1.0049960613250732,492.26654052734375,380.5149230957031,0.7496113181114197
track_1,975,0.40542060136795044,160.13436889648438,181.74636840820312,0.8239078521728516,255.70199584960938,185.76573181152344,0.9287358522415161,320.9188537597656,185.20858764648438,0.7402715682983398
track_0,976,0.6407656073570251,,,0.0,560.21337890625,384.060791015625,1.007291316986084,492.7102355957031,380.84942626953125,0.7119439840316772
track_1,976,0.39858338236808777,160.3197021484375,176.93357849121094,0.8605280518531799,255.65167236328125,185.7044219970703,0.9336420893669128,320.51220703125,181.7155303955078,0.7654642462730408
track_0,977,0.640538215637207,,,0.0,560.2881469726562,384.1125183105469,1.0083671808242798,493.072265625,380.9419250488281,0.7060929536819458
track_1,977,0.39703020453453064,160.97491455078125,168.47769165039062,0.9973250031471252,248.43243408203125,191.7733154296875,0.9434289336204529,317.38751220703125,183.67922973632812,0.8391668200492859
track_0,978,0.6395965218544006,,,0.0,560.3433227539062,384.1475830078125,1.0115845203399658,496.3052978515625,384.08709716796875,0.6986480951309204
track_1,978,0.4098028540611267,164.35244750976562,168.39053344726562,0.9534780979156494,248.4022216796875,192.25262451171875,0.9385578036308289,316.88165283203125,188.60919189453125,0.8431833982467651
track_0,979,0.6353052854537964,,,0.0,560.4500732421875,384.2293701171875,1.0122121572494507,496.7024230957031,384.16436767578125,0.721579372882843
track_1,979,0.4230342209339142,168.42298889160156,168.8731689453125,0.883644700050354,248.33657836914062,192.87466430664062,0.9417684674263,316.30291748046875,189.27621459960938,0.828635036945343
track_0,980,0.6315222382545471,,,0.0,560.5927124023438,384.37164306640625,1.0265289545059204,500.6213684082031,381.3800048828125,0.6820088624954224
track_1,980,0.4325582981109619,176.29183959960938,168.94082641601562,0.5329226851463318,255.65777587890625,193.14410400390625,0.9625945687294006,315.58245849609375,193.28927612304688,0.7126395106315613
track_0,981,0.6334714889526367,,,0.0,568.1585693359375,384.0390319824219,1.0181703567504883,503.8881530761719,384.20538330078125,0.5712001919746399
track_1,981,0.4479178786277771,192.06463623046875,157.54498291015625,0.20589807629585266,255.82327270507812,193.4842529296875,0.9646234512329102,312.7172546386719,197.70684814453125,0.666110098361969
track_0,982,0.6352660059928894,,,0.0,568.3502197265625,383.97998046875,1.0238292217254639,505.1280822753906,380.6278381347656,0.6501133441925049
track_1,982,0.4589875638484955,,,0.0,255.87271118164062,193.42465209960938,0.9906275868415833,312.7005615234375,197.66665649414062,0.785098135471344
track_0,983,0.637642502784729,,,0.0,568.3801879882812,383.92535400390625,1.0266857147216797,508.461181640625,380.29217529296875,0.7127841711044312
track_1,983,0.4781210720539093,,,0.0,256.3138427734375,193.10597229003906,1.0024677515029907,312.80670166015625,197.62652587890625,0.7658342719078064
track_0,984,0.6383498311042786,,,0.0,568.3778686523438,383.8475341796875,1.0261486768722534,508.5081787109375,380.3327941894531,0.7051036953926086
track_1,984,0.48460084199905396,,,0.0,256.80792236328125,192.83474731445312,0.9788971543312073,312.6897888183594,200.82421875,0.668512225151062
track_0,985,0.6414040327072144,,,0.0,568.36279296875,383.76776123046875,1.0236443281173706,508.63360595703125,380.4037170410156,0.7145571708679199
track_1,985,0.4886498749256134,,,0.0,263.8616943359375,192.56097412109375,0.9819304943084717,268.2596435546875,144.31678771972656,0.845603346824646
track_0,986,0.6403197646141052,,,0.0,568.3740234375,383.67919921875,1.0223416090011597,508.69482421875,380.3961486816406,0.7342736721038818
track_1,986,0.49168676137924194,280.3648681640625,136.8218994140625,0.38301941752433777,263.9324035644531,192.745849609375,0.9176887273788452,275.9019775390625,144.49609375,0.525374174118042
track_0,987,0.6415613293647766,,,0.0,568.3984375,383.60772705078125,1.020331859588623,508.95294189453125,380.15069580078125,0.7640343308448792
track_1,987,0.47767552733421326,281.6222229003906,137.72900390625,0.5955307483673096,257.09649658203125,193.30413818359375,0.843959391117096,217.25576782226562,173.39674377441406,0.441693514585495
track_0,988,0.640464723110199,,,0.0,568.4268798828125,383.5290222167969,1.0222184658050537,509.17913818359375,379.924560546875,0.7841975092887878
track_1,988,0.46103915572166443,285.0483093261719,137.88465881347656,0.7033680081367493,256.28900146484375,193.49209594726562,0.8344438076019287,216.0982666015625,225.70262145996094,0.4352724552154541
track_0,989,0.642910897731781,,,0.0,575.9486083984375,376.83123779296875,1.0083997249603271,508.48480224609375,381.6784362792969,0.6014593243598938
track_1,989,0.441933810710907,285.3416748046875,140.52383422851562,0.3928394615650177,248.68701171875,200.0485382080078,0.9102972745895386,292.35015869140625,139.55789184570312,0.350163996219635
track_0,990,0.645583987236023,,,0.0,575.984375,376.6805419921875,1.0104824304580688,508.63958740234375,384.5508117675781,0.6531120538711548
track_1,990,0.43679913878440857,288.08709716796875,140.71815490722656,0.2013460248708725,248.2340850830078,199.94187927246094,0.9562894105911255,200.39761352539062,215.9314422607422,0.4973389208316803
track_0,991,0.6541063189506531,,,0.0,576.036865234375,376.49859619140625,1.0130677223205566,508.8117370605469,384.724609375,0.7262545228004456
track_1,991,0.42886608839035034,,,0.0,247.85885620117188,199.72286987304688,0.97705078125,192.29885864257812,220.03564453125,0.6649662852287292
track_0,992,0.6668397188186646,,,0.0,576.109619140625,376.2496032714844,1.01728355884552,511.9626159667969,384.85595703125,0.777787446975708
track_1,992,0.42672258615493774,,,0.0,240.73977661132812,200.15701293945312,0.9856472015380859,189.8482666015625,216.38031005859375,0.5594150424003601
track_0,993,0.6783310770988464,,,0.0,576.1358642578125,375.93365478515625,1.0232837200164795,512.3057861328125,387.9690246582031,0.8122184872627258
track_1,993,0.42716389894485474,,,0.0,247.9027557373047,199.7883758544922,0.9910597205162048,191.59317016601562,224.22271728515625,0.6738823056221008
track_0,994,0.6798492670059204,,,0.0,576.2310791015625,375.8087463378906,1.027725100517273,512.6651000976562,388.0531005859375,0.8284783959388733
track_1,994,0.423740029335022,,,0.0,248.34671020507812,200.05963134765625,1.0023832321166992,192.42282104492188,224.5450897216797,0.6677584648132324
track_0,995,0.6810771226882935,,,0.0,576.238525390625,375.8835754394531,1.032396674156189,512.994384765625,387.97650146484375,0.8088231682777405
track_1,995,0.41224417090415955,,,0.0,248.79046630859375,200.39556884765625,0.9880385994911194,193.54481506347656,224.82728576660156,0.6386064887046814
track_0,996,0.6814128756523132,,,0.0,576.273681640625,375.98443603515625,1.03748619556427,516.1375122070312,387.9246520996094,0.7884042859077454
track_1,996,0.39713364839553833,,,0.0,249.06370544433594,200.84164428710938,0.9510498046875,200.4949188232422,224.72528076171875,0.586998462677002
track_0,997,0.6805403828620911,,,0.0,576.412841796875,376.16217041015625,1.0385961532592773,516.7000732421875,385.0894470214844,0.7823651432991028
track_1,997,0.40713679790496826,,,0.0,256.81658935546875,200.46421813964844,0.9698894619941711,204.3484344482422,220.6981201171875,0.6934010982513428
track_0,998,0.6752158403396606,,,0.0,584.00830078125,376.2274475097656,1.0174177885055542,516.499755859375,388.810791015625,0.818429172039032
track_1,998,0.44069015979766846,,,0.0,264.91583251953125,200.21295166015625,0.9870747923851013,213.45516967773438,216.26885986328125,0.6359978318214417
track_0,999,0.6746448874473572,,,0.0,584.14404296875,376.7532958984375,1.0277595520019531,520.2213134765625,388.96484375,0.8238708972930908
track_1,999,0.47650817036628723,,,0.0,287.82177734375,192.46817016601562,0.9769172668457031,223.90452575683594,228.5787811279297,0.6601980328559875
track_0,1000,0.6697137951850891,,,0.0,584.294189453125,377.16748046875,1.0323529243469238,521.0616455078125,389.1465759277344,0.8183978796005249
track_1,1000,0.48974156379699707,,,0.0,280.7212829589844,199.9844970703125,0.9933926463127136,232.72463989257812,212.5227813720703,0.5703389644622803
track_0,1001,0.6746004223823547,,,0.0,584.314697265625,383.80889892578125,1.0116771459579468,524.69775390625,387.81561279296875,0.8156687021255493
track_1,1001,0.5054574012756348,,,0.0,296.2439270019531,192.14874267578125,0.9786263704299927,236.549560546875,224.42141723632812,0.6868250966072083
track_0,1002,0.6772533059120178,,,0.0,584.5746459960938,384.18896484375,1.0291948318481445,528.9107666015625,384.62957763671875,0.8046063780784607
track_1,1002,0.5118666291236877,,,0.0,304.5728759765625,185.13052368164062,0.9539859890937805,248.394775390625,225.45346069335938,0.8207627534866333
track_0,1003,0.6847028732299805,,,0.0,592.1688842773438,384.21038818359375,1.0228549242019653,532.1123657226562,385.19354248046875,0.8451969027519226
track_1,1003,0.5156790614128113,,,0.0,312.2896728515625,184.55250549316406,0.960475504398346,256.04852294921875,224.6637420654297,0.6908328533172607
track_0,1004,0.6928956508636475,,,0.0,592.232177734375,384.1360168457031,1.0258673429489136,533.1065063476562,384.78485107421875,0.8451323509216309
track_1,1004,0.510585367679596,,,0.0,320.0760192871094,183.96994018554688,0.9576559662818909,264.0572509765625,227.96473693847656,0.6637081503868103
track_0,1005,0.7052444815635681,,,0.0,592.26171875,383.755859375,1.0165280103683472,536.5172729492188,380.34185791015625,0.8505316376686096
track_1,1005,0.5252597332000732,,,0.0,328.16290283203125,176.79315185546875,0.9461941719055176,264.1557922363281,220.92730712890625,0.6634908318519592
track_0,1006,0.7205265164375305,,,0.0,592.4287109375,376.8854064941406,1.0409637689590454,537.0436401367188,377.0289611816406,0.8995121717453003
track_1,1006,0.5411562323570251,,,0.0,328.44696044921875,176.80825805664062,0.9530763626098633,264.9190979003906,217.28814697265625,0.7260901927947998
track_0,1007,0.7460460066795349,,,0.0,592.429443359375,376.2479248046875,1.034729242324829,537.0906372070312,372.1815490722656,0.9332284927368164
track_1,1007,0.5583953857421875,,,0.0,335.99371337890625,176.38839721679688,0.9483075141906738,268.231201171875,216.87051391601562,0.7245060801506042
track_0,1008,0.7641493082046509,,,0.0,592.4343872070312,369.0453186035156,1.0421069860458374,540.7498779296875,365.36566162109375,0.9647809267044067
track_1,1008,0.5709179639816284,,,0.0,336.1794738769531,176.4306640625,0.9612429141998291,268.45172119140625,216.83026123046875,0.7498497366905212
track_0,1009,0.780056357383728,,,0.0,592.4031982421875,368.5369873046875,1.038653016090393,540.70751953125,364.2284240722656,0.9629195928573608
track_1,1009,0.5748886466026306,,,0.0,336.1281433105469,176.3004150390625,0.9584547281265259,268.2084655761719,216.36148071289062,0.7463625073432922
track_0,1010,0.7840257883071899,677.5333251953125,397.2640686035156,0.230561763048172,592.3402099609375,368.34820556640625,1.0354924201965332,540.705322265625,360.79345703125,0.9667336344718933
track_1,1010,0.5748237371444702,,,0.0,336.1199035644531,176.22726440429688,0.9589993953704834,267.8321838378906,216.17018127441406,0.7197308540344238
track_0,1011,0.7822601795196533,,,0.0,592.2639770507812,368.3928527832031,1.0282920598983765,540.5897827148438,360.949951171875,0.9617842435836792
track_1,1011,0.5765897631645203,,,0.0,336.36383056640625,176.5323028564453,0.9560163021087646,264.23846435546875,216.28297424316406,0.7256443500518799
track_0,1012,0.7798197269439697,,,0.0,592.2523803710938,368.4649353027344,1.030868411064148,540.4337158203125,364.16998291015625,0.9595844149589539
track_1,1012,0.569321870803833,,,0.0,344.2613830566406,176.43605041503906,0.9379715323448181,261.1367492675781,212.79220581054688,0.6545382738113403
track_0,1013,0.7771036028862,,,0.0,592.2161865234375,368.5558166503906,1.0318019390106201,540.3113403320312,364.274169921875,0.9655161499977112
track_1,1013,0.5704092383384705,,,0.0,351.9693603515625,176.30508422851562,0.9492403864860535,264.20391845703125,212.58811950683594,0.5730000138282776
track_0,1014,0.7750804424285889,,,0.0,592.200927734375,368.6466064453125,1.0340442657470703,540.40185546875,364.4078369140625,0.9702854156494141
track_1,1014,0.5846190452575684,,,0.0,359.843017578125,176.237060546875,0.9833798408508301,267.57232666015625,212.935302734375,0.6699258089065552
track_0,1015,0.7741538286209106,,,0.0,592.2047729492188,368.681884765625,1.0343514680862427,540.37744140625,364.47259521484375,0.9751548171043396
track_1,1015,0.606265664100647,,,0.0,360.4422607421875,176.6761932373047,0.9837188124656677,272.12939453125,209.0427703857422,0.5088765621185303
track_0,1016,0.7734611630439758,,,0.0,592.2202758789062,368.6824951171875,1.0321053266525269,540.4268798828125,364.4317626953125,0.9769424796104431
track_1,1016,0.6302207708358765,,,0.0,368.3515319824219,176.28720092773438,0.9895484447479248,276.0296630859375,208.610107421875,0.5863105654716492
track_0,1017,0.7729262113571167,,,0.0,592.2679443359375,368.6571960449219,1.033432126045227,540.6690673828125,361.2547607421875,0.9729090929031372
track_1,1017,0.6406497359275818,,,0.0,376.49847412109375,176.361572265625,0.9892300367355347,280.07293701171875,209.14808654785156,0.5903875827789307
track_0,1018,0.7703598737716675,,,0.0,592.341064453125,368.65618896484375,1.036700963973999,540.7718505859375,361.1842041015625,0.9785059690475464
track_1,1018,0.6268537044525146,,,0.0,384.6058044433594,176.86370849609375,0.9662196040153503,281.1946716308594,212.83651733398438,0.6449052691459656
track_0,1019,0.7691973447799683,,,0.0,592.4374389648438,368.620849609375,1.0349609851837158,540.9932861328125,361.0955810546875,0.967215895652771
track_1,1019,0.6324819326400757,,,0.0,384.5550537109375,184.05206298828125,0.9514471888542175,472.51153564453125,156.3917236328125,0.8513611555099487
track_0,1020,0.7708665728569031,,,0.0,599.9564819335938,368.36993408203125,1.0227530002593994,540.7337036132812,364.51702880859375,0.9586743712425232
track_1,1020,0.639186441898346,,,0.0,392.318359375,184.0485382080078,0.9688441753387451,484.1347351074219,160.7489471435547,0.7109876871109009
track_0,1021,0.7746985554695129,,,0.0,600.027099609375,368.32574462890625,1.0262354612350464,544.02880859375,364.2547302246094,0.9814871549606323
track_1,1021,0.6313633918762207,500.3961181640625,160.76705932617188,0.4496021568775177,392.5270080566406,184.41844177246094,0.9953716993331909,304.07562255859375,205.04885864257812,0.6525521874427795
track_0,1022,0.7761664390563965,677.0965576171875,393.62823486328125,0.23109015822410583,600.0712280273438,368.3161926269531,1.0272445678710938,544.2616577148438,364.114990234375,0.9879863262176514
track_1,1022,0.6327452659606934,516.0264892578125,160.95782470703125,0.40048179030418396,408.4162902832031,184.35755920410156,0.9767411351203918,320.7066345214844,204.5679473876953,0.6866133213043213
track_0,1023,0.7741361260414124,676.5626220703125,396.251708984375,0.25846219062805176,600.0692138671875,368.3392639160156,1.0250794887542725,544.2818603515625,364.0896911621094,0.9879388213157654
track_1,1023,0.6556092500686646,343.8013610839844,191.49378967285156,0.39361152052879333,432.3397216796875,183.895751953125,0.9111931920051575,523.896728515625,164.07669067382812,0.6251336932182312
track_0,1024,0.7691453099250793,676.224609375,396.42926025390625,0.23108461499214172,600.0787353515625,368.40869140625,1.025242567062378,544.2894897460938,364.1419677734375,0.9870983958244324
track_1,1024,0.6470359563827515,352.9358825683594,188.435791015625,0.29203322529792786,440.6397399902344,184.4598388671875,0.893325686454773,531.922607421875,160.99301147460938,0.6210849285125732
track_0,1025,0.7628286480903625,676.197998046875,396.4541015625,0.24186588823795319,600.0728149414062,368.4659423828125,1.0245956182479858,544.18017578125,364.3054504394531,0.9853273630142212
track_1,1025,0.6207715272903442,,,0.0,456.19573974609375,184.2357177734375,0.8816261887550354,540.819580078125,156.91856384277344,0.8136227130889893
track_0,1026,0.7594389319419861,676.3668212890625,396.557373046875,0.31020623445510864,600.0711669921875,368.5133056640625,1.0239392518997192,544.053466796875,364.4405212402344,0.9847857356071472
track_1,1026,0.6087905168533325,544.71435546875,152.40805053710938,0.5043255686759949,448.15185546875,191.82394409179688,0.9343788027763367,375.9881896972656,212.20408630371094,0.6205806136131287
track_0,1027,0.7603718638420105,676.5001831054688,396.7039489746094,0.32761505246162415,600.0679931640625,368.5002746582031,1.0242257118225098,544.1484985351562,364.366943359375,0.9837930202484131
track_1,1027,0.6119936108589172,544.8840942382812,151.857177734375,0.5511974096298218,448.2333984375,191.88748168945312,0.9374501705169678,377.0292053222656,212.21726989746094,0.6411165595054626
track_0,1028,0.7617529034614563,676.7009887695312,396.7187805175781,0.36659741401672363,600.0682983398438,368.4860534667969,1.024200677871704,544.2303466796875,364.277099609375,0.9845231175422668
track_1,1028,0.6140781044960022,548.0852661132812,148.62684631347656,0.5392650365829468,448.19696044921875,191.7747802734375,0.9427751898765564,380.4108581542969,212.1992645263672,0.672181248664856
track_0,1029,0.7629597187042236,676.9580688476562,396.83392333984375,0.369458943605423,600.0678100585938,368.47222900390625,1.0264040231704712,544.2987670898438,364.1705322265625,0.9857315421104431
track_1,1029,0.6190258264541626,372.49224853515625,196.64810180664062,0.4364442527294159,456.3162841796875,184.70025634765625,0.8962425589561462,544.420166015625,153.25509643554688,0.609429657459259
track_0,1030,0.764877438545227,677.25732421875,397.0235595703125,0.37626636028289795,600.08447265625,368.45782470703125,1.0272705554962158,544.407958984375,361.0809631347656,0.995249330997467
track_1,1030,0.6138511896133423,373.067138671875,196.49928283691406,0.5876224637031555,456.3959655761719,184.53598022460938,0.9135902523994446,544.4495849609375,157.08746337890625,0.47399142384529114
track_0,1031,0.7652345895767212,677.1968994140625,397.1698303222656,0.362724632024765,600.0879516601562,368.4539489746094,1.0287859439849854,544.4791870117188,361.0247497558594,0.9950045347213745
track_1,1031,0.608140766620636,376.32080078125,195.9191131591797,0.6307815313339233,464.39703369140625,184.21304321289062,0.9120175838470459,552.5987548828125,153.21185302734375,0.6028568744659424
track_0,1032,0.7609869837760925,677.0872802734375,397.24932861328125,0.3451008200645447,600.11181640625,368.52691650390625,1.02881920337677,544.5455322265625,361.02862548828125,0.9987695217132568
track_1,1032,0.6729155778884888,,,0.0,480.399169921875,176.748046875,0.9492136836051941,561.1520385742188,153.33627319335938,0.8137347102165222
track_0,1033,0.759465754032135,676.8206787109375,397.1934814453125,0.3613027036190033,600.104248046875,368.5210266113281,1.028632402420044,544.5526733398438,361.0174560546875,1.0002508163452148
track_1,1033,0.6583738327026367,,,0.0,480.4949645996094,184.05966186523438,0.9496056437492371,568.8915405273438,156.89971923828125,0.8336789608001709
track_0,1034,0.7602493166923523,676.1515502929688,397.1708984375,0.3607487082481384,600.0858764648438,368.49658203125,1.0288136005401611,544.5523071289062,360.9998474121094,1.0006502866744995
track_1,1034,0.6265151500701904,,,0.0,488.6266784667969,184.30776977539062,0.9552003145217896,384.7511901855469,212.1745147705078,0.7609875798225403
track_0,1035,0.7597273588180542,673.0863037109375,396.7661437988281,0.3681612014770508,600.0462036132812,368.4931335449219,1.0278502702713013,544.5408935546875,361.01934814453125,0.9997537732124329
track_1,1035,0.597571074962616,,,0.0,496.3863525390625,184.12928771972656,0.9681907296180725,389.14984130859375,208.09933471679688,0.7167101502418518
track_0,1036,0.7608974575996399,672.8221435546875,396.6810302734375,0.32324185967445374,600.0352783203125,368.4783935546875,1.0275647640228271,544.5413818359375,361.024169921875,0.9988229870796204
track_1,1036,0.5432111024856567,603.80322265625,160.59268188476562,0.4113839566707611,496.4344787597656,184.29736328125,0.9815237522125244,396.05340576171875,200.43978881835938,0.8143295049667358
track_0,1037,0.7542821168899536,673.0416259765625,396.68756103515625,0.30635830760002136,600.041748046875,368.5458984375,1.0284483432769775,544.5474853515625,361.0683898925781,1.0005344152450562
track_1,1037,0.5446426272392273,611.8826904296875,163.9293212890625,0.4310687184333801,504.31695556640625,184.43170166015625,0.9508606195449829,408.2509765625,197.0508575439453,0.8000361323356628
track_0,1038,0.7513947486877441,673.3074951171875,396.78521728515625,0.31884849071502686,600.0443115234375,368.57940673828125,1.028855800628662,544.5496826171875,361.07958984375,1.0015290975570679
track_1,1038,0.526389479637146,,,0.0,544.097412109375,176.53549194335938,0.9278246164321899,628.740478515625,164.2099609375,0.859218418598175
track_0,1039,0.7424794435501099,676.0299072265625,396.9087219238281,0.30622318387031555,600.040771484375,368.64373779296875,1.029409408569336,544.5429077148438,361.1167907714844,1.0036234855651855
track_1,1039,0.5396134853363037,,,0.0,552.32080078125,176.864990234375,0.9056090712547302,636.4219970703125,157.62857055664062,0.9083713889122009
track_0,1040,0.736572265625,676.2880859375,396.8450927734375,0.2899928390979767,600.044189453125,368.68450927734375,1.0305687189102173,544.5435791015625,361.1343688964844,1.0048828125
track_1,1040,0.546370267868042,,,0.0,560.37744140625,176.959228515625,0.8940169215202332,640.36474609375,156.64154052734375,0.8103143572807312
track_0,1041,0.7254472970962524,676.6639404296875,396.802734375,0.26329678297042847,600.04345703125,368.7889099121094,1.0311235189437866,544.6046752929688,361.1535339355469,1.0073453187942505
track_1,1041,0.5609509348869324,464.25408935546875,196.81417846679688,0.7629876732826233,552.3335571289062,184.55703735351562,0.865356981754303,640.15673828125,152.56063842773438,0.6225157976150513
track_0,1042,0.7231656312942505,676.7734375,396.85858154296875,0.22974112629890442,600.0390625,368.81842041015625,1.0318176746368408,544.651611328125,361.12530517578125,1.009181022644043
track_1,1042,0.5585273504257202,468.73248291015625,201.13185119628906,0.7419946789741516,552.5022583007812,185.072998046875,0.8690317869186401,640.5142822265625,149.43980407714844,0.49578917026519775
track_0,1043,0.7201486229896545,676.5331420898438,396.95989990234375,0.24029463529586792,600.0152587890625,368.86767578125,1.0303350687026978,544.6068725585938,361.16748046875,1.0099064111709595
track_1,1043,0.5739547610282898,473.04730224609375,204.00570678710938,0.8223481178283691,560.0870971679688,184.3271942138672,0.8925289511680603,644.3739013671875,148.15383911132812,0.2707286477088928
track_0,1044,0.7210056781768799,676.1678466796875,397.03863525390625,0.2159184366464615,600.0049438476562,368.8837585449219,1.0307008028030396,544.5640258789062,361.1878967285156,1.0107288360595703
track_1,1044,0.5794640183448792,476.7890625,200.22157287597656,0.7782355546951294,560.1466064453125,184.00942993164062,0.9012361764907837,645.1106567382812,147.65753173828125,0.34592917561531067
track_0,1045,0.7236454486846924,676.095703125,396.9875793457031,0.2125123292207718,599.9906616210938,368.8792724609375,1.0297073125839233,544.5110473632812,361.2510986328125,1.004420280456543
track_1,1045,0.6017540097236633,480.32281494140625,204.08116149902344,0.9208393692970276,568.2099609375,176.41790771484375,0.8824451565742493,648.887939453125,144.68621826171875,0.44271090626716614
track_0,1046,0.7278143167495728,673.179931640625,396.85791015625,0.24781370162963867,599.9580688476562,368.86102294921875,1.0285440683364868,544.4437255859375,361.3151550292969,0.9981231093406677
track_1,1046,0.618039608001709,479.88916015625,203.9325408935547,0.7672938108444214,560.45703125,176.29794311523438,0.935071587562561,648.6790771484375,144.42428588867188,0.7719953060150146
track_0,1047,0.7206207513809204,672.6048583984375,396.98468017578125,0.21555691957473755,599.91943359375,368.9462890625,1.0258947610855103,544.3603515625,361.4342956542969,0.994981050491333
track_1,1047,0.6392573714256287,488.7813720703125,210.28387451171875,0.22547926008701324,576.4217529296875,168.87896728515625,0.8949347138404846,656.5569458007812,141.816162109375,0.7250532507896423
track_0,1048,0.7163611054420471,672.1015014648438,397.06610107421875,0.218838170170784,599.8905639648438,368.96539306640625,1.0231705904006958,544.27392578125,361.4952697753906,0.9915540814399719
track_1,1048,0.6113888621330261,481.5642395019531,196.84735107421875,0.5585148334503174,576.6194458007812,176.17337036132812,0.946445882320404,661.35107421875,148.1123809814453,0.7883158326148987
track_0,1049,0.7157256007194519,670.2017822265625,396.6539306640625,0.23732729256153107,592.5266723632812,369.0653991699219,1.0354187488555908,544.7635498046875,360.9692077636719,0.9592640399932861
track_1,1049,0.6021939516067505,,,0.0,592.508544921875,176.15243530273438,0.9609252214431763,673.0610961914062,152.02816772460938,0.8191995620727539
track_0,1050,0.7171568870544434,672.769287109375,396.8197021484375,0.29480788111686707,592.5223999023438,369.07208251953125,1.036622166633606,544.788330078125,360.9534912109375,0.9598994255065918
track_1,1050,0.5941131114959717,,,0.0,600.4127807617188,176.4086456298828,0.9586048722267151,688.372314453125,152.58804321289062,0.9573424458503723
track_0,1051,0.7122151255607605,673.69775390625,397.0412902832031,0.24740655720233917,592.5167846679688,369.15643310546875,1.039598822593689,544.7536010742188,360.9786376953125,0.9594599604606628
track_1,1051,0.5977798700332642,516.3590698242188,196.79898071289062,0.2709154486656189,608.2940673828125,176.20370483398438,0.974934995174408,700.290283203125,152.55072021484375,0.7988487482070923
track_0,1052,0.7106266617774963,,,0.0,592.5327758789062,369.1994934082031,1.0413488149642944,544.8073120117188,360.947021484375,0.9624508619308472
track_1,1052,0.5959290266036987,528.5980224609375,196.43136596679688,0.5102999806404114,616.5036010742188,175.75213623046875,1.0035549402236938,520.9385375976562,200.2230987548828,0.29537075757980347
track_0,1053,0.721400260925293,,,0.0,592.5199584960938,369.0920715332031,1.0420539379119873,544.883544921875,360.7969970703125,0.96045982837677
track_1,1053,0.5923126339912415,,,0.0,655.9876098632812,167.9801025390625,0.9423978924751282,728.4114990234375,147.76828002929688,0.7393853664398193
track_0,1054,0.729123592376709,,,0.0,592.5363159179688,369.02093505859375,1.042826533317566,544.9214477539062,360.72943115234375,0.9602715373039246
track_1,1054,0.5760186314582825,,,0.0,671.9207763671875,167.93890380859375,0.9045335650444031,568.240966796875,216.13882446289062,0.4804997742176056
track_0,1055,0.7284243106842041,,,0.0,592.5277099609375,369.0104064941406,1.042137622833252,544.9200439453125,360.72540283203125,0.959775984287262
track_1,1055,0.5503889322280884,,,0.0,672.41552734375,168.86549377441406,0.886955976486206,573.1477661132812,209.3914337158203,0.6786948442459106
track_0,1056,0.7318924069404602,,,0.0,592.52392578125,368.9710693359375,1.0429034233093262,544.9270629882812,360.6959228515625,0.9596708416938782
track_1,1056,0.5609090924263,,,0.0,680.1362915039062,168.869140625,0.9366368055343628,576.6084594726562,209.3640899658203,0.7364478707313538
track_0,1057,0.7393798232078552,,,0.0,592.529541015625,368.89935302734375,1.0433580875396729,544.94677734375,360.6511535644531,0.9553457498550415
track_1,1057,0.5816168189048767,,,0.0,688.003662109375,168.578857421875,0.9430467486381531,731.541748046875,137.0145263671875,0.7412087917327881
track_0,1058,0.7445113062858582,,,0.0,592.5478515625,368.83135986328125,1.0448287725448608,544.9694213867188,360.60589599609375,0.9528337121009827
track_1,1058,0.5924522280693054,,,0.0,695.9937133789062,168.57830810546875,0.9452692866325378,735.3833618164062,136.83740234375,0.8355051875114441
track_0,1059,0.736761212348938,,,0.0,599.8908081054688,368.8066101074219,1.0322321653366089,544.4669189453125,361.2576599121094,0.9885641932487488
track_1,1059,0.6171884536743164,,,0.0,680.3032836914062,175.9293212890625,0.9312896132469177,573.0743408203125,208.8567657470703,0.6661961674690247
track_0,1060,0.7376594543457031,,,0.0,599.9461059570312,368.7691345214844,1.0335747003555298,544.5029296875,361.22314453125,0.9884124398231506
track_1,1060,0.6174537539482117,,,0.0,680.547119140625,177.00128173828125,0.929935097694397,753.6975708007812,157.14279174804688,0.6899946331977844
track_0,1061,0.7509452700614929,680.890380859375,401.7984619140625,0.23287414014339447,599.9986572265625,368.7008972167969,1.032333493232727,544.6957397460938,361.0590515136719,0.9841057062149048
track_1,1061,0.6111788749694824,,,0.0,688.474609375,177.28536987304688,0.9265326261520386,768.6441040039062,161.35516357421875,0.9086002707481384
track_0,1062,0.7646104693412781,680.5902709960938,404.9596252441406,0.3302503526210785,600.0811767578125,368.6346740722656,1.0333577394485474,547.8925170898438,360.8712158203125,0.9825567603111267
track_1,1062,0.6037445068359375,,,0.0,704.403564453125,177.03607177734375,0.9733127355575562,780.8004760742188,160.93637084960938,0.8776162266731262
track_0,1063,0.7687697410583496,680.905029296875,408.6422424316406,0.39942193031311035,600.1630859375,368.6396484375,1.0377362966537476,548.0216674804688,360.87542724609375,0.9837750196456909
track_1,1063,0.6660881638526917,,,0.0,720.2235107421875,176.25160217285156,1.0002225637435913,789.0606689453125,160.22869873046875,0.7863175868988037
track_0,1064,0.7704885601997375,680.8365478515625,412.39532470703125,0.4785432517528534,600.2254028320312,368.60626220703125,1.042412519454956,548.141845703125,360.7911376953125,0.9938735365867615
track_1,1064,0.6818466782569885,,,0.0,728.1867065429688,176.53411865234375,1.018660545349121,800.2866821289062,164.60716247558594,0.8491014242172241
track_0,1065,0.7781136631965637,680.5845947265625,413.403076171875,0.5306046605110168,600.271484375,368.52496337890625,1.0425018072128296,548.4413452148438,360.6326904296875,0.9936897158622742
track_1,1065,0.6536162495613098,,,0.0,736.1718139648438,176.93751525878906,0.9995442628860474,812.6615600585938,169.34097290039062,0.8580853343009949
track_0,1066,0.7788426876068115,680.4979858398438,416.66802978515625,0.584126889705658,600.3392333984375,368.476318359375,1.0466221570968628,548.6796264648438,360.5045166015625,1.00124990940094
track_1,1066,0.6201009154319763,,,0.0,744.2632446289062,177.06639099121094,0.970965564250946,828.2564697265625,173.69558715820312,0.776804506778717
track_0,1067,0.7829868793487549,677.270263671875,416.94146728515625,0.594538688659668,600.4210815429688,368.38775634765625,1.042250156402588,549.0737915039062,360.30206298828125,0.978162407875061
track_1,1067,0.6569401621818542,,,0.0,759.9816284179688,176.775390625,0.9395641088485718,840.5543823242188,176.78704833984375,0.7891328930854797
track_0,1068,0.7876484394073486,676.420166015625,420.1456298828125,0.6182984113693237,600.508056640625,368.26239013671875,1.04037606716156,552.40087890625,360.114990234375,0.9551331400871277
track_1,1068,0.6984155178070068,,,0.0,768.3595581054688,176.64544677734375,0.918934166431427,849.2213134765625,176.45021057128906,0.8136464357376099
track_0,1069,0.7873381972312927,676.1746826171875,420.6956787109375,0.6996749043464661,608.0321044921875,368.162841796875,1.0366466045379639,552.0171508789062,360.63494873046875,0.9611279964447021
track_1,1069,0.6655791401863098,,,0.0,784.0822143554688,176.86514282226562,0.9286184310913086,856.7579345703125,173.07388305664062,0.8506529927253723
track_0,1070,0.7881262898445129,676.3136596679688,424.0111083984375,0.6480398178100586,608.097412109375,368.12103271484375,1.0347933769226074,552.254638671875,360.5056457519531,0.9769585132598877
track_1,1070,0.652850866317749,,,0.0,784.3014526367188,184.1303253173828,0.9274585247039795,864.3939819335938,172.20347595214844,0.8863692879676819
track_0,1071,0.7896586656570435,676.6887817382812,424.50445556640625,0.6377902626991272,608.1150512695312,368.1293029785156,1.0354055166244507,552.395263671875,360.501708984375,0.9732826948165894
track_1,1071,0.6416170001029968,,,0.0,784.656494140625,184.77713012695312,0.9302879571914673,868.9517211914062,172.47152709960938,0.9428095817565918
track_0,1072,0.7904112339019775,677.1264038085938,425.09136962890625,0.6349354386329651,608.13134765625,368.1382141113281,1.0336681604385376,552.5191650390625,360.4974060058594,0.9719993472099304
track_1,1072,0.6407000422477722,,,0.0,792.353271484375,184.56607055664062,0.9425585269927979,872.5560913085938,169.05386352539062,0.9082911610603333
track_0,1073,0.7901307344436646,677.6066284179688,428.55975341796875,0.6330207586288452,608.1748046875,368.20751953125,1.0329864025115967,552.7438354492188,360.50982666015625,0.9619439244270325
track_1,1073,0.6387625932693481,,,0.0,792.3433227539062,184.55609130859375,0.9525412917137146,876.2412109375,168.340087890625,0.9345215559005737
track_0,1074,0.7892176508903503,680.438232421875,428.7869873046875,0.6454070210456848,608.2169189453125,368.2558898925781,1.0320603847503662,552.9730834960938,360.53839111328125,0.9509686827659607
track_1,1074,0.6391598582267761,,,0.0,792.344970703125,184.479248046875,0.9567145109176636,876.64501953125,165.23077392578125,0.9376928806304932
track_0,1075,0.7951727509498596,681.423583984375,429.16497802734375,0.6233047842979431,608.244384765625,368.29901123046875,1.038369059562683,556.0965576171875,360.4260559082031,0.9540424346923828
track_1,1075,0.6503713130950928,,,0.0,792.5186157226562,184.32955932617188,0.9597470760345459,877.1406860351562,168.51153564453125,0.8524462580680847
track_0,1076,0.7966727614402771,684.39306640625,432.3731994628906,0.6077861189842224,608.3375244140625,368.39410400390625,1.048499345779419,556.436279296875,360.38812255859375,0.9605385661125183
track_1,1076,0.6565857529640198,,,0.0,800.4340209960938,184.22323608398438,0.9645838141441345,884.0135498046875,172.15057373046875,0.8595176935195923
track_0,1077,0.7881021499633789,685.4590454101562,433.00030517578125,0.6013045310974121,608.4290161132812,368.609619140625,1.051409363746643,557.0773315429688,360.60601806640625,0.9134110808372498
track_1,1077,0.6843955516815186,,,0.0,800.486328125,183.75497436523438,1.0189284086227417,885.0426025390625,176.38681030273438,0.8107162117958069
track_0,1078,0.7768393754959106,689.1299438476562,433.365966796875,0.6753764152526855,615.8375854492188,368.8299560546875,1.0467160940170288,559.880859375,361.429931640625,0.8860717415809631
track_1,1078,0.6447919607162476,,,0.0,808.4588623046875,184.55499267578125,1.0302387475967407,892.3541259765625,181.07513427734375,0.8727967739105225
track_0,1079,0.7665047645568848,692.3065795898438,436.7995910644531,0.6166374087333679,616.02490234375,369.1026611328125,1.0461537837982178,560.55322265625,361.5386657714844,0.8994315266609192
track_1,1079,0.6221343278884888,,,0.0,808.6986694335938,191.94305419921875,1.018697738647461,892.8895263671875,184.3829345703125,0.8874430656433105
track_0,1080,0.7582176923751831,696.0648193359375,440.10614013671875,0.51711505651474,616.3817749023438,375.7631530761719,1.0393284559249878,561.1446533203125,360.600341796875,0.8984987735748291
track_1,1080,0.6077813506126404,,,0.0,816.3953247070312,192.19140625,1.0015771389007568,896.8204345703125,184.72146606445312,0.9006728529930115
track_0,1081,0.7510960698127747,696.9837646484375,440.5839538574219,0.5062972903251648,616.523193359375,375.9775085449219,1.04221510887146,564.9071655273438,360.5936279296875,0.887266218662262
track_1,1081,0.603142261505127,705.0985107421875,187.861328125,0.37148934602737427,816.5712280273438,192.39315795898438,0.9990348815917969,900.3489990234375,184.64739990234375,0.9572474360466003
track_0,1082,0.7432485222816467,699.8746337890625,440.6758728027344,0.5976821780204773,624.0106811523438,376.3243408203125,1.0492534637451172,567.8779296875,364.5060729980469,0.8676087260246277
track_1,1082,0.5916550159454346,708.3067626953125,184.85833740234375,0.41089189052581787,816.7137451171875,192.11724853515625,1.008782148361206,897.1699829101562,180.56948852539062,0.9401809573173523
track_0,1083,0.735931932926178,700.0501708984375,440.7662048339844,0.5355350375175476,624.0909423828125,376.5101623535156,1.0479252338409424,568.4528198242188,364.5284729003906,0.8793436288833618
track_1,1083,0.5904176235198975,708.8162231445312,183.57058715820312,0.34126976132392883,816.5028686523438,191.5738983154297,0.998686671257019,896.8876953125,180.07481384277344,0.9019501209259033
track_0,1084,0.7334485650062561,697.52587890625,440.70654296875,0.5369736552238464,624.1370239257812,376.5764465332031,1.0424588918685913,568.5697631835938,364.529052734375,0.9047685861587524
track_1,1084,0.6039304733276367,,,0.0,816.5059204101562,185.05825805664062,1.0318667888641357,904.3833618164062,189.9061737060547,0.7993367314338684
track_0,1085,0.7351782321929932,695.7760620117188,440.98712158203125,0.5473001599311829,624.1013793945312,376.57843017578125,1.033529281616211,568.6159057617188,361.4991455078125,0.9023589491844177
track_1,1085,0.6165758967399597,,,0.0,816.4685668945312,184.80877685546875,1.0489501953125,707.7828369140625,197.07867431640625,0.6807365417480469
track_0,1086,0.7307773232460022,692.4622802734375,441.4374084472656,0.58798748254776,624.1270751953125,376.663818359375,1.0362964868545532,568.6134033203125,361.41705322265625,0.9166281223297119
track_1,1086,0.6183100938796997,,,0.0,816.4489135742188,184.56298828125,1.0111818313598633,709.028564453125,197.36671447753906,0.8097516894340515
track_0,1087,0.7329896092414856,692.0692138671875,441.82855224609375,0.5602169036865234,624.0801391601562,376.68096923828125,1.0412901639938354,568.591064453125,361.19073486328125,0.9221805930137634
track_1,1087,0.6196234822273254,,,0.0,824.254638671875,184.68490600585938,1.0035996437072754,716.8720703125,197.54205322265625,0.7158882021903992
track_0,1088,0.7342023253440857,692.0010986328125,441.8077392578125,0.5935009121894836,624.056884765625,376.68914794921875,1.042912244796753,568.5784912109375,361.09112548828125,0.9342869520187378
track_1,1088,0.6235396862030029,,,0.0,824.4022216796875,184.98574829101562,1.0079655647277832,720.5139770507812,193.75466918945312,0.6894708275794983
track_0,1089,0.7312638163566589,691.9013671875,444.922119140625,0.6348174214363098,624.0391235351562,376.90093994140625,1.0432202816009521,568.6622314453125,361.30810546875,0.9277052283287048
track_1,1089,0.6235359311103821,727.4866333007812,175.07028198242188,0.2843400239944458,824.37548828125,191.79893493652344,1.0238730907440186,720.9790649414062,196.2181854248047,0.6542355418205261
track_0,1090,0.7260344624519348,692.166259765625,444.685302734375,0.6245494484901428,624.308837890625,383.49822998046875,0.9723366498947144,568.9736328125,360.21514892578125,0.9184130430221558
track_1,1090,0.62847501039505,724.580322265625,175.82093811035156,0.36708617210388184,824.3701171875,192.44287109375,1.02974271774292,720.6840209960938,196.7133331298828,0.6530245542526245
track_0,1091,0.7248055934906006,692.5180053710938,447.9962158203125,0.6897333264350891,624.343505859375,383.6043701171875,0.9717966318130493,569.036376953125,360.2197570800781,0.9335891604423523
track_1,1091,0.6272372603416443,723.8865356445312,179.514404296875,0.6702587008476257,824.509765625,199.67745971679688,0.997185468673706,720.7521362304688,196.81903076171875,0.41141435503959656
track_0,1092,0.7256070971488953,692.8770751953125,448.23126220703125,0.7108970284461975,624.3204345703125,383.7334899902344,0.9770229458808899,572.0703125,360.2118835449219,0.940778374671936
track_1,1092,0.6436595916748047,721.33740234375,180.3289794921875,0.722212553024292,824.7026977539062,200.62152099609375,1.0005831718444824,721.1209716796875,197.70404052734375,0.3353680968284607
track_0,1093,0.725010871887207,693.1016845703125,448.1919860839844,0.7061306238174438,624.3148803710938,383.8135070800781,0.9801405668258667,572.0706176757812,360.37689208984375,0.9436373114585876
track_1,1093,0.6602345108985901,725.0243530273438,180.25738525390625,0.8527798652648926,832.4228515625,207.6973876953125,0.9486477971076965,,,0.0
track_0,1094,0.7234372496604919,693.1400146484375,448.21832275390625,0.6936202049255371,624.2949829101562,383.9128112792969,0.9823812246322632,572.091064453125,360.4489440917969,0.9457529187202454
track_1,1094,0.6827852725982666,728.0018310546875,184.09326171875,0.8565640449523926,832.3778686523438,208.114990234375,0.9675824046134949,,,0.0
track_0,1095,0.7215703129768372,693.06494140625,448.27423095703125,0.7047155499458313,624.28466796875,383.9862060546875,0.9848374128341675,572.1031494140625,360.5146484375,0.9492760896682739
track_1,1095,0.7060627937316895,728.2211303710938,184.37704467773438,0.8658267259597778,832.4363403320312,208.42120361328125,0.9760112762451172,,,0.0
track_0,1096,0.7223719954490662,692.4872436523438,445.4425048828125,0.6892299652099609,624.2728271484375,384.0425720214844,0.9880966544151306,572.1676635742188,360.51177978515625,0.9508411884307861
track_1,1096,0.715785562992096,728.64111328125,184.53482055664062,0.8732465505599976,832.445556640625,208.55453491210938,0.9736946225166321,,,0.0
track_0,1097,0.7217058539390564,692.194091796875,445.2467041015625,0.7091102600097656,624.2676391601562,384.1048583984375,0.9927245378494263,572.21923828125,360.5005187988281,0.9572049975395203
track_1,1097,0.7329196929931641,729.0114135742188,184.69610595703125,0.864463746547699,832.4918212890625,208.69728088378906,0.9663543701171875,,,0.0
track_0,1098,0.7209850549697876,689.31982421875,444.660400390625,0.6342645883560181,624.2514038085938,384.1479187011719,0.9979909062385559,572.2372436523438,360.5509033203125,0.953937292098999
track_1,1098,0.7520533204078674,729.2915649414062,181.3521728515625,0.8146575093269348,832.553466796875,208.881103515625,0.9312185049057007,,,0.0
track_0,1099,0.7193268537521362,689.3805541992188,444.86419677734375,0.6812584400177002,624.2687377929688,384.2187194824219,1.0012444257736206,572.2674560546875,360.59625244140625,0.9534998536109924
track_1,1099,0.7530770301818848,732.580078125,179.81224060058594,0.8962332606315613,840.4476928710938,215.6226806640625,0.9092546701431274,,,0.0
track_0,1100,0.7188522815704346,689.4515380859375,445.378173828125,0.7436635494232178,624.2088623046875,384.47808837890625,1.0084093809127808,572.1610107421875,360.7730712890625,0.9647416472434998
track_1,1100,0.7640420794487,732.7872314453125,179.83099365234375,0.8459942936897278,840.2941284179688,215.84857177734375,0.901857316493988,,,0.0
track_0,1101,0.716102123260498,689.3682250976562,445.57421875,0.7501463890075684,624.1638793945312,384.6194763183594,1.0117709636688232,572.244140625,360.8684997558594,0.960718035697937
track_1,1101,0.7774805426597595,735.6741333007812,180.17572021484375,0.792229950428009,840.19091796875,216.0723876953125,0.9040237665176392,,,0.0
track_0,1102,0.7158311605453491,689.3510131835938,445.69610595703125,0.7633269429206848,624.1717529296875,384.64520263671875,1.010329008102417,572.2728881835938,360.869140625,0.9607903957366943
track_1,1102,0.7896420359611511,893.1087036132812,252.79977416992188,0.5874999761581421,832.4848022460938,215.77169799804688,0.9118390083312988,740.35107421875,188.3743133544922,0.40688538551330566
track_0,1103,0.7156729698181152,689.35888671875,445.83984375,0.7647907733917236,624.170166015625,384.6607666015625,1.0112855434417725,572.2968139648438,360.85723876953125,0.9623972773551941
track_1,1103,0.7989561557769775,892.7891235351562,257.11474609375,0.6403704285621643,832.3793334960938,215.80026245117188,0.9198960065841675,740.9307250976562,187.89828491210938,0.42858394980430603
track_0,1104,0.7139270901679993,689.24072265625,445.73834228515625,0.7574993968009949,624.1826782226562,384.6611022949219,1.0106346607208252,572.3369750976562,360.84429931640625,0.9634002447128296
track_1,1104,0.8045466542243958,892.6101684570312,264.5352478027344,0.6450390219688416,832.23681640625,216.07131958007812,0.9114449620246887,741.6475830078125,184.79977416992188,0.3244704306125641
track_0,1105,0.7105204463005066,689.2120361328125,445.71453857421875,0.7332514524459839,624.2112426757812,384.6636047363281,1.0113599300384521,572.377197265625,360.8238525390625,0.9656195044517517
track_1,1105,0.794177770614624,739.558349609375,185.4983367919922,0.624792218208313,832.0623779296875,216.55038452148438,0.9247606992721558,742.215576171875,164.74081420898438,0.20889264345169067
track_0,1106,0.7068349719047546,688.8546142578125,445.75897216796875,0.7060031294822693,624.2413940429688,384.6850891113281,1.011443018913269,572.42138671875,360.8243408203125,0.9677930474281311
track_1,1106,0.7876061797142029,744.9146118164062,188.6863250732422,0.4922957420349121,832.4598999023438,224.01242065429688,0.9340051412582397,744.5498657226562,187.9196014404297,0.23480133712291718
track_0,1107,0.7041128873825073,688.5570678710938,448.7858581542969,0.701014518737793,624.2669067382812,384.7119445800781,1.0101921558380127,572.4573364257812,360.8268737792969,0.9692597389221191
track_1,1107,0.7652755975723267,868.642578125,316.49798583984375,0.5046747922897339,840.3772583007812,232.0303192138672,0.9512153267860413,756.4300537109375,188.73265075683594,0.6069859266281128
track_0,1108,0.7010748386383057,688.470458984375,448.11163330078125,0.6629561185836792,624.4757080078125,391.5190124511719,0.9506641626358032,572.4930419921875,360.2576599121094,0.9295746684074402
track_1,1108,0.7082685232162476,873.308349609375,331.645263671875,0.31559205055236816,848.440185546875,247.692138671875,0.9562256932258606,804.086669921875,212.0181884765625,0.36410611867904663
track_0,1109,0.6997637748718262,688.9489135742188,448.89501953125,0.5950206518173218,624.4957275390625,391.7518310546875,0.9537817239761353,572.5350952148438,360.49725341796875,0.9318057894706726
track_1,1109,0.6709545850753784,,,0.0,863.9166259765625,272.51788330078125,0.983429491519928,852.6843872070312,216.52383422851562,0.5421541929244995
track_0,1110,0.7013948559761047,689.1218872070312,452.7666015625,0.46946799755096436,624.6043090820312,391.99835205078125,0.9589431881904602,572.8283081054688,360.6197509765625,0.9313367009162903
track_1,1110,0.6755581498146057,,,0.0,871.9984130859375,288.4471740722656,1.0249015092849731,872.2098999023438,232.06675720214844,0.7858545184135437
track_0,1111,0.6985212564468384,689.4505004882812,459.990966796875,0.29519760608673096,624.7683715820312,392.28680419921875,0.9558500647544861,573.208984375,360.9501953125,0.9152214527130127
track_1,1111,0.6698900461196899,907.9790649414062,372.56982421875,0.21308119595050812,872.4777221679688,289.01898193359375,1.034481167793274,876.720947265625,237.35018920898438,0.7395463585853577
track_0,1112,0.6887751817703247,679.4097900390625,468.6380615234375,0.30936601758003235,632.3896484375,396.67340087890625,0.9373118877410889,575.9247436523438,364.12835693359375,0.86991947889328
track_1,1112,0.6836920380592346,924.0731811523438,388.38604736328125,0.2997410297393799,872.1156005859375,296.29638671875,1.0371884107589722,876.1256103515625,240.15847778320312,0.7259427309036255
track_0,1113,0.6847376823425293,676.0211181640625,472.38421630859375,0.6483357548713684,632.446044921875,396.83148193359375,0.9337740540504456,576.3577270507812,364.3262634277344,0.8810973167419434
track_1,1113,0.6969534158706665,925.3524169921875,391.549560546875,0.30484193563461304,864.926025390625,296.20556640625,1.0334397554397583,873.5472412109375,240.26840209960938,0.7716899514198303
track_0,1114,0.6912066340446472,676.20947265625,468.8084411621094,0.33186572790145874,632.372314453125,399.9614562988281,0.9387141466140747,576.8143310546875,364.58251953125,0.8581898808479309
track_1,1114,0.7079873085021973,909.100830078125,372.9903259277344,0.22034277021884918,864.8196411132812,289.16009521484375,1.0495238304138184,873.1576538085938,240.55178833007812,0.7000583410263062
track_0,1115,0.6979343295097351,,,0.0,632.3116455078125,400.1522521972656,0.9430017471313477,580.1478881835938,364.9705810546875,0.8551211357116699
track_1,1115,0.7207034230232239,916.9513549804688,376.9635314941406,0.305976003408432,864.5984497070312,289.0372314453125,1.0475552082061768,872.6326904296875,240.36959838867188,0.7329900860786438
track_0,1116,0.7035267949104309,,,0.0,632.2718505859375,400.2841796875,0.946628987789154,580.5849609375,365.0545654296875,0.8501760959625244
track_1,1116,0.7252806425094604,924.6641235351562,380.87884521484375,0.39054831862449646,864.5588989257812,288.87091064453125,1.0128519535064697,872.4979248046875,240.20693969726562,0.7311980128288269
track_0,1117,0.7059948444366455,,,0.0,632.3009643554688,400.313720703125,0.9445471167564392,580.8671264648438,365.0323181152344,0.830873966217041
track_1,1117,0.7225444912910461,924.7168579101562,376.6044921875,0.45262646675109863,864.7169189453125,288.7740478515625,0.9983461499214172,872.498046875,240.2762451171875,0.7335303425788879
track_0,1118,0.7019888758659363,,,0.0,632.3497314453125,400.1910400390625,0.9333171248435974,584.2963256835938,364.5668640136719,0.794937252998352
track_1,1118,0.7230040431022644,929.0796508789062,373.2079162597656,0.4727005362510681,864.9507446289062,288.711669921875,0.972122848033905,872.881103515625,240.75735473632812,0.7634730935096741
track_0,1119,0.6947441697120667,,,0.0,632.467041015625,400.0616455078125,0.9204955101013184,585.0155029296875,363.9164123535156,0.7063546180725098
track_1,1119,0.7190237641334534,933.1326904296875,379.42547607421875,0.5128263235092163,865.1412353515625,295.93194580078125,0.9728538393974304,869.4573974609375,240.94522094726562,0.7450884580612183
track_0,1120,0.6876186728477478,693.9053955078125,475.47381591796875,0.20494557917118073,632.6531372070312,399.81475830078125,0.9034369587898254,588.66796875,360.6638488769531,0.5904545783996582
track_1,1120,0.7092995047569275,931.7657470703125,384.7442932128906,0.5013237595558167,872.1473388671875,296.52838134765625,0.9936959147453308,868.5835571289062,244.47183227539062,0.6742533445358276
track_0,1121,0.6805297136306763,,,0.0,632.6077880859375,392.9308166503906,0.9451903104782104,589.1165161132812,360.84600830078125,0.681905210018158
track_1,1121,0.6760087609291077,928.545654296875,395.91455078125,0.43709784746170044,872.205810546875,304.2845764160156,1.0134198665618896,871.7437744140625,247.86688232421875,0.6644029021263123
track_0,1122,0.6792855858802795,656.396728515625,481.46417236328125,0.24905462563037872,632.6339111328125,392.6383361816406,0.9341070652008057,589.2899780273438,357.5311279296875,0.6611673831939697
track_1,1122,0.6400187015533447,920.3704833984375,400.27197265625,0.46477046608924866,872.2438354492188,312.3121337890625,1.0137041807174683,871.5855712890625,248.29736328125,0.5548413991928101
track_0,1123,0.6820977926254272,656.4266357421875,481.00897216796875,0.31147316098213196,632.6867065429688,392.31536865234375,0.9285926222801208,589.343505859375,357.1875305175781,0.6621483564376831
track_1,1123,0.6188037395477295,912.9215698242188,404.835205078125,0.39122092723846436,872.2283935546875,320.5404052734375,1.0266519784927368,871.92333984375,248.9927978515625,0.5902093052864075
track_0,1124,0.6788908243179321,656.3931884765625,480.9151611328125,0.3010047972202301,632.7818603515625,392.08831787109375,0.9269967079162598,592.4786987304688,356.8466796875,0.647193431854248
track_1,1124,0.6329445242881775,923.354248046875,420.99005126953125,0.40327611565589905,871.9168701171875,328.7177734375,1.031150221824646,871.638916015625,252.5511016845703,0.5319108366966248
track_0,1125,0.6788103580474854,656.0320434570312,480.424560546875,0.31389322876930237,639.9229736328125,392.06915283203125,0.9679521918296814,592.1751098632812,356.4758605957031,0.7475513219833374
track_1,1125,0.6776641011238098,881.272216796875,257.0218811035156,0.3579837381839752,864.8325805664062,336.6140441894531,1.01210618019104,864.7499389648438,260.0091857910156,0.45498034358024597
track_0,1126,0.6780290007591248,656.2710571289062,480.23822021484375,0.31557902693748474,640.135986328125,391.7588195800781,0.9555440545082092,592.7124633789062,356.0802001953125,0.6544405221939087
track_1,1126,0.6896111369132996,909.320556640625,428.8087158203125,0.3317285180091858,864.8275756835938,344.4215393066406,1.037731647491455,864.6062622070312,264.4458923339844,0.507296085357666
track_0,1127,0.6758968234062195,688.4671630859375,469.114990234375,0.4620181918144226,640.2083740234375,384.63787841796875,0.9896914958953857,596.265625,356.3551330566406,0.6916788816452026
track_1,1127,0.6660040616989136,909.658935546875,440.10296630859375,0.27804338932037354,865.20654296875,352.3735046386719,1.059161901473999,865.3353271484375,272.3343505859375,0.47006431221961975
track_0,1128,0.6757010817527771,685.1282958984375,471.92218017578125,0.45606333017349243,640.5879516601562,384.21612548828125,0.9598519206047058,597.0133666992188,353.26995849609375,0.6340785026550293
track_1,1128,0.6435834169387817,904.3289794921875,448.4600830078125,0.28225967288017273,872.1950073242188,360.4597473144531,1.0876566171646118,913.06591796875,468.07061767578125,0.41954505443573
track_0,1129,0.6739669442176819,684.627685546875,471.99224853515625,0.4809929132461548,640.8114013671875,383.9857177734375,0.9502911567687988,597.4908447265625,352.8014221191406,0.6083821058273315
track_1,1129,0.6363420486450195,,,0.0,872.6091918945312,368.75567626953125,1.0684282779693604,865.0725708007812,309.3106689453125,0.6524344682693481
track_0,1130,0.6796795725822449,680.2515869140625,469.12994384765625,0.514736533164978,648.0184936523438,383.9781799316406,0.9682574272155762,600.0809326171875,352.3654479980469,0.6612001657485962
track_1,1130,0.6191434264183044,,,0.0,872.6068725585938,392.01239013671875,1.012660026550293,865.49462890625,331.5218505859375,0.6429598331451416
track_0,1131,0.6893786191940308,680.3258056640625,469.1885681152344,0.5422481894493103,648.1048583984375,384.02020263671875,0.9665398001670837,600.127197265625,352.5355529785156,0.6898491382598877
track_1,1131,0.6664226651191711,,,0.0,872.207275390625,400.9386901855469,1.0106180906295776,872.4414672851562,344.926025390625,0.7049988508224487
track_0,1132,0.6958177089691162,680.1995849609375,472.3985900878906,0.6423608660697937,648.1888427734375,384.2267150878906,0.9723029136657715,600.147705078125,352.8042907714844,0.7172279953956604
track_1,1132,0.7068722248077393,915.8704833984375,496.6589050292969,0.218746617436409,871.970947265625,408.6565246582031,1.0248510837554932,871.7548828125,352.795654296875,0.5967360734939575
track_0,1133,0.6929460167884827,679.81298828125,472.82257080078125,0.7001432776451111,648.2035522460938,384.49200439453125,0.9731683135032654,600.096923828125,353.2237854003906,0.7645792961120605
track_1,1133,0.716659426689148,912.1558837890625,497.03741455078125,0.307417631149292,871.9217529296875,408.91070556640625,1.0462747812271118,868.5491333007812,356.7894287109375,0.5917838215827942
track_0,1134,0.6846669912338257,683.5553588867188,476.0008239746094,0.5062724947929382,648.13525390625,391.810546875,0.9465550184249878,596.7921142578125,352.51507568359375,0.6901540160179138
track_1,1134,0.715316116809845,923.3275146484375,508.36865234375,0.4486495554447174,872.0313720703125,416.1385498046875,1.0266692638397217,868.475341796875,356.0413818359375,0.5428940653800964
track_0,1135,0.682279646396637,684.1265869140625,476.16839599609375,0.4360072612762451,640.93212890625,391.97955322265625,0.9370372295379639,597.4777221679688,352.8345947265625,0.6323162913322449
track_1,1135,0.74476557970047,925.041015625,512.3292846679688,0.31195068359375,864.9173583984375,416.5392150878906,1.031176209449768,868.618408203125,352.6403503417969,0.3945603668689728
track_0,1136,0.682403028011322,676.4212036132812,473.25567626953125,0.6122891902923584,640.80029296875,392.2672119140625,0.9540424346923828,597.2828369140625,352.9951171875,0.6408548355102539
track_1,1136,0.7550197243690491,912.8394775390625,500.7540283203125,0.2447597235441208,864.4078369140625,416.8819274902344,1.0372223854064941,864.5300903320312,352.3208923339844,0.39872705936431885
track_0,1137,0.6716267466545105,668.644775390625,476.2727355957031,0.8582944869995117,640.6411743164062,392.3473815917969,0.9422215223312378,597.0049438476562,352.849853515625,0.6682753562927246
track_1,1137,0.7390698194503784,908.8292236328125,508.64373779296875,0.3309358060359955,864.2951049804688,424.3945007324219,1.0417325496673584,864.1865844726562,351.88177490234375,0.42586976289749146
track_0,1138,0.6609200239181519,664.6004638671875,473.2032470703125,0.937484085559845,640.49609375,392.4711608886719,0.950699508190155,596.9298095703125,352.6697998046875,0.6676228046417236
track_1,1138,0.6978493928909302,905.2152099609375,520.1378173828125,0.3062983453273773,864.7410278320312,432.2309265136719,1.064786672592163,865.028076171875,352.8149108886719,0.5290930867195129
track_0,1139,0.6544557809829712,664.3958129882812,473.2530517578125,0.9404114484786987,640.381591796875,392.5042724609375,0.9463154077529907,596.8896484375,352.3443298339844,0.6489265561103821
track_1,1139,0.649152398109436,896.7708129882812,528.9156494140625,0.31946784257888794,871.85107421875,440.3529968261719,1.089544415473938,868.195556640625,356.79937744140625,0.6109246611595154
track_0,1140,0.6554879546165466,660.801025390625,473.1558837890625,0.939372718334198,640.3080444335938,392.5184326171875,0.9436176419258118,596.9126586914062,352.32623291015625,0.6380415558815002
track_1,1140,0.619451642036438,896.4461669921875,536.8912353515625,0.3329663574695587,872.2123413085938,448.53033447265625,1.0809510946273804,872.033935546875,364.168212890625,0.6620815992355347
track_0,1141,0.6528545618057251,660.26806640625,473.0766296386719,0.9571279883384705,640.2544555664062,392.52880859375,0.9431821703910828,596.8856201171875,349.47894287109375,0.6283454895019531
track_1,1141,0.6228309869766235,900.1168823242188,548.632568359375,0.34965312480926514,871.99609375,456.5006103515625,1.0953428745269775,871.853759765625,368.7644958496094,0.4511580169200897
track_0,1142,0.6511579751968384,660.1253662109375,473.0807800292969,0.9323772192001343,640.2588500976562,392.5583190917969,0.9368996024131775,600.0059814453125,349.52252197265625,0.6342609524726868
track_1,1142,0.6264256834983826,885.3685302734375,368.3695373535156,0.532735288143158,865.4983520507812,464.3892822265625,1.1002265214920044,,,0.0
track_0,1143,0.647132158279419,656.5469360351562,473.08013916015625,0.9370393753051758,640.246337890625,392.5998840332031,0.9376638531684875,599.984130859375,349.52838134765625,0.6388288736343384
track_1,1143,0.5974507927894592,887.8524780273438,372.2991638183594,0.2411627322435379,871.7778930664062,464.840576171875,1.0844857692718506,871.9627685546875,376.51025390625,0.4402054250240326
track_0,1144,0.6396340727806091,652.528076171875,473.10015869140625,0.9647819399833679,640.1376342773438,392.6181335449219,0.936180055141449,599.9168090820312,349.4335021972656,0.6432013511657715
track_1,1144,0.5748258829116821,895.8281860351562,380.4979553222656,0.3270140588283539,872.0436401367188,472.68438720703125,1.0840175151824951,876.2108764648438,384.3843078613281,0.3521505892276764
track_0,1145,0.6327938437461853,651.9710083007812,473.28350830078125,1.0011570453643799,639.9909057617188,392.63275146484375,0.937146782875061,599.8876342773438,349.2421875,0.640336811542511
track_1,1145,0.5954487919807434,,,0.0,871.9378662109375,480.9284973144531,1.0614686012268066,868.1354370117188,401.1017150878906,0.7131486535072327
track_0,1146,0.6388598680496216,653.3048706054688,475.88287353515625,0.9883204102516174,632.8953247070312,399.92242431640625,0.8960163593292236,601.01171875,348.101318359375,0.3359221816062927
track_1,1146,0.6487367153167725,878.0740356445312,588.7503662109375,0.35953956842422485,864.9185791015625,496.50726318359375,1.0387628078460693,864.7615966796875,428.599365234375,0.7921854853630066
track_0,1147,0.6402148604393005,652.6776123046875,476.04736328125,0.9986874461174011,632.5667724609375,400.04010009765625,0.9056623578071594,600.73876953125,348.2726745605469,0.40641525387763977
track_1,1147,0.6621128916740417,876.9996948242188,604.1717529296875,0.31826844811439514,864.195068359375,512.3575439453125,1.0387098789215088,864.8604125976562,456.0649108886719,0.7618145942687988
track_0,1148,0.6400480270385742,648.8880615234375,475.9273986816406,0.9362894892692566,632.263671875,400.15728759765625,0.9047927260398865,600.4695434570312,348.2547912597656,0.4146810472011566
track_1,1148,0.6831032037734985,892.0050048828125,628.2039794921875,0.5672001838684082,864.3349609375,528.1021728515625,0.9954404234886169,868.3573608398438,471.9516906738281,0.6839265823364258
track_0,1149,0.6385594010353088,647.959228515625,473.1600341796875,0.8703974485397339,632.0086669921875,400.2732849121094,0.9074084162712097,600.4002075195312,348.26251220703125,0.45386946201324463
track_1,1149,0.7161998748779297,892.257080078125,628.706298828125,0.4830701947212219,864.440673828125,528.9375610351562,1.0156047344207764,865.0789184570312,480.48321533203125,0.48631367087364197
track_0,1150,0.6401354670524597,645.060791015625,472.8690490722656,0.8200869560241699,625.1224975585938,400.5161437988281,0.9069994688034058,617.184814453125,345.39776611328125,0.43346890807151794
track_1,1150,0.7275695204734802,895.7349853515625,631.9534912109375,0.6209723949432373,864.4168701171875,535.9926147460938,0.9868150353431702,868.4091186523438,484.676513671875,0.5291347503662109
track_0,1151,0.6450183391571045,641.4129638671875,472.72930908203125,0.7867703437805176,624.9955444335938,400.634765625,0.907676637172699,613.328369140625,348.4223327636719,0.47991400957107544
track_1,1151,0.7283701300621033,896.695556640625,628.79052734375,0.6745434403419495,864.6298217773438,536.0838623046875,1.0081695318222046,868.7296142578125,485.05889892578125,0.6174520254135132
track_0,1152,0.6464223265647888,641.0494384765625,472.57080078125,0.7087275385856628,624.885986328125,400.67193603515625,0.9087310433387756,613.1310424804688,348.34698486328125,0.5057510733604431
track_1,1152,0.726119339466095,900.8438110351562,625.140869140625,0.6446601152420044,864.807373046875,536.2152099609375,0.9941291809082031,872.6285400390625,485.19970703125,0.6269440054893494
track_0,1153,0.648184061050415,640.9739379882812,469.5312805175781,0.6711923480033875,624.7952270507812,400.684814453125,0.9048957824707031,612.9813232421875,345.61993408203125,0.517684280872345
track_1,1153,0.7251387238502502,908.6885375976562,620.4581298828125,0.6209750175476074,865.02783203125,536.27099609375,0.97278892993927,872.9424438476562,487.92901611328125,0.6502924561500549
track_0,1154,0.6505152583122253,641.194091796875,468.95751953125,0.5229282379150391,624.7200927734375,400.69061279296875,0.9042980670928955,612.904541015625,345.5367431640625,0.5302187204360962
track_1,1154,0.7274504899978638,917.0400390625,616.4622192382812,0.49913203716278076,865.0963745117188,536.3314208984375,0.9796962738037109,873.1937255859375,487.9842224121094,0.7025036215782166
track_0,1155,0.6501636505126953,641.2271728515625,468.6732177734375,0.4558717608451843,624.6732788085938,400.67633056640625,0.9028682112693787,612.8314208984375,345.43658447265625,0.5409040451049805
track_1,1155,0.7263887524604797,925.6320190429688,608.5122680664062,0.27332380414009094,865.2628784179688,536.435791015625,0.9826754927635193,877.06201171875,488.15264892578125,0.7521268129348755
track_0,1156,0.6509240865707397,641.1966552734375,465.84539794921875,0.3448294699192047,624.6492309570312,400.6728515625,0.8993157148361206,612.7769775390625,345.4349365234375,0.5345526933670044
track_1,1156,0.7296213507652283,,,0.0,872.4398803710938,536.2769165039062,1.0179952383041382,872.391845703125,488.0687255859375,0.6014676690101624
track_0,1157,0.65067058801651,641.468505859375,465.4740905761719,0.21857231855392456,624.6550903320312,400.67449951171875,0.9014928936958313,612.6992797851562,345.443603515625,0.5289528965950012
track_1,1157,0.7231001257896423,,,0.0,879.7926635742188,536.2116088867188,1.0431534051895142,931.4346923828125,600.8876953125,0.3231865167617798
track_0,1158,0.6495004892349243,641.728515625,465.3982238769531,0.22493188083171844,624.650146484375,400.71514892578125,0.8990260362625122,609.2153930664062,345.48199462890625,0.5270829796791077
track_1,1158,0.7331593036651611,947.8963012695312,603.9508056640625,0.3477123975753784,880.2197875976562,536.4173583984375,1.031780481338501,872.7115478515625,488.4939880371094,0.43068617582321167
track_0,1159,0.6487042903900146,648.783935546875,469.11395263671875,0.20149432122707367,624.6364135742188,400.76959228515625,0.8987159729003906,609.2025146484375,345.5106201171875,0.5255473852157593
track_1,1159,0.7348337173461914,944.9603271484375,608.870849609375,0.5171689987182617,880.4595336914062,536.5755004882812,1.0354467630386353,876.6190795898438,488.49810791015625,0.4794348478317261
track_0,1160,0.6482059955596924,,,0.0,624.6146240234375,400.8161315917969,0.8995388150215149,609.1211547851562,345.49139404296875,0.5288102030754089
track_1,1160,0.7394219636917114,948.2662353515625,613.0117797851562,0.5517580509185791,880.627685546875,536.9220581054688,1.0234233140945435,877.2990112304688,488.9862060546875,0.39721566438674927
track_0,1161,0.6466377973556519,,,0.0,624.6431884765625,400.84246826171875,0.8993751406669617,609.0578002929688,345.4747314453125,0.5289972424507141
track_1,1161,0.7453675270080566,948.5076293945312,616.556396484375,0.5172639489173889,887.728271484375,544.1027221679688,1.0470539331436157,883.8515625,492.526611328125,0.32910680770874023
track_0,1162,0.6482517719268799,,,0.0,624.369873046875,408.05572509765625,0.865185558795929,608.7301025390625,344.1618347167969,0.5064966678619385
track_1,1162,0.7450805902481079,949.1146850585938,620.77392578125,0.6173555850982666,880.8460693359375,544.6278076171875,1.0080792903900146,885.2516479492188,496.03704833984375,0.6429855227470398
track_0,1163,0.6478654742240906,,,0.0,624.4034423828125,408.0693359375,0.86639004945755,608.7484741210938,344.1800537109375,0.5074449181556702
track_1,1163,0.7272496819496155,948.8944091796875,624.8634643554688,0.5802225470542908,880.8887939453125,545.091064453125,0.9884594082832336,889.2513427734375,496.8118591308594,0.6983872056007385
track_0,1164,0.6497213840484619,,,0.0,624.4381713867188,408.10491943359375,0.8685194253921509,608.8936157226562,344.2304382324219,0.5111750364303589
track_1,1164,0.7263059616088867,952.873046875,628.1698608398438,0.5851927995681763,887.936279296875,552.1841430664062,1.0269526243209839,888.29638671875,497.05096435546875,0.6848945617675781
track_0,1165,0.6503756642341614,,,0.0,624.46142578125,408.1268310546875,0.8711823225021362,609.0126953125,344.2430419921875,0.5163642168045044
track_1,1165,0.7206099629402161,957.1610107421875,628.4154052734375,0.6109739542007446,888.359130859375,552.6622314453125,1.0099763870239258,892.59375,500.8924560546875,0.7887726426124573
track_0,1166,0.650602400302887,,,0.0,624.4527587890625,408.1429748535156,0.8706554770469666,612.4259033203125,344.1614990234375,0.5288977026939392
track_1,1166,0.691347599029541,960.1825561523438,629.1595458984375,0.598936915397644,888.587646484375,560.3582153320312,1.0253194570541382,896.55810546875,504.4956970214844,0.7967470288276672
track_0,1167,0.6503692269325256,,,0.0,624.4508666992188,408.13824462890625,0.8705444931983948,609.1619873046875,344.23870849609375,0.5324657559394836
track_1,1167,0.662504255771637,960.6678466796875,633.379638671875,0.5558729767799377,888.6168212890625,568.4894409179688,1.0359265804290771,893.3834228515625,512.2139892578125,0.48557785153388977
track_0,1168,0.6522342562675476,,,0.0,624.4533081054688,408.1258544921875,0.8721494674682617,609.1663208007812,344.2563781738281,0.5277788639068604
track_1,1168,0.6411020159721375,960.6436767578125,640.4558715820312,0.5014695525169373,888.4588623046875,576.2139282226562,1.031644344329834,949.0567626953125,640.3359375,0.38762861490249634
track_0,1169,0.6525861024856567,,,0.0,624.4578857421875,408.11968994140625,0.8730779886245728,609.15673828125,344.26416015625,0.5247477889060974
track_1,1169,0.6418225169181824,956.4208984375,648.9734497070312,0.5975421667098999,888.1192626953125,576.9868774414062,1.0137327909469604,893.1111450195312,521.4393310546875,0.576324999332428
track_0,1170,0.6539286971092224,,,0.0,624.4681396484375,408.1178894042969,0.8735268115997314,609.2007446289062,344.2821044921875,0.5308680534362793
track_1,1170,0.6475624442100525,956.1793823242188,657.0458984375,0.6533604264259338,888.1678466796875,584.4584350585938,1.019680142402649,892.6622314453125,524.6168212890625,0.2344258725643158
track_0,1171,0.6555184125900269,,,0.0,624.4896240234375,408.10546875,0.8760886192321777,612.5179443359375,344.30487060546875,0.5392580032348633
track_1,1171,0.6554709672927856,892.5504150390625,524.4813842773438,0.738657534122467,888.552734375,592.0170288085938,1.01486337184906,,,0.0
track_0,1172,0.6553752422332764,,,0.0,624.49755859375,408.1060485839844,0.8745713233947754,644.6694946289062,476.7740173339844,0.5548838376998901
track_1,1172,0.6810523271560669,892.2560424804688,528.7621459960938,0.6832151412963867,892.8052978515625,592.8778076171875,1.0400499105453491,,,0.0
track_0,1173,0.6569293141365051,,,0.0,624.5301513671875,408.1326904296875,0.8727960586547852,644.7122192382812,476.7498779296875,0.5679905414581299
track_1,1173,0.7000712156295776,963.7593994140625,688.071044921875,0.5264682173728943,903.6917114257812,600.1317749023438,1.1234899759292603,,,0.0
track_0,1174,0.656282901763916,,,0.0,624.5673217773438,408.1361083984375,0.8722104430198669,644.6348876953125,476.64178466796875,0.5594566464424133
track_1,1174,0.689906656742096,,,0.0,904.00146484375,600.0855712890625,1.075770378112793,961.0072021484375,700.46875,0.6592789888381958
track_0,1175,0.6545382142066956,,,0.0,624.6033935546875,408.13427734375,0.8702268600463867,644.75439453125,476.60235595703125,0.5809233784675598
track_1,1175,0.668264627456665,,,0.0,904.1990356445312,599.900146484375,1.0493391752243042,961.3331298828125,703.9436645507812,0.7648531794548035
track_0,1176,0.652771532535553,,,0.0,624.6380004882812,408.1394348144531,0.8670170903205872,644.8690185546875,476.5948791503906,0.5989802479743958
track_1,1176,0.6538645625114441,,,0.0,901.6283569335938,599.9091186523438,1.0441604852676392,964.781494140625,704.3125,0.6748508810997009
track_0,1177,0.6537850499153137,,,0.0,624.6466064453125,408.1458740234375,0.8672742247581482,644.9100952148438,476.5989685058594,0.60383540391922
track_1,1177,0.6487303972244263,,,0.0,911.7053833007812,599.9865112304688,1.043895959854126,964.7256469726562,704.4295654296875,0.6998701691627502
track_0,1178,0.6537789702415466,,,0.0,624.65869140625,408.1483154296875,0.868643581867218,644.9722290039062,476.62261962890625,0.6095467209815979
track_1,1178,0.654241681098938,,,0.0,901.474365234375,600.0687255859375,1.0363630056381226,968.7924194335938,704.2713623046875,0.6700595617294312
track_0,1179,0.6540512442588806,,,0.0,624.6611328125,408.14849853515625,0.8687620162963867,645.0435791015625,476.653564453125,0.6129550337791443
track_1,1179,0.6629337072372437,,,0.0,904.0803833007812,600.5702514648438,1.0406032800674438,968.73583984375,704.780517578125,0.5939293503761292
track_0,1180,0.6539248824119568,637.2186279296875,465.4615783691406,0.20943814516067505,624.6604614257812,408.1494140625,0.869696319103241,645.0949096679688,476.71014404296875,0.6167876124382019
track_1,1180,0.6673459410667419,,,0.0,903.8397827148438,607.7801513671875,1.0426037311553955,964.76806640625,707.92578125,0.73704594373703
track_0,1181,0.6542650461196899,637.24755859375,465.47210693359375,0.20480945706367493,624.6728515625,408.1627502441406,0.8686010241508484,645.0919189453125,476.7110595703125,0.6171832084655762
track_1,1181,0.6704136729240417,,,0.0,903.8640747070312,608.0928344726562,1.1107869148254395,955.8836669921875,708.224365234375,0.8605468273162842
track_0,1182,0.6551596522331238,,,0.0,624.6929931640625,408.1911315917969,0.8664537072181702,645.113525390625,476.70819091796875,0.6235536932945251
track_1,1182,0.6667301654815674,,,0.0,903.9696044921875,608.03125,1.130256175994873,947.7656860351562,708.171142578125,0.851179301738739
track_0,1183,0.6552349328994751,,,0.0,624.7144775390625,408.18035888671875,0.8712435364723206,648.5775146484375,476.81884765625,0.5953262448310852
track_1,1183,0.657051682472229,,,0.0,904.006103515625,604.812744140625,1.0889177322387695,935.8462524414062,707.8931884765625,0.7638351321220398
track_0,1184,0.6541691422462463,,,0.0,624.760986328125,408.226806640625,0.8727705478668213,649.0098266601562,479.69207763671875,0.5605019927024841
track_1,1184,0.6410818099975586,912.8855590820312,700.9087524414062,0.21361812949180603,904.067138671875,600.5775756835938,1.1033462285995483,920.4976806640625,704.98291015625,0.7814050316810608
track_0,1185,0.6528280377388,,,0.0,624.763916015625,408.24713134765625,0.8710752725601196,613.3135375976562,344.94342041015625,0.5407386422157288
track_1,1185,0.6200723052024841,904.7767333984375,697.5150756835938,0.7549031972885132,904.152099609375,600.4886474609375,1.1067216396331787,900.2344970703125,544.3819580078125,0.5531463623046875
track_0,1186,0.6553976535797119,,,0.0,624.7344970703125,408.2712097167969,0.8747360110282898,613.2979736328125,344.9863586425781,0.539109468460083
track_1,1186,0.5973591804504395,889.1206665039062,700.6295166015625,0.6780065298080444,904.3030395507812,600.4020385742188,1.094180941581726,904.0784912109375,541.1397705078125,0.6189559102058411
track_0,1187,0.6579845547676086,,,0.0,624.7047119140625,408.279296875,0.8715338110923767,613.2666015625,345.0152587890625,0.5455865263938904
track_1,1187,0.5773440599441528,876.2691650390625,701.2848510742188,0.5371239185333252,904.3515625,600.3345336914062,1.0840108394622803,908.66259765625,540.5653686523438,0.6827229261398315
track_0,1188,0.6595650911331177,,,0.0,624.7018432617188,408.2923583984375,0.8707614541053772,613.24658203125,345.074951171875,0.5564691424369812
track_1,1188,0.5617969036102295,860.7406005859375,704.24755859375,0.6032928228378296,904.6376953125,600.6119995117188,1.0943710803985596,912.7664794921875,540.6785278320312,0.698146641254425
track_0,1189,0.6599107384681702,,,0.0,624.6974487304688,408.29217529296875,0.870642900466919,613.1923217773438,345.110595703125,0.5541805624961853
track_1,1189,0.546462893486023,848.7507934570312,701.5208129882812,0.7672208547592163,904.7896728515625,600.9437255859375,1.1066370010375977,913.238037109375,541.224853515625,0.6987714171409607
track_0,1190,0.6599047780036926,,,0.0,624.6987915039062,408.2913818359375,0.8704735636711121,613.1675415039062,345.13153076171875,0.5477216839790344
track_1,1190,0.5343125462532043,836.7559814453125,700.94287109375,0.9148824214935303,904.3966064453125,608.1084594726562,1.070911169052124,912.3606567382812,540.6900634765625,0.5917057394981384
track_0,1191,0.660095751285553,,,0.0,624.7059326171875,408.2896728515625,0.8712184429168701,613.1534423828125,345.1415100097656,0.5492293834686279
track_1,1191,0.5234564542770386,824.448974609375,700.3578491210938,0.968827486038208,904.1668701171875,608.4220581054688,1.0695832967758179,915.9981079101562,544.7973022460938,0.6125136613845825
track_0,1192,0.6601274013519287,,,0.0,624.7053833007812,408.29241943359375,0.8712663054466248,613.15185546875,347.935546875,0.5464441776275635
track_1,1192,0.5165302753448486,812.3248901367188,699.9612426757812,0.9781184196472168,896.6574096679688,616.1607666015625,0.968122661113739,920.55029296875,547.9738159179688,0.6418811082839966
track_0,1193,0.6600140929222107,,,0.0,624.6962890625,408.2901306152344,0.8700083494186401,641.2744750976562,476.3898010253906,0.554085373878479
track_1,1193,0.5142154097557068,801.10693359375,693.0333251953125,0.32932859659194946,896.3449096679688,616.1400146484375,0.9752065539360046,916.8609619140625,548.5399780273438,0.6784133315086365
track_0,1194,0.66080641746521,,,0.0,624.6946411132812,408.2917175292969,0.8694543838500977,641.2750244140625,476.460205078125,0.568759560585022
track_1,1194,0.5087010860443115,788.7079467773438,688.533203125,0.2518824338912964,896.5013427734375,609.2392578125,0.9798351526260376,921.1153564453125,553.2119140625,0.8356214165687561
track_0,1195,0.6606185436248779,,,0.0,624.7073974609375,408.2831115722656,0.8724102973937988,641.2660522460938,476.3316955566406,0.5652872920036316
track_1,1195,0.5022056698799133,780.0708618164062,685.23974609375,0.4606415927410126,888.5679931640625,616.5328369140625,0.9876832962036133,921.1844482421875,556.3043212890625,0.7916585803031921
track_0,1196,0.6609258651733398,,,0.0,624.7093505859375,408.2786865234375,0.8727333545684814,644.7086181640625,476.616455078125,0.5701974630355835
track_1,1196,0.49902668595314026,776.9635620117188,680.968505859375,0.4418871998786926,888.216064453125,616.4146118164062,0.9793103337287903,920.9014892578125,556.8118896484375,0.8387441635131836
track_0,1197,0.6607760787010193,,,0.0,624.7064819335938,408.27191162109375,0.8729219436645508,644.7055053710938,476.6069030761719,0.5742573142051697
track_1,1197,0.49782034754753113,776.986083984375,676.6773071289062,0.5784451365470886,888.0870971679688,616.3333740234375,0.9662206172943115,924.199951171875,560.0466918945312,0.888842761516571
track_0,1198,0.6617621183395386,,,0.0,624.6947631835938,408.26239013671875,0.8744338154792786,644.785400390625,476.58355712890625,0.5807991623878479
track_1,1198,0.4955819845199585,776.618408203125,675.6717529296875,0.6757481098175049,888.0463256835938,616.3538818359375,0.942948043346405,924.16845703125,560.5152587890625,0.9584342837333679
track_0,1199,0.6617533564567566,,,0.0,624.68212890625,408.2571716308594,0.8741003274917603,613.2106323242188,347.9251403808594,0.5574660301208496
track_1,1199,0.48195114731788635,772.209228515625,672.0964965820312,0.2132962942123413,887.87109375,616.393310546875,0.9206244945526123,920.7413330078125,564.2026977539062,0.9631922245025635
track_0,1200,0.6623725891113281,,,0.0,624.6619262695312,408.25244140625,0.8738317489624023,613.1984252929688,347.9161682128906,0.5600192546844482
track_1,1200,0.44880014657974243,,,0.0,872.6859130859375,624.4686889648438,0.9018478393554688,916.6199951171875,572.5970458984375,0.7491728067398071
track_0,1201,0.6580162644386292,,,0.0,624.6287231445312,408.2049255371094,0.8737106323242188,613.1771850585938,347.8948669433594,0.5630579590797424
track_1,1201,0.3899116516113281,,,0.0,871.5968627929688,624.316650390625,0.8894885182380676,912.1129150390625,584.7233276367188,0.892686128616333
track_0,1202,0.6469219326972961,,,0.0,624.5670166015625,408.12664794921875,0.8720255494117737,644.60791015625,476.74822998046875,0.5881325006484985
track_1,1202,0.37177592515945435,,,0.0,720.1680908203125,640.1824951171875,0.9473353624343872,656.0850830078125,643.6766357421875,0.6389816999435425
track_0,1203,0.6240382790565491,637.2066040039062,469.26116943359375,0.5965669751167297,624.8408813476562,400.799072265625,0.9005448818206787,617.0263671875,348.7240905761719,0.634282648563385
track_1,1203,0.5125741958618164,,,0.0,696.10986328125,624.56689453125,0.9151256084442139,628.2832641601562,624.281494140625,0.6306056380271912
track_0,1204,0.5885168313980103,644.8165893554688,476.5663146972656,0.8996343612670898,624.7755126953125,400.6178894042969,0.9040457606315613,617.1201782226562,348.59808349609375,0.657577633857727
track_1,1204,0.5906625390052795,,,0.0,764.7711791992188,616.2156372070312,0.7834364771842957,840.7326049804688,600.8305053710938,0.4052184224128723
track_0,1205,0.5472714304924011,645.5844116210938,476.650146484375,1.0289497375488281,624.8357543945312,400.406494140625,0.902349591255188,617.119873046875,348.4688415527344,0.6688055396080017
track_1,1205,0.47465643286705017,,,0.0,735.9412231445312,599.7891845703125,0.8822886943817139,812.13330078125,599.5787963867188,0.36094173789024353
track_0,1206,0.5210869312286377,648.8511962890625,476.7286682128906,1.0392959117889404,624.969970703125,400.44708251953125,0.8986800312995911,617.1878662109375,348.5976867675781,0.666278064250946
track_1,1206,0.3943919241428375,648.0205078125,467.9774169921875,0.5171213150024414,700.8423461914062,583.8812255859375,0.917805552482605,780.265869140625,595.8692626953125,0.5925530791282654
track_0,1207,0.4919509291648865,649.4262084960938,476.8560791015625,1.0225697755813599,625.194091796875,400.6163330078125,0.900485098361969,617.2970581054688,348.7852783203125,0.6615703701972961
track_1,1207,0.39183783531188965,,,0.0,680.001953125,569.40283203125,0.8792580366134644,756.28173828125,593.1597290039062,0.7664527893066406
track_0,1208,0.45427247881889343,651.2025756835938,476.96466064453125,0.9484952092170715,631.3370361328125,400.7637634277344,0.8877009153366089,611.8885498046875,349.1764221191406,0.6120661497116089
track_1,1208,0.44667065143585205,536.3363647460938,560.8085327148438,0.5380469560623169,648.0753784179688,561.096435546875,0.9120844006538391,744.3236083984375,585.5859375,0.44659650325775146
track_0,1209,0.4210638999938965,652.0787963867188,475.91064453125,0.9460691213607788,631.4673461914062,408.015869140625,0.8699008226394653,608.0534057617188,348.21380615234375,0.557550847530365
track_1,1209,0.4782077372074127,656.8906860351562,472.9562683105469,0.5505882501602173,639.997314453125,553.2032470703125,0.9113171696662903,597.5387573242188,609.149658203125,0.3971254825592041
track_0,1210,0.3951824903488159,652.0674438476562,476.0205078125,0.9435886740684509,631.5670166015625,408.0945739746094,0.86625736951828,608.0990600585938,348.2680358886719,0.5535717010498047
track_1,1210,0.484474241733551,656.7772827148438,471.84259033203125,0.540282130241394,639.8592529296875,551.9688720703125,0.9189580678939819,732.191650390625,575.8431396484375,0.6087234616279602
track_0,1211,0.3882389962673187,651.8553466796875,476.0325927734375,0.9225143194198608,631.544189453125,408.0611572265625,0.8645562529563904,608.0736694335938,348.2625732421875,0.5544196963310242
track_1,1211,0.48415622115135193,656.075439453125,469.835205078125,0.5223817229270935,640.1351318359375,545.3812866210938,0.83548903465271,732.09228515625,569.1957397460938,0.4966612458229065
track_0,1212,0.38924044370651245,651.7146606445312,475.7775573730469,0.903843879699707,631.50244140625,407.9851379394531,0.8657368421554565,608.0302734375,348.2292785644531,0.5577025413513184
track_1,1212,0.4823801517486572,653.4739990234375,469.61480712890625,0.49775341153144836,640.2215576171875,545.4679565429688,0.8405375480651855,732.379638671875,566.138671875,0.5275580883026123
track_0,1213,0.4004410207271576,651.605712890625,475.83538818359375,0.9122223854064941,631.431640625,407.95208740234375,0.8660153746604919,607.9862670898438,348.217041015625,0.5582525134086609
track_1,1213,0.4768037497997284,656.063232421875,468.8576965332031,0.4236874282360077,640.1062622070312,552.1622924804688,0.9336183667182922,728.9851684570312,567.9971313476562,0.7425170540809631
track_0,1214,0.4137226343154907,651.5560913085938,475.85833740234375,0.927682638168335,631.3126220703125,407.858154296875,0.871779203414917,607.94921875,348.2574157714844,0.5576358437538147
track_1,1214,0.46401089429855347,653.8885498046875,469.44085693359375,0.4198381304740906,640.395263671875,552.900390625,0.9327547550201416,533.143310546875,612.6910400390625,0.8993858098983765
track_0,1215,0.4194307029247284,647.824951171875,476.8645324707031,0.9248141050338745,631.3339233398438,400.9095458984375,0.8945057392120361,611.751220703125,349.59356689453125,0.6144182682037354
track_1,1215,0.45179644227027893,653.7794189453125,472.5621337890625,0.26834726333618164,648.0770263671875,553.0865478515625,0.9326474666595459,544.1436767578125,628.90380859375,0.8803491592407227
track_0,1216,0.4219591021537781,647.7666015625,476.88232421875,0.9284310936927795,631.2670288085938,400.9036865234375,0.8937312960624695,611.6814575195312,349.69488525390625,0.6166064143180847
track_1,1216,0.44515562057495117,653.7473754882812,470.1214599609375,0.2731676697731018,648.117919921875,553.2529296875,0.9366680979728699,548.050537109375,640.946044921875,0.942173182964325
track_0,1217,0.4225727319717407,649.8544311523438,475.8165283203125,0.9973471164703369,625.3953247070312,407.8520202636719,0.8902564644813538,613.28125,348.50634765625,0.6222923398017883
track_1,1217,0.4355989992618561,653.7588500976562,470.0420227050781,0.28072044253349304,648.15283203125,553.375244140625,0.9370527267456055,548.2801513671875,645.0028686523438,1.0343190431594849
track_0,1218,0.4243331849575043,649.7403564453125,475.894775390625,1.0035923719406128,625.3561401367188,407.8528137207031,0.8917210698127747,610.0560302734375,348.530029296875,0.6166821122169495
track_1,1218,0.43224287033081055,653.659423828125,469.99249267578125,0.28850889205932617,648.2095336914062,553.4261474609375,0.9342396855354309,545.0821533203125,641.2464599609375,0.9507274627685547
track_0,1219,0.42437583208084106,649.6622314453125,475.96551513671875,1.0105760097503662,625.3311157226562,407.83270263671875,0.8927698135375977,609.98193359375,348.5733337402344,0.6117990016937256
track_1,1219,0.4327230751514435,653.4522094726562,470.12384033203125,0.2966936528682709,648.1875610351562,553.4021606445312,0.9380695223808289,721.178955078125,553.3684692382812,0.8594985008239746
track_0,1220,0.42241838574409485,649.638671875,476.0195617675781,1.0142872333526611,625.3512573242188,407.87646484375,0.8925984501838684,609.94921875,348.6611328125,0.6081581115722656
track_1,1220,0.4422822594642639,653.2943115234375,469.94940185546875,0.28687676787376404,648.0375366210938,553.0371704101562,0.9465929269790649,721.16064453125,553.3514404296875,0.8443660140037537
track_0,1221,0.4174632132053375,649.6113891601562,476.11175537109375,1.0120046138763428,625.367919921875,407.90582275390625,0.8950126767158508,609.9353637695312,351.4424133300781,0.6073583364486694
track_1,1221,0.45789748430252075,652.935791015625,472.260498046875,0.2933778464794159,647.9139404296875,552.5411376953125,0.9568811058998108,723.89453125,556.1876220703125,0.8549392223358154
track_0,1222,0.41045764088630676,649.37060546875,476.3131103515625,0.9789736270904541,625.3568725585938,407.9676208496094,0.8874499201774597,609.8760986328125,351.50775146484375,0.6068305373191833
track_1,1222,0.4757953882217407,652.6116943359375,469.1103210449219,0.35459771752357483,640.4134521484375,552.379638671875,0.9645697474479675,724.5349731445312,556.7354736328125,0.8490819931030273
track_0,1223,0.4070107638835907,645.71923828125,476.087890625,0.864063024520874,625.2843627929688,408.05120849609375,0.8797748684883118,609.8145141601562,351.5751953125,0.6014604568481445
track_1,1223,0.4897077977657318,649.9069213867188,468.96923828125,0.22296565771102905,640.4166259765625,552.1341552734375,0.9424423575401306,724.7133178710938,559.9091186523438,0.8341673016548157
track_0,1224,0.40426382422447205,645.236572265625,475.6922607421875,0.7422302961349487,625.2026977539062,408.0395202636719,0.8838502764701843,609.7200927734375,351.6577453613281,0.6061220169067383
track_1,1224,0.5024150609970093,,,0.0,640.5114135742188,552.0150756835938,0.9543218612670898,728.439453125,564.6317138671875,0.7030117511749268
track_0,1225,0.41000670194625854,641.6177368164062,472.92498779296875,0.7097312211990356,625.0191650390625,408.09210205078125,0.8843333125114441,609.6105346679688,351.8399658203125,0.612983226776123
track_1,1225,0.5081682205200195,545.0809936523438,535.8239135742188,0.27958473563194275,648.26513671875,552.247314453125,0.9587809443473816,728.6016845703125,564.8580932617188,0.7020339369773865
track_0,1226,0.4176580607891083,640.915283203125,472.31964111328125,0.5869742631912231,624.867431640625,408.19073486328125,0.8841473460197449,609.44384765625,352.0111389160156,0.6222561001777649
track_1,1226,0.5049349069595337,552.3489379882812,532.5762329101562,0.45418429374694824,648.3501586914062,552.5285034179688,0.9351938366889954,728.8184204101562,576.350341796875,0.5538480877876282
track_0,1227,0.41377583146095276,640.79443359375,472.253662109375,0.5519687533378601,624.8660278320312,408.25213623046875,0.8853742480278015,609.4605102539062,352.1121826171875,0.622748851776123
track_1,1227,0.5002691745758057,552.994873046875,532.3185424804688,0.36915943026542664,648.4453125,552.64208984375,0.9196409583091736,728.9381103515625,580.5615234375,0.5180845260620117
track_0,1228,0.4171557128429413,637.8665771484375,471.8631591796875,0.4723173975944519,624.8839111328125,408.29742431640625,0.8796818852424622,609.2532348632812,352.3699951171875,0.6281278729438782
track_1,1228,0.4978983700275421,556.4300537109375,528.5335083007812,0.29748067259788513,656.0517578125,552.951904296875,0.9077896475791931,559.9918212890625,540.555419921875,0.4741501808166504
track_0,1229,0.426489919424057,637.5562744140625,469.5511779785156,0.45700603723526,624.930908203125,408.2887268066406,0.8547115921974182,609.3336791992188,352.5478820800781,0.6089795827865601
track_1,1229,0.47109973430633545,559.2027587890625,524.919921875,0.21118664741516113,656.25341796875,553.5961303710938,0.8324059247970581,568.1014404296875,528.7498779296875,0.551891565322876
track_0,1230,0.4349921643733978,637.3768920898438,469.1233215332031,0.41436049342155457,624.9332275390625,408.33001708984375,0.8454161882400513,609.2008666992188,352.6458435058594,0.620339572429657
track_1,1230,0.4563840627670288,,,0.0,656.3316650390625,560.1920166015625,0.8273339867591858,572.1563110351562,519.9482421875,0.6952552795410156
track_0,1231,0.4241388440132141,637.6241455078125,468.23980712890625,0.33305057883262634,624.9589233398438,408.47442626953125,0.8506231904029846,609.2178955078125,352.722412109375,0.6220241785049438
track_1,1231,0.44102978706359863,,,0.0,656.3117065429688,560.168212890625,0.8278201818466187,576.1771240234375,512.2813110351562,0.5407329797744751
track_0,1232,0.3941870331764221,636.668212890625,466.5758056640625,0.32833337783813477,624.6991577148438,412.49560546875,0.7680759429931641,608.7531127929688,348.65179443359375,0.5925618410110474
track_1,1232,0.4126773178577423,592.7378540039062,503.985107421875,0.3471634089946747,656.3201904296875,559.6808471679688,0.8347740769386292,577.0730590820312,512.0137939453125,0.4974237382411957
track_0,1233,0.3912685215473175,636.71484375,464.849365234375,0.30356553196907043,624.6129150390625,412.64984130859375,0.7625619173049927,608.6737060546875,348.8013000488281,0.5903393030166626
track_1,1233,0.4045605957508087,588.6556396484375,563.3331909179688,0.21399666368961334,663.837646484375,559.92529296875,0.8657753467559814,584.104248046875,512.279296875,0.6819701790809631
track_0,1234,0.3863469362258911,637.0343017578125,464.8006591796875,0.274331659078598,624.5480346679688,412.8629150390625,0.7641701698303223,608.5803833007812,351.76416015625,0.5913218855857849
track_1,1234,0.40013760328292847,600.527099609375,504.03106689453125,0.36682409048080444,663.888671875,559.8550415039062,0.8590055704116821,584.765625,512.3682250976562,0.5262919068336487
track_0,1235,0.39024510979652405,636.688232421875,465.5333251953125,0.30894774198532104,624.5042724609375,415.9588623046875,0.771752119064331,608.5269775390625,351.86480712890625,0.5887311100959778
track_1,1235,0.3974340856075287,600.9844360351562,503.49713134765625,0.3357562720775604,664.0315551757812,559.9053955078125,0.8528193235397339,587.6057739257812,512.0658569335938,0.5153263211250305
track_0,1236,0.3945256471633911,636.4903564453125,465.4698486328125,0.362789124250412,624.5142822265625,412.9158935546875,0.7608168721199036,608.4827880859375,351.9676208496094,0.5887693762779236
track_1,1236,0.3991018831729889,,,0.0,664.103759765625,559.88818359375,0.8622927069664001,584.8150024414062,512.0274047851562,0.7064713835716248
track_0,1237,0.3989161252975464,636.2908935546875,467.56439208984375,0.4445485472679138,624.5626831054688,412.76409912109375,0.7570960521697998,608.42724609375,352.00579833984375,0.5890527367591858
track_1,1237,0.40130293369293213,,,0.0,664.1416015625,559.7797241210938,0.8781424164772034,580.7611083984375,519.5692138671875,0.8395175933837891
track_0,1238,0.4104256331920624,636.3455200195312,467.8078308105469,0.46546632051467896,624.5645751953125,412.72161865234375,0.7741476893424988,608.4703979492188,351.9537658691406,0.5887097120285034
track_1,1238,0.41984087228775024,,,0.0,664.1119384765625,559.8367919921875,0.879297137260437,576.34716796875,524.0313720703125,0.8912039399147034
track_0,1239,0.4238739609718323,636.4168701171875,467.9895935058594,0.4407115578651428,624.5545043945312,415.6662902832031,0.8142763376235962,608.4954223632812,351.8765563964844,0.5865359306335449
track_1,1239,0.45952314138412476,565.0715942382812,532.97509765625,0.5431831479072571,656.3368530273438,553.5008544921875,0.8327866196632385,696.87744140625,624.505126953125,0.2959798276424408
track_0,1240,0.4496230483055115,637.1608276367188,468.98297119140625,0.43914613127708435,624.7440795898438,408.704345703125,0.8868680000305176,648.6552734375,480.95599365234375,0.628753125667572
track_1,1240,0.5006605386734009,564.8231201171875,556.5842895507812,0.6309329867362976,656.0822143554688,552.6259155273438,0.8461430668830872,555.8916625976562,568.1265258789062,0.3953699767589569
track_0,1241,0.4272180199623108,637.2142944335938,469.1131896972656,0.46913984417915344,624.7451171875,408.6297607421875,0.8850797414779663,608.7810668945312,353.158935546875,0.6024237871170044
track_1,1241,0.5013408660888672,564.6554565429688,585.0248413085938,0.8682951927185059,648.21728515625,545.2461547851562,0.8456279039382935,725.1128540039062,593.4288330078125,0.2714831829071045
track_0,1242,0.3970755934715271,637.0704345703125,469.3465576171875,0.4886171817779541,624.7686767578125,408.57208251953125,0.871565043926239,608.7904052734375,353.203369140625,0.5957334637641907
track_1,1242,0.48255494236946106,572.5440063476562,608.9697265625,0.8223228454589844,648.1708984375,544.449951171875,0.8543626666069031,724.5704345703125,592.6171875,0.5826590657234192
track_0,1243,0.3843660056591034,636.9060668945312,469.7481689453125,0.5121239423751831,624.8076782226562,408.6343078613281,0.8682891726493835,608.7836303710938,353.27001953125,0.5926609635353088
track_1,1243,0.46129077672958374,580.7540893554688,624.4034423828125,0.9186944961547852,648.072509765625,544.1686401367188,0.8478844165802002,725.2178955078125,588.50732421875,0.7164153456687927
track_0,1244,0.37796154618263245,637.69189453125,473.19354248046875,0.6708225607872009,624.86279296875,408.7423095703125,0.8616814017295837,609.0009765625,353.55401611328125,0.5736275911331177
track_1,1244,0.44023945927619934,592.2310791015625,632.6483154296875,0.671416699886322,647.9876098632812,544.1333618164062,0.84232097864151,728.0792236328125,584.2149658203125,0.7924060225486755
track_0,1245,0.37568438053131104,640.95361328125,473.3511962890625,0.7116776704788208,624.9003295898438,408.76446533203125,0.8624874353408813,609.2230834960938,353.6177978515625,0.566632866859436
track_1,1245,0.4224299490451813,604.5394897460938,640.3570556640625,0.36137986183166504,648.0648193359375,544.061279296875,0.849852979183197,728.6925048828125,584.3526611328125,0.7363030910491943
track_0,1246,0.3844234049320221,641.0629272460938,473.2210693359375,0.7043647170066833,625.0140380859375,408.7532043457031,0.8657788038253784,609.3541259765625,353.6438293457031,0.5676830410957336
track_1,1246,0.40774044394493103,599.7141723632812,460.7668762207031,0.20535919070243835,648.1588134765625,544.396728515625,0.8472009301185608,729.2534790039062,584.5237426757812,0.6647129058837891
track_0,1247,0.3949962258338928,641.2748413085938,473.3060607910156,0.7215555906295776,625.0800170898438,408.7442932128906,0.8699766993522644,609.4339599609375,353.7292175292969,0.5623921751976013
track_1,1247,0.39084598422050476,,,0.0,648.217529296875,544.82373046875,0.8404259085655212,729.2398681640625,585.2334594726562,0.5672000646591187
track_0,1248,0.4039255976676941,641.7136840820312,473.56524658203125,0.7651486992835999,625.18896484375,408.7562561035156,0.8732123970985413,609.713134765625,356.48974609375,0.5558030009269714
track_1,1248,0.3881213665008545,652.3890991210938,647.5541381835938,0.3090662956237793,647.7039794921875,552.0880126953125,0.8367690443992615,612.5115356445312,639.8681640625,0.3757490813732147
track_0,1249,0.4123101532459259,641.9449462890625,473.6986999511719,0.7829511165618896,625.2285766601562,408.76593017578125,0.8741405010223389,609.7666015625,356.55499267578125,0.5575034618377686
track_1,1249,0.3972006142139435,,,0.0,648.0802001953125,552.742431640625,0.8447766900062561,660.6273193359375,649.3511352539062,0.5767614841461182
track_0,1250,0.4217124283313751,642.01220703125,476.4145202636719,0.8395723104476929,625.2169799804688,408.69818115234375,0.8732345104217529,609.8949584960938,356.5904235839844,0.555330753326416
track_1,1250,0.40557342767715454,652.4119873046875,465.3580322265625,0.21458953619003296,648.5030517578125,553.0752563476562,0.8286691904067993,680.3734130859375,645.3590087890625,0.5658639073371887
track_0,1251,0.4263414740562439,642.1294555664062,476.4403076171875,0.8480866551399231,625.21142578125,408.718994140625,0.8720238208770752,609.8922729492188,356.60089111328125,0.555427610874176
track_1,1251,0.40608838200569153,656.7817993164062,645.0274658203125,0.46704667806625366,648.3970947265625,552.850830078125,0.8821645379066467,696.908447265625,525.15283203125,0.5204625725746155
track_0,1252,0.4247868061065674,642.4178466796875,476.5415954589844,0.8604690432548523,625.2529907226562,408.7549743652344,0.8691948652267456,609.914794921875,356.62481689453125,0.5550347566604614
track_1,1252,0.4028978645801544,656.8850708007812,645.10205078125,0.5871372818946838,648.187255859375,552.767822265625,0.8677562475204468,696.3290405273438,524.1290893554688,0.6235896348953247
track_0,1253,0.4155712127685547,642.0028686523438,472.1743469238281,0.7276009321212769,625.018310546875,412.22833251953125,0.7451836466789246,609.749755859375,355.477783203125,0.5394865870475769
track_1,1253,0.4045696556568146,653.04150390625,645.393798828125,0.5828409194946289,648.0947875976562,552.6068115234375,0.8641471266746521,692.9685668945312,521.2385864257812,0.6097196936607361
track_0,1254,0.41098177433013916,645.2303466796875,476.53985595703125,0.8659519553184509,625.309814453125,408.75164794921875,0.8739208579063416,609.9388427734375,356.61383056640625,0.5562753677368164
track_1,1254,0.40985050797462463,676.0303955078125,641.266357421875,0.41780585050582886,648.2047119140625,552.2361450195312,0.8590051531791687,728.3671264648438,568.4378051757812,0.6764592528343201
track_0,1255,0.4072730541229248,645.2568969726562,476.5616760253906,0.8721306920051575,625.3179931640625,408.7236328125,0.8766515851020813,609.984130859375,356.5876770019531,0.5584539175033569
track_1,1255,0.39765414595603943,656.2615966796875,641.6534423828125,0.39612457156181335,648.3509521484375,544.998046875,0.8815857768058777,728.2701416015625,572.8947143554688,0.654992401599884
track_0,1256,0.3980853855609894,642.4747314453125,476.47650146484375,0.843017578125,625.310302734375,408.71807861328125,0.8718167543411255,610.0169067382812,356.59222412109375,0.5595056414604187
track_1,1256,0.40590226650238037,653.1098022460938,641.79833984375,0.4405982494354248,648.391357421875,544.7932739257812,0.8891871571540833,728.350341796875,569.1876220703125,0.673366367816925
track_0,1257,0.39177921414375305,641.9949951171875,472.2664794921875,0.7193679809570312,625.0376586914062,412.09027099609375,0.7328310608863831,609.81787109375,355.46795654296875,0.5443739295005798
track_1,1257,0.39542898535728455,652.51513671875,641.6077880859375,0.50466388463974,648.0848388671875,544.590087890625,0.8837259411811829,728.867919921875,573.124267578125,0.5367137789726257
track_0,1258,0.3901072144508362,641.715576171875,472.02691650390625,0.70024174451828,625.0303955078125,412.07586669921875,0.7243900895118713,609.8245849609375,355.5035705566406,0.5435077548027039
track_1,1258,0.3756139576435089,656.40478515625,641.4129638671875,0.4950743019580841,647.7872314453125,544.3182373046875,0.8757436871528625,696.4137573242188,524.96630859375,0.567920982837677
track_0,1259,0.39815622568130493,641.765625,472.1826171875,0.7150609493255615,624.985595703125,412.08416748046875,0.7277845740318298,609.7862548828125,355.5081787109375,0.5473938584327698
track_1,1259,0.3817909061908722,728.2125244140625,572.7913818359375,0.3815830945968628,640.2398681640625,552.155517578125,0.8666890859603882,692.7559814453125,520.4502563476562,0.6456654071807861
track_0,1260,0.4162352979183197,642.3283081054688,476.49981689453125,0.8385236263275146,625.1693725585938,408.73492431640625,0.8742671608924866,613.3555297851562,356.69622802734375,0.5674128532409668
track_1,1260,0.42242658138275146,724.4783325195312,572.6492309570312,0.6974552869796753,648.13818359375,552.1009521484375,0.9137300848960876,688.5604858398438,516.9918212890625,0.5370916128158569
track_0,1261,0.4175564646720886,645.1580200195312,476.575439453125,0.8622466921806335,625.2037353515625,408.73150634765625,0.8812621831893921,613.3304443359375,356.70257568359375,0.5717543363571167
track_1,1261,0.44109219312667847,668.1112060546875,636.9733276367188,0.5113963484764099,655.8662109375,544.9201049804688,0.895991325378418,608.7935180664062,613.336669921875,0.5428187251091003
track_0,1262,0.4022182822227478,642.06494140625,472.208740234375,0.710521399974823,625.0941162109375,412.16363525390625,0.7479293942451477,609.83349609375,355.5203857421875,0.5588211417198181
track_1,1262,0.4420607089996338,671.9320068359375,633.1178588867188,0.612343430519104,655.8048095703125,544.4895629882812,0.8847090601921082,611.8327026367188,612.872802734375,0.6770821809768677
track_0,1263,0.39164382219314575,643.7333984375,473.41436767578125,0.7118908166885376,631.1653442382812,408.68017578125,0.8411808013916016,611.3720703125,356.8721008300781,0.5892189741134644
track_1,1263,0.44160550832748413,671.6959228515625,632.8926391601562,0.5494914054870605,655.8519287109375,544.18212890625,0.8885224461555481,608.7551879882812,612.36181640625,0.6434938311576843
track_0,1264,0.392415314912796,643.900634765625,473.2845458984375,0.692571759223938,631.3475341796875,408.7142639160156,0.8310349583625793,611.4456787109375,356.96533203125,0.5878081917762756
track_1,1264,0.4291534423828125,676.368408203125,635.911376953125,0.3319898247718811,655.79296875,544.201904296875,0.8787700533866882,728.0013427734375,556.412109375,0.5820290446281433
track_0,1265,0.3994903266429901,644.0984497070312,473.61993408203125,0.7288384437561035,631.4285278320312,408.71923828125,0.8532310128211975,611.5753173828125,356.9376525878906,0.5886603593826294
track_1,1265,0.43108171224594116,676.460205078125,636.72607421875,0.571986734867096,655.8860473632812,544.6268310546875,0.8905558586120605,725.6038818359375,557.0642700195312,0.5895906686782837
track_0,1266,0.40841683745384216,644.2420043945312,476.27734375,0.7956823706626892,631.4652709960938,408.6810302734375,0.8718255162239075,611.6337280273438,356.8670349121094,0.589668869972229
track_1,1266,0.4262160360813141,672.3021240234375,637.3798828125,0.5699594616889954,656.0195922851562,545.0084228515625,0.8923435211181641,725.0941772460938,557.4813842773438,0.6157522797584534
track_0,1267,0.40752559900283813,644.11083984375,476.181640625,0.7646227478981018,631.4368896484375,408.6910400390625,0.8681332468986511,611.6262817382812,356.86279296875,0.5863251686096191
track_1,1267,0.4277351200580597,664.1851196289062,640.6188354492188,0.572520911693573,655.9879150390625,544.7905883789062,0.900789737701416,724.888427734375,557.52392578125,0.646589994430542
track_0,1268,0.39542803168296814,643.877685546875,473.4794921875,0.6940677165985107,631.3416748046875,408.74212646484375,0.8535401821136475,611.57861328125,356.9256591796875,0.5883856415748596
track_1,1268,0.43373897671699524,663.846923828125,640.0266723632812,0.5344456434249878,656.015869140625,544.3726806640625,0.9085142016410828,725.1714477539062,556.78271484375,0.6765033006668091
track_0,1269,0.3909001648426056,643.754150390625,473.2812805175781,0.6582496762275696,631.29345703125,408.7425537109375,0.8456068634986877,611.5487060546875,356.9530944824219,0.590550422668457
track_1,1269,0.42745789885520935,664.5557861328125,636.7718505859375,0.6196172833442688,655.8171997070312,544.1198120117188,0.8877173066139221,728.046142578125,560.2329711914062,0.6686128973960876
track_0,1270,0.38114747405052185,642.9989624023438,471.4439697265625,0.5294165015220642,631.0964965820312,412.09051513671875,0.7039095759391785,611.1305541992188,355.883056640625,0.5171011090278625
track_1,1270,0.4225148856639862,677.1007080078125,635.8723754882812,0.5455307364463806,648.3135375976562,544.22705078125,0.8950198888778687,732.846923828125,560.523681640625,0.42757710814476013
track_0,1271,0.38267579674720764,642.9752807617188,471.51885986328125,0.5255734920501709,631.1145629882812,412.15179443359375,0.7023084163665771,611.168701171875,355.93902587890625,0.5145079493522644
track_1,1271,0.4174222946166992,728.2593994140625,564.3164672851562,0.30222365260124207,648.1026611328125,544.2481689453125,0.9195858240127563,693.0674438476562,516.3402099609375,0.5300579071044922
track_0,1272,0.40200796723365784,641.7625122070312,471.8447265625,0.6228616833686829,625.3455810546875,412.44622802734375,0.7542994022369385,613.3980102539062,355.841552734375,0.534625768661499
track_1,1272,0.44858524203300476,724.8531494140625,561.2801513671875,0.6829962134361267,648.4425048828125,544.9929809570312,0.9144654273986816,684.6177978515625,512.636474609375,0.5915622711181641
track_0,1273,0.41950833797454834,641.7658081054688,472.019775390625,0.6463823914527893,625.2489624023438,415.62017822265625,0.8112995624542236,613.3050537109375,355.7599792480469,0.5414710640907288
track_1,1273,0.4562933146953583,704.7005615234375,587.8472290039062,0.3717483878135681,648.706298828125,552.7149658203125,0.8494566082954407,668.9191284179688,508.8976745605469,0.5532464385032654
track_0,1274,0.4250296354293823,641.757080078125,471.84820556640625,0.6218101382255554,625.2271118164062,415.5669860839844,0.7995843291282654,613.3388671875,355.8022766113281,0.541885495185852
track_1,1274,0.45215901732444763,717.2841186523438,591.6456909179688,0.2929009795188904,648.6721801757812,552.6165771484375,0.8015071749687195,669.4367065429688,511.8702392578125,0.6202347278594971
track_0,1275,0.4314683973789215,641.8447265625,471.815185546875,0.619116485118866,625.2740478515625,412.5461730957031,0.78917396068573,613.3970947265625,355.8554382324219,0.5381966829299927
track_1,1275,0.44825124740600586,604.702392578125,464.1395263671875,0.22465874254703522,656.1931762695312,552.4534912109375,0.8309630751609802,672.5330200195312,512.2575073242188,0.5275850892066956
track_0,1276,0.43447449803352356,643.882568359375,473.43060302734375,0.6489943265914917,631.3523559570312,408.76751708984375,0.8626548647880554,611.7132568359375,357.01739501953125,0.5785816311836243
track_1,1276,0.44159963726997375,604.8255615234375,464.282958984375,0.22402460873126984,656.221435546875,552.538330078125,0.8171312212944031,676.3018798828125,512.6239624023438,0.525032639503479
track_0,1277,0.4349130094051361,643.9458618164062,473.3879089355469,0.6484654545783997,631.420166015625,408.77978515625,0.862141489982605,611.8001708984375,357.051513671875,0.574644148349762
track_1,1277,0.4404333531856537,712.3789672851562,587.595703125,0.34425151348114014,656.1602783203125,552.7947998046875,0.7962858080863953,676.4314575195312,512.5281372070312,0.6055951118469238
track_0,1278,0.4343221187591553,643.5818481445312,471.34869384765625,0.5582714676856995,631.3341674804688,412.3669738769531,0.7576894164085388,655.0911254882812,480.4161376953125,0.5167794823646545
track_1,1278,0.43832656741142273,708.5911254882812,588.2127685546875,0.4681861698627472,656.0051879882812,552.7703857421875,0.7739874720573425,676.0991821289062,512.249755859375,0.626945972442627
track_0,1279,0.43616968393325806,643.6793212890625,471.5337219238281,0.5790373682975769,631.338623046875,412.3467102050781,0.7628193497657776,611.4058837890625,355.94830322265625,0.5063299536705017
track_1,1279,0.43817710876464844,701.6564331054688,592.6477661132812,0.4207114577293396,648.5740356445312,552.8582763671875,0.7932175993919373,673.3836669921875,512.316650390625,0.6627947688102722
track_0,1280,0.43394386768341064,644.0576782226562,473.5096435546875,0.6528518795967102,631.4893188476562,408.8116760253906,0.8687060475349426,611.8739624023438,357.05487060546875,0.5718926191329956
track_1,1280,0.43689805269241333,724.364501953125,564.5010375976562,0.3484858274459839,648.4795532226562,552.7372436523438,0.7948882579803467,672.6141967773438,512.2332153320312,0.6283385157585144
track_0,1281,0.42352354526519775,643.4640502929688,471.5279846191406,0.5615906119346619,631.2918701171875,412.2933044433594,0.756585955619812,655.1595458984375,480.4789123535156,0.5031407475471497
track_1,1281,0.4330478012561798,680.4089965820312,629.96630859375,0.43824321031570435,655.9271240234375,544.8462524414062,0.878472626209259,728.2156982421875,550.1265258789062,0.34183570742607117
track_0,1282,0.42008543014526367,643.3123168945312,471.4502258300781,0.541502833366394,631.2691040039062,412.2984313964844,0.7535609602928162,655.060791015625,480.36273193359375,0.5123517513275146
track_1,1282,0.4298989474773407,680.497802734375,629.670654296875,0.36091968417167664,655.853271484375,544.651123046875,0.8832257986068726,728.12744140625,549.8814086914062,0.3635139465332031
track_0,1283,0.4208567142486572,643.1869506835938,471.38134765625,0.520837664604187,631.2445068359375,412.33123779296875,0.7530543208122253,654.9722900390625,480.2342834472656,0.5184353590011597
track_1,1283,0.4287172257900238,680.5855102539062,629.5541381835938,0.37772083282470703,655.8201904296875,544.6712646484375,0.8797540664672852,615.9984130859375,609.2138671875,0.3885613679885864
track_0,1284,0.4212149977684021,643.1431274414062,471.39361572265625,0.5159012079238892,631.216796875,412.32183837890625,0.7499878406524658,654.9493408203125,480.24957275390625,0.5221050381660461
track_1,1284,0.43080273270606995,680.2982177734375,630.060302734375,0.543190598487854,655.947265625,544.64990234375,0.8909900188446045,615.99072265625,609.4304809570312,0.46987271308898926
track_0,1285,0.4243749678134918,643.0490112304688,471.3482971191406,0.5086096525192261,631.179443359375,412.3377685546875,0.746764063835144,652.226318359375,480.7867736816406,0.5291941165924072
track_1,1285,0.4366099238395691,680.4669799804688,632.6121215820312,0.6409305930137634,656.0516357421875,544.5867309570312,0.883082926273346,616.109130859375,609.2174682617188,0.5548116564750671
track_0,1286,0.4319685995578766,642.9820556640625,471.2963562011719,0.5009749531745911,631.166748046875,412.3667297363281,0.7422714829444885,652.1571044921875,480.760009765625,0.537217378616333
track_1,1286,0.4402817487716675,725.1175537109375,561.705322265625,0.4402162432670593,656.0784301757812,544.7459106445312,0.8612073659896851,616.316650390625,608.7460327148438,0.505379319190979
track_0,1287,0.43406111001968384,640.0079956054688,471.017822265625,0.4378197193145752,631.185791015625,412.45855712890625,0.742053747177124,651.90576171875,480.34478759765625,0.5860645771026611
track_1,1287,0.43843525648117065,724.530517578125,561.654296875,0.5588095188140869,656.0181884765625,544.7824096679688,0.8230587840080261,687.979248046875,513.162353515625,0.529836118221283
track_0,1288,0.4423983097076416,640.1456298828125,471.17462158203125,0.43972423672676086,631.1996459960938,412.45440673828125,0.751812219619751,652.1620483398438,480.390869140625,0.5974125862121582
track_1,1288,0.449749618768692,604.6917724609375,461.809326171875,0.26346150040626526,656.2810668945312,544.7987670898438,0.869624674320221,692.96337890625,517.5159301757812,0.41039419174194336
track_0,1289,0.45117661356925964,640.0352783203125,471.05889892578125,0.42267218232154846,631.244384765625,412.56878662109375,0.7691706418991089,655.4259643554688,477.2491455078125,0.6302211284637451
track_1,1289,0.44709110260009766,604.6167602539062,461.9486083984375,0.2692108750343323,656.2737426757812,545.0843505859375,0.8610051274299622,729.9539794921875,549.15625,0.5633434653282166
track_0,1290,0.44950175285339355,639.7890625,468.56396484375,0.3804793357849121,631.2509155273438,415.813232421875,0.7975736260414124,655.1103515625,476.97882080078125,0.5788804888725281
track_1,1290,0.44310837984085083,725.6334228515625,556.7238159179688,0.3819894790649414,656.1076049804688,545.2301025390625,0.8008431196212769,680.1781616210938,512.4432373046875,0.6981599926948547
track_0,1291,0.44800272583961487,639.57763671875,468.4412841796875,0.35886889696121216,631.16552734375,415.79901123046875,0.7883464694023132,652.4019165039062,477.3889465332031,0.5955784916877747
track_1,1291,0.4490891695022583,725.3757934570312,553.6807861328125,0.42740103602409363,656.3741455078125,545.1898803710938,0.7965659499168396,680.564453125,509.54156494140625,0.7216300964355469
track_0,1292,0.44904419779777527,639.4576416015625,468.45867919921875,0.361316442489624,631.1115112304688,415.8096923828125,0.7911563515663147,652.406494140625,477.38348388671875,0.5815319418907166
track_1,1292,0.44874894618988037,712.6748046875,588.5982666015625,0.354656457901001,656.438720703125,545.2796630859375,0.7855636477470398,680.6765747070312,512.309326171875,0.7080439925193787
track_0,1293,0.4436044692993164,637.235107421875,468.62091064453125,0.3936573266983032,625.2089233398438,416.0284118652344,0.8217911720275879,653.2896728515625,476.84112548828125,0.6350183486938477
track_1,1293,0.449478417634964,709.216796875,588.60791015625,0.43388426303863525,656.320556640625,545.3648681640625,0.7715518474578857,676.923095703125,509.4188232421875,0.7102780342102051
track_0,1294,0.4499635100364685,637.3156127929688,468.79852294921875,0.4154903292655945,625.1240844726562,415.90679931640625,0.8105798363685608,653.3275756835938,476.9457702636719,0.6501480937004089
track_1,1294,0.45125651359558105,709.3992919921875,588.6807861328125,0.39367368817329407,656.34130859375,545.4525146484375,0.7784422636032104,680.3968505859375,512.7174682617188,0.7223817706108093
track_0,1295,0.46034038066864014,637.3599243164062,471.049072265625,0.431057870388031,625.0721435546875,415.8843994140625,0.8202843070030212,653.4996337890625,477.05364990234375,0.6595157384872437
track_1,1295,0.44973689317703247,605.0775146484375,465.0173034667969,0.30744126439094543,656.3070068359375,555.8270263671875,0.7567645907402039,672.852294921875,511.9298095703125,0.6363024115562439
track_0,1296,0.4572979211807251,637.273681640625,471.0384521484375,0.4238135814666748,625.0680541992188,415.8749084472656,0.8189331889152527,653.484375,477.02703857421875,0.6596710681915283
track_1,1296,0.44813650846481323,605.00244140625,465.05706787109375,0.3130338490009308,656.32373046875,552.6680908203125,0.7788043022155762,672.7078857421875,511.84893798828125,0.6173357367515564
track_0,1297,0.45013850927352905,637.1836547851562,470.98846435546875,0.4084009826183319,625.0286865234375,415.7947998046875,0.8003861308097839,653.3699951171875,476.9827880859375,0.6758544445037842
track_1,1297,0.4481298327445984,724.715576171875,557.3349609375,0.3781048357486725,656.419189453125,545.2312622070312,0.8196219205856323,680.7467651367188,513.2909545898438,0.630118191242218
track_0,1298,0.44789355993270874,637.2887573242188,468.8006591796875,0.40123450756073,625.0541381835938,415.8447265625,0.8002522587776184,653.3575439453125,476.9358825683594,0.6727635264396667
track_1,1298,0.4437715411186218,724.850830078125,556.921142578125,0.3414270877838135,656.31201171875,545.1669921875,0.8162693977355957,680.5106201171875,513.16259765625,0.6271541118621826
track_0,1299,0.4444146454334259,637.31787109375,468.74407958984375,0.4000405967235565,625.072509765625,412.88568115234375,0.7929882407188416,653.3170776367188,476.94659423828125,0.6688808798789978
track_1,1299,0.43999436497688293,724.6743774414062,556.6397705078125,0.3499408960342407,656.128173828125,544.9254150390625,0.814312756061554,680.4652099609375,513.023193359375,0.6180611848831177
track_0,1300,0.4398725628852844,637.3405151367188,468.7713317871094,0.39848241209983826,625.0603637695312,412.8606872558594,0.7872443795204163,653.31005859375,476.9847717285156,0.6694307923316956
track_1,1300,0.4386211633682251,724.6561889648438,556.8218994140625,0.3548709452152252,656.0015869140625,544.7423706054688,0.8155313730239868,680.5296020507812,512.9908447265625,0.5992133021354675
track_0,1301,0.4394969046115875,637.1504516601562,468.66058349609375,0.39539164304733276,625.0901489257812,415.933349609375,0.7996347546577454,653.3267822265625,476.89776611328125,0.6604547500610352
track_1,1301,0.4388015568256378,724.796875,556.5044555664062,0.33204251527786255,655.9442138671875,544.880615234375,0.7972493767738342,679.9594116210938,512.5989379882812,0.6585256457328796
track_0,1302,0.44157251715660095,637.1759033203125,468.6813049316406,0.39611127972602844,625.0852661132812,412.9383544921875,0.7896769642829895,653.240966796875,476.9210205078125,0.6673986911773682
track_1,1302,0.43897783756256104,708.4158935546875,588.54541015625,0.4429020285606384,653.0106811523438,544.94921875,0.7829999327659607,680.2330322265625,512.7024536132812,0.6773387789726257
track_0,1303,0.4522683620452881,637.3687133789062,471.0345764160156,0.41480550169944763,625.0374145507812,412.8229064941406,0.7862797379493713,653.2359008789062,477.11566162109375,0.692021906375885
track_1,1303,0.4397263824939728,725.005859375,557.4853515625,0.37936100363731384,656.2097778320312,545.1446533203125,0.8025094270706177,680.879638671875,513.4659423828125,0.6381646394729614
track_0,1304,0.4523589611053467,637.40087890625,470.9849853515625,0.4268716275691986,625.039794921875,415.8009338378906,0.7895498275756836,653.18798828125,477.0717468261719,0.6768191456794739
track_1,1304,0.4393137991428375,724.28857421875,557.8907470703125,0.5227172374725342,656.2261962890625,545.1723022460938,0.8062873482704163,680.6406860351562,513.3882446289062,0.6418062448501587
track_0,1305,0.4438073933124542,637.21484375,470.90374755859375,0.42611876130104065,625.0424194335938,412.82464599609375,0.7873237133026123,653.0442504882812,476.98974609375,0.656270444393158
track_1,1305,0.44164615869522095,724.6359252929688,557.3331298828125,0.4651530683040619,656.2025756835938,544.9107055664062,0.8055632710456848,680.7340698242188,512.77294921875,0.6521265506744385
track_0,1306,0.43514305353164673,637.3705444335938,468.73870849609375,0.44743967056274414,625.062255859375,412.8536071777344,0.7860108613967896,652.9854736328125,477.00140380859375,0.6208275556564331
track_1,1306,0.4442487061023712,724.9368896484375,556.253662109375,0.38091856241226196,656.027099609375,544.796142578125,0.8023563623428345,680.2742919921875,512.4678955078125,0.6532310247421265
track_0,1307,0.4283751845359802,637.1749877929688,468.7403869628906,0.46125873923301697,625.06103515625,415.93023681640625,0.805118203163147,652.875732421875,476.9726867675781,0.5738811492919922
track_1,1307,0.442892849445343,708.322021484375,588.4878540039062,0.45969685912132263,652.9220581054688,544.7243041992188,0.7768719792366028,676.3299560546875,509.0345764160156,0.6725759506225586
track_0,1308,0.4276309013366699,637.1611938476562,468.6083984375,0.452653706073761,625.0474853515625,415.862548828125,0.7895761132240295,650.22216796875,477.4040832519531,0.6022860407829285
track_1,1308,0.44239723682403564,705.1387329101562,588.352783203125,0.44401589035987854,652.9061279296875,544.6506958007812,0.7770475745201111,679.9703979492188,512.0554809570312,0.6594082713127136
track_0,1309,0.43283337354660034,637.299560546875,471.06988525390625,0.4781051278114319,624.9642333984375,412.6628723144531,0.7723067402839661,649.7235107421875,480.21234130859375,0.6207449436187744
track_1,1309,0.45058584213256836,604.1226806640625,461.5490417480469,0.293614000082016,656.0771484375,544.5443115234375,0.8541033267974854,732.4115600585938,545.4280395507812,0.46671125292778015
track_0,1310,0.42812350392341614,637.4293212890625,471.25445556640625,0.5023404359817505,624.8740234375,412.5555114746094,0.7671351432800293,649.7495727539062,480.352294921875,0.6025837063789368
track_1,1310,0.45099589228630066,604.20166015625,461.2731628417969,0.2791989743709564,653.3319091796875,544.3804321289062,0.8687527775764465,729.0697631835938,544.8824462890625,0.59209144115448
track_0,1311,0.4234658479690552,637.277099609375,471.30126953125,0.5073025822639465,624.781494140625,412.48565673828125,0.7597265243530273,649.5887451171875,480.32659912109375,0.5931638479232788
track_1,1311,0.45124486088752747,603.94921875,461.2117614746094,0.2652122676372528,653.3438720703125,544.3095092773438,0.8702775835990906,729.3402099609375,548.171142578125,0.621401846408844
track_0,1312,0.42259877920150757,637.3653564453125,471.37493896484375,0.5146641731262207,624.791015625,412.49481201171875,0.7602419853210449,649.6751708984375,480.4089660644531,0.5791401863098145
track_1,1312,0.4486502707004547,604.087646484375,461.3194274902344,0.2735081613063812,653.2500610351562,544.2969360351562,0.8578599691390991,729.3868408203125,548.3721923828125,0.6319760084152222
track_0,1313,0.41931724548339844,637.332275390625,471.248779296875,0.5025123357772827,624.8232421875,412.5318603515625,0.7573791146278381,649.5493774414062,480.345703125,0.5836401581764221
track_1,1313,0.447265088558197,604.0926513671875,461.2701721191406,0.2748000919818878,656.037353515625,544.2571411132812,0.8564227819442749,729.22802734375,548.226318359375,0.6278388500213623
track_0,1314,0.41623613238334656,637.6080932617188,471.47149658203125,0.5247981548309326,624.8590087890625,412.44921875,0.7592063546180725,649.7140502929688,480.4801940917969,0.5434711575508118
track_1,1314,0.4460451900959015,604.1073608398438,461.06646728515625,0.27965036034584045,656.0055541992188,544.166015625,0.8575377464294434,729.156005859375,548.1617431640625,0.6311804056167603
track_0,1315,0.41540077328681946,637.5789794921875,471.2738037109375,0.5135158896446228,624.8993530273438,412.4685974121094,0.7575022578239441,649.4777221679688,480.346435546875,0.5729442238807678
track_1,1315,0.44547227025032043,604.06201171875,461.0478210449219,0.2704339325428009,656.0326538085938,544.1361694335938,0.8587748408317566,729.5936279296875,548.2612915039062,0.58267742395401
track_0,1316,0.4166989028453827,637.5646362304688,471.2647705078125,0.5104736089706421,624.926513671875,412.45904541015625,0.7535024285316467,649.39453125,480.31549072265625,0.5751790404319763
track_1,1316,0.44768181443214417,712.4392700195312,587.9169311523438,0.3870271146297455,653.1383056640625,544.1929931640625,0.8536496162414551,624.0256958007812,604.4492797851562,0.4385543167591095
track_0,1317,0.427799254655838,637.8814697265625,471.33087158203125,0.5193315148353577,624.8944091796875,412.43267822265625,0.7626630663871765,649.5478515625,480.419921875,0.586247980594635
track_1,1317,0.44958624243736267,604.1812744140625,461.3945617675781,0.2525401711463928,656.2040405273438,544.5263671875,0.8608536124229431,732.3931884765625,548.0686645507812,0.45807987451553345
track_0,1318,0.44295039772987366,640.485595703125,471.267578125,0.5388388633728027,624.8493041992188,412.4833679199219,0.7789340019226074,649.7760620117188,480.54913330078125,0.5750986337661743
track_1,1318,0.45929718017578125,608.215087890625,463.69488525390625,0.3744205832481384,663.8280029296875,544.4981689453125,0.9329106211662292,728.7734375,545.2470703125,0.5829734206199646
track_0,1319,0.44053512811660767,637.8458251953125,471.46270751953125,0.5378928780555725,624.8349609375,412.515869140625,0.778619647026062,649.7772216796875,480.52984619140625,0.5674764513969421
track_1,1319,0.45699119567871094,604.362060546875,461.3577880859375,0.28186237812042236,656.32958984375,544.7142333984375,0.8591954708099365,729.9150390625,548.310302734375,0.5339774489402771
track_0,1320,0.4314602315425873,637.751953125,471.1038818359375,0.5064846873283386,624.8313598632812,412.52508544921875,0.7737275958061218,649.4698486328125,480.32476806640625,0.5755360722541809
track_1,1320,0.45663192868232727,604.4319458007812,461.1925964355469,0.2927670180797577,656.3387451171875,544.534423828125,0.8580864667892456,729.9483642578125,545.0638427734375,0.5674968957901001
track_0,1321,0.4270372986793518,637.8043212890625,468.51318359375,0.4670635163784027,624.852783203125,412.57427978515625,0.7747239470481873,649.308837890625,480.1337585449219,0.5925993323326111
track_1,1321,0.4533859193325043,604.3523559570312,461.0562744140625,0.304069846868515,656.2418823242188,544.3428955078125,0.8409813642501831,729.61279296875,544.6209716796875,0.581805944442749
track_0,1322,0.4240218997001648,637.8253173828125,468.3961181640625,0.460199236869812,624.8707275390625,412.563720703125,0.7725157737731934,649.239013671875,480.0857238769531,0.6044304370880127
track_1,1322,0.4498598277568817,604.1464233398438,461.03546142578125,0.2944326400756836,656.0730590820312,544.263671875,0.835726261138916,729.36083984375,544.588134765625,0.5787570476531982
track_0,1323,0.4218491315841675,640.1494140625,468.2911376953125,0.46211686730384827,624.8717651367188,412.521240234375,0.7724611163139343,649.2574462890625,480.1024169921875,0.6010502576828003
track_1,1323,0.44672977924346924,603.9863891601562,461.0011291503906,0.28330421447753906,656.0855712890625,544.2529296875,0.8475330471992493,729.1456909179688,544.5095825195312,0.6150033473968506
track_0,1324,0.42569419741630554,640.1744384765625,468.4206848144531,0.46106627583503723,624.8377075195312,412.48651123046875,0.7713758945465088,649.2603149414062,480.08319091796875,0.5999103784561157
track_1,1324,0.44651779532432556,604.0745849609375,461.0235900878906,0.2824431359767914,656.166015625,544.3272094726562,0.8397907018661499,729.3182373046875,544.7273559570312,0.6055571436882019
track_0,1325,0.4266999065876007,640.154541015625,468.44415283203125,0.4683455526828766,624.8242797851562,412.4573669433594,0.7690921425819397,649.2501220703125,480.0953674316406,0.599387526512146
track_1,1325,0.44862934947013855,604.0899047851562,461.05633544921875,0.27806857228279114,656.1846313476562,544.363037109375,0.8465090394020081,729.3363037109375,544.7596435546875,0.58830726146698
track_0,1326,0.427786648273468,637.819091796875,468.25079345703125,0.4453006982803345,624.8153686523438,412.4490051269531,0.7702632546424866,649.0029296875,479.8825988769531,0.6247777342796326
track_1,1326,0.44986870884895325,604.153564453125,461.04669189453125,0.27719929814338684,656.1825561523438,544.406982421875,0.8485375046730042,729.440673828125,544.6957397460938,0.5807676911354065
track_0,1327,0.4282192587852478,637.8228759765625,468.14776611328125,0.44194918870925903,624.8092041015625,412.472412109375,0.7692412734031677,649.4195556640625,477.2864074707031,0.6331986784934998
track_1,1327,0.45382335782051086,713.0227661132812,588.8837890625,0.35827866196632385,656.1964111328125,544.4422607421875,0.8326073288917542,732.6936645507812,544.580810546875,0.46734818816185
track_0,1328,0.4290117919445038,637.5343017578125,470.902587890625,0.4797568917274475,624.7996826171875,412.4719543457031,0.7650984525680542,649.171142578125,480.07147216796875,0.5772141814231873
track_1,1328,0.4561953842639923,712.6785888671875,588.365234375,0.5422257781028748,653.2670288085938,544.39892578125,0.815352737903595,627.9619140625,603.96484375,0.43557208776474
track_0,1329,0.44039249420166016,637.8692626953125,471.58721923828125,0.5550060272216797,624.778076171875,412.45330810546875,0.7760450839996338,649.7073364257812,480.5340576171875,0.5148037075996399
track_1,1329,0.45671314001083374,608.3377685546875,463.6529235839844,0.38530266284942627,663.7562866210938,544.482177734375,0.8685314059257507,732.0723876953125,544.7184448242188,0.5021917223930359
track_0,1330,0.44858691096305847,640.3872680664062,471.595458984375,0.5782328844070435,624.7540893554688,412.4884033203125,0.7846840620040894,613.06884765625,352.6308288574219,0.5156368017196655
track_1,1330,0.4544411301612854,608.3089599609375,463.81219482421875,0.38693058490753174,663.80859375,544.6708984375,0.8733634948730469,731.7456665039062,544.6394653320312,0.5040105581283569
track_0,1331,0.44080066680908203,637.78173828125,471.4287414550781,0.5473537445068359,624.7529907226562,412.4511413574219,0.7752774953842163,649.58203125,480.405517578125,0.5319622755050659
track_1,1331,0.4556560218334198,608.332763671875,463.64129638671875,0.38995325565338135,663.7951049804688,544.4363403320312,0.8632062673568726,732.2783203125,544.6431884765625,0.4717775583267212
track_0,1332,0.4390810430049896,638.0166015625,471.1748046875,0.525807797908783,624.7661743164062,412.4537658691406,0.7751089334487915,649.3961181640625,480.34466552734375,0.547622799873352
track_1,1332,0.4582090377807617,604.3618774414062,461.3847961425781,0.27394598722457886,656.4113159179688,544.7752075195312,0.8287422060966492,732.4816284179688,544.8154907226562,0.48338252305984497
track_0,1333,0.4348485469818115,637.837890625,471.381103515625,0.5470947623252869,624.8054809570312,412.49285888671875,0.7742414474487305,649.584228515625,480.4727478027344,0.5267159342765808
track_1,1333,0.4590037167072296,716.553466796875,588.2960815429688,0.41333553194999695,656.2880859375,544.7235107421875,0.8142052888870239,684.631591796875,512.6498413085938,0.4050156772136688
track_0,1334,0.43570855259895325,637.7452392578125,471.4187316894531,0.558310866355896,624.81005859375,412.48455810546875,0.7709662914276123,649.5717163085938,480.4986877441406,0.5274857878684998
track_1,1334,0.45647552609443665,712.9066162109375,588.3013916015625,0.4765757620334625,653.3449096679688,544.6575927734375,0.8110499978065491,628.5703125,604.509765625,0.4058002531528473
track_0,1335,0.4450801908969879,640.435302734375,471.53607177734375,0.5914276838302612,624.7918701171875,412.46624755859375,0.7801283001899719,613.06396484375,352.6380310058594,0.5181484818458557
track_1,1335,0.45551183819770813,608.4037475585938,463.87628173828125,0.3869599401950836,663.7911376953125,544.656494140625,0.8697069883346558,692.3706665039062,628.100341796875,0.47175320982933044
track_0,1336,0.44608885049819946,640.46533203125,471.5174255371094,0.5912761688232422,624.7885131835938,412.49078369140625,0.7831583619117737,613.0548095703125,352.6322326660156,0.5183536410331726
track_1,1336,0.4652687907218933,608.38623046875,463.8622741699219,0.3922669589519501,663.8045043945312,544.6324462890625,0.8844800591468811,732.1607666015625,544.8045654296875,0.4610291123390198
track_0,1337,0.4433528482913971,638.037841796875,471.206298828125,0.5408049821853638,624.7823486328125,412.47857666015625,0.7787531018257141,649.4068603515625,480.43487548828125,0.5516242384910583
track_1,1337,0.45804405212402344,604.437255859375,461.4194641113281,0.27734851837158203,656.4588623046875,544.8212280273438,0.8413204550743103,732.82421875,544.9583740234375,0.47850942611694336
track_0,1338,0.43572086095809937,637.7582397460938,471.42633056640625,0.558588981628418,624.8020629882812,412.51092529296875,0.7727706432342529,649.5851440429688,480.51190185546875,0.5350725650787354
track_1,1338,0.459298312664032,604.4215087890625,461.39117431640625,0.2775588631629944,656.3544311523438,544.6853637695312,0.8343541026115417,732.662353515625,544.6705932617188,0.5077251195907593
track_0,1339,0.4344976544380188,637.7402954101562,471.3514099121094,0.5527735352516174,624.8377685546875,412.55419921875,0.7776359915733337,649.5931396484375,480.4733581542969,0.53326016664505
track_1,1339,0.45559632778167725,604.3276977539062,461.3935241699219,0.2860879600048065,656.1810913085938,544.6430053710938,0.8196316957473755,732.3442993164062,544.5198974609375,0.4760989844799042
track_0,1340,0.43158838152885437,637.7734375,471.3866882324219,0.5567479133605957,624.8402099609375,412.5322570800781,0.775992751121521,649.6282958984375,480.5013732910156,0.5249227285385132
track_1,1340,0.4541167914867401,604.3740234375,461.3032531738281,0.28918659687042236,656.1925659179688,544.5517578125,0.8280959725379944,732.4078979492188,544.557373046875,0.4870062470436096
track_0,1341,0.4292944371700287,637.7369384765625,471.3287353515625,0.5523289442062378,624.83251953125,412.520263671875,0.773391604423523,649.5650634765625,480.469970703125,0.5334113240242004
track_1,1341,0.4532961845397949,604.3450317382812,461.30859375,0.28311219811439514,656.2117919921875,544.5414428710938,0.8289695978164673,732.4485473632812,544.6685791015625,0.5038837194442749
track_0,1342,0.427806556224823,637.6930541992188,471.28021240234375,0.5435728430747986,624.8300170898438,412.52978515625,0.7695786952972412,649.4390258789062,480.43017578125,0.533588707447052
track_1,1342,0.45632222294807434,712.9629516601562,588.0947265625,0.4174632728099823,653.2684326171875,544.4545288085938,0.8053600788116455,681.1264038085938,512.09765625,0.40638959407806396
track_0,1343,0.43377014994621277,637.693359375,471.37664794921875,0.5591351389884949,624.7971801757812,412.48101806640625,0.7683935761451721,649.4815063476562,480.46295166015625,0.5459972023963928
track_1,1343,0.45836830139160156,712.9986572265625,588.5137939453125,0.4056297838687897,653.3917236328125,544.6407470703125,0.817492663860321,628.8067626953125,604.501708984375,0.3537448048591614
track_0,1344,0.44865238666534424,640.3082275390625,471.590576171875,0.6035075783729553,624.77392578125,412.51959228515625,0.7822492122650146,613.044189453125,352.6575927734375,0.518224835395813
track_1,1344,0.45793163776397705,608.4642333984375,463.8757629394531,0.3810446858406067,663.7764282226562,544.68310546875,0.8672429323196411,732.0733642578125,544.61474609375,0.48317939043045044
track_0,1345,0.44356733560562134,637.8131103515625,471.4746398925781,0.5688044428825378,624.7915649414062,412.5523986816406,0.7806563377380371,649.6668090820312,480.5143127441406,0.5351640582084656
track_1,1345,0.4592054784297943,713.065673828125,586.2420654296875,0.2884507477283478,656.44580078125,544.9073486328125,0.8288699984550476,732.9818115234375,544.6566772460938,0.38555386662483215
track_0,1346,0.43709900975227356,637.6497802734375,471.3017578125,0.5514697432518005,624.79638671875,412.5715637207031,0.7767043709754944,649.5328369140625,480.4058837890625,0.5428845882415771
track_1,1346,0.45739856362342834,712.8677978515625,587.885009765625,0.28870654106140137,656.3911743164062,544.6974487304688,0.8240612745285034,732.7762451171875,544.506103515625,0.4645399749279022
track_0,1347,0.43419399857521057,637.5628662109375,471.06085205078125,0.5197756290435791,624.8766479492188,412.62457275390625,0.7762283086776733,649.3284912109375,480.24945068359375,0.5666916966438293
track_1,1347,0.45691782236099243,712.8145141601562,585.3447875976562,0.2875814139842987,656.2518920898438,544.6336059570312,0.8206472992897034,732.5433349609375,544.2830810546875,0.4662930965423584
track_0,1348,0.4316427707672119,637.6488037109375,471.00006103515625,0.5106623768806458,624.9095458984375,412.60516357421875,0.7753397822380066,649.2743530273438,480.2196960449219,0.5720040202140808
track_1,1348,0.4533229470252991,604.3247680664062,461.30426025390625,0.2726547122001648,656.1665649414062,544.5357666015625,0.8199306130409241,730.0700073242188,544.0292358398438,0.4774462878704071
track_0,1349,0.42687544226646423,637.7697143554688,470.94384765625,0.5034990310668945,624.931396484375,412.5906066894531,0.7737107872962952,649.3173217773438,480.2252197265625,0.5751792192459106
track_1,1349,0.45265036821365356,604.2899169921875,461.28399658203125,0.2692321836948395,656.1912231445312,544.4654541015625,0.8296769261360168,730.12060546875,544.1286010742188,0.4912991523742676
track_0,1350,0.42636436223983765,637.8622436523438,468.6158142089844,0.4899331331253052,624.9389038085938,412.59991455078125,0.7729882597923279,649.2546997070312,480.19329833984375,0.5819022059440613
track_1,1350,0.45425111055374146,713.0822143554688,585.618896484375,0.37256425619125366,656.1812744140625,544.4620361328125,0.8227794170379639,732.7925415039062,544.1426391601562,0.432682067155838
track_0,1351,0.4234052896499634,637.8447265625,468.557861328125,0.49111810326576233,624.9797973632812,412.6175842285156,0.7686468958854675,649.1717529296875,480.15350341796875,0.561822772026062
track_1,1351,0.4542403817176819,712.779541015625,584.6353759765625,0.5020836591720581,656.0934448242188,544.3908081054688,0.7952237129211426,680.7208862304688,509.2471923828125,0.44138264656066895
track_0,1352,0.43280482292175293,637.7675170898438,471.11126708984375,0.5221205353736877,624.8917236328125,412.5538330078125,0.7726749777793884,649.375,480.2684326171875,0.569288969039917
track_1,1352,0.4572850465774536,712.9915771484375,585.670166015625,0.4320063889026642,653.231689453125,544.5863037109375,0.802156925201416,684.3801879882812,512.4052734375,0.41024404764175415
track_0,1353,0.4420969784259796,640.3802490234375,471.39678955078125,0.5662951469421387,624.8365478515625,412.534912109375,0.7837567925453186,649.7940673828125,480.59588623046875,0.5183526277542114
track_1,1353,0.463346004486084,713.18603515625,588.06689453125,0.34262657165527344,656.334716796875,544.781494140625,0.8373916149139404,733.1417236328125,545.0614013671875,0.46281108260154724
track_0,1354,0.4392859637737274,637.866455078125,471.4421081542969,0.5499696135520935,624.8089599609375,412.5484619140625,0.7820663452148438,649.74560546875,480.52001953125,0.5212780237197876
track_1,1354,0.46015018224716187,713.3377685546875,588.079833984375,0.32530245184898376,656.3768920898438,544.6735229492188,0.8364587426185608,733.1353149414062,544.591796875,0.4242628514766693
track_0,1355,0.4346866011619568,637.8136596679688,471.3086853027344,0.5358436107635498,624.8045043945312,412.5284729003906,0.7757109999656677,649.6160888671875,480.4698486328125,0.5382534861564636
track_1,1355,0.46005183458328247,713.2024536132812,588.4340209960938,0.28834009170532227,656.3446044921875,544.6061401367188,0.8320673704147339,732.9501953125,544.473876953125,0.4351932108402252
track_0,1356,0.4330308437347412,640.337646484375,468.61456298828125,0.5133461952209473,624.8190307617188,412.5262451171875,0.776278018951416,649.4049072265625,480.3410339355469,0.5533313751220703
track_1,1356,0.4587876498699188,712.731201171875,587.593994140625,0.3090102970600128,656.25634765625,544.5702514648438,0.8234726786613464,732.703857421875,544.4260864257812,0.4481493830680847
track_0,1357,0.4317288398742676,640.3345336914062,468.505859375,0.5145881175994873,624.834228515625,412.5345153808594,0.7779921889305115,649.30224609375,480.27972412109375,0.5620400309562683
track_1,1357,0.45508748292922974,604.1591796875,461.2322082519531,0.2713349461555481,656.1702270507812,544.5239868164062,0.8246120810508728,732.4703369140625,544.3564453125,0.46116214990615845
track_0,1358,0.427096426486969,637.7621459960938,471.30230712890625,0.5411522388458252,624.8275146484375,412.51556396484375,0.7775101661682129,649.5685424804688,480.43096923828125,0.5230215787887573
track_1,1358,0.4539547264575958,604.2442016601562,461.237060546875,0.28008031845092773,656.199462890625,544.4708862304688,0.8287792801856995,732.6287841796875,544.4877319335938,0.4610549211502075
track_0,1359,0.4241678714752197,637.7540283203125,471.270751953125,0.5341138243675232,624.8500366210938,412.51995849609375,0.7742868065834045,649.5369873046875,480.41192626953125,0.5295990705490112
track_1,1359,0.45411503314971924,712.9656982421875,587.8287353515625,0.35492846369743347,656.1694946289062,544.466796875,0.8225589394569397,733.1181640625,544.3282470703125,0.41272658109664917
track_0,1360,0.42696142196655273,637.7239379882812,471.258544921875,0.5345461964607239,624.8377685546875,412.5480651855469,0.772497296333313,649.5235595703125,480.4291687011719,0.5286524295806885
track_1,1360,0.4587610960006714,709.4003295898438,588.246826171875,0.47654256224632263,656.1857299804688,544.507568359375,0.8026977777481079,681.056640625,512.0205078125,0.44686445593833923
track_0,1361,0.4337763786315918,637.8033447265625,471.4281311035156,0.5513871312141418,624.8064575195312,412.5084533691406,0.7745432257652283,649.6392211914062,480.54168701171875,0.5295121073722839
track_1,1361,0.45842522382736206,716.4992065429688,585.4696655273438,0.40678346157073975,653.3619995117188,544.6878662109375,0.8179128766059875,684.7677612304688,512.7533569335938,0.37458035349845886
track_0,1362,0.4459223747253418,640.4343872070312,471.5858154296875,0.5969011187553406,624.781982421875,412.53643798828125,0.7883703708648682,613.162353515625,355.5958557128906,0.5089436769485474
track_1,1362,0.46645429730415344,713.4771728515625,586.0610961914062,0.3433280289173126,656.4429321289062,544.9339599609375,0.8399423360824585,732.740234375,544.3040771484375,0.41336849331855774
track_0,1363,0.44301432371139526,640.3109130859375,471.51470947265625,0.577319324016571,624.811767578125,412.5850524902344,0.7893789410591125,613.1830444335938,355.60784912109375,0.5070953369140625
track_1,1363,0.4678235352039337,713.4478759765625,585.3682861328125,0.31040140986442566,656.4097900390625,544.8480834960938,0.8165444135665894,732.7997436523438,544.1655883789062,0.3737975060939789
track_0,1364,0.4350684881210327,637.840576171875,471.5030822753906,0.5629931688308716,624.8086547851562,412.5678405761719,0.7809475660324097,613.1818237304688,355.6219482421875,0.5050755739212036
track_1,1364,0.4670642018318176,604.6353149414062,461.25579833984375,0.2967159152030945,656.3529663085938,544.66748046875,0.8228737711906433,732.65185546875,543.8523559570312,0.40567299723625183
track_0,1365,0.42928239703178406,637.7317504882812,471.3880615234375,0.548592746257782,624.839111328125,412.57928466796875,0.7809657454490662,613.194091796875,355.62677001953125,0.5028314590454102
track_1,1365,0.46640852093696594,604.4703369140625,461.2225341796875,0.2945082485675812,656.2037353515625,544.59814453125,0.8112387657165527,680.59716796875,512.03369140625,0.40488627552986145
track_0,1366,0.4283365309238434,637.696044921875,471.39398193359375,0.5496159195899963,624.8447265625,412.5914001464844,0.7830332517623901,649.6589965820312,480.45166015625,0.5028952956199646
track_1,1366,0.4621802866458893,604.3531494140625,461.2039489746094,0.291365385055542,656.109375,544.531982421875,0.8111284971237183,692.9791870117188,621.0872802734375,0.41493791341781616
track_0,1367,0.4254559278488159,637.7813110351562,471.3117980957031,0.5466126203536987,624.8367919921875,412.54522705078125,0.7800642848014832,649.528564453125,480.4454345703125,0.5162248611450195
track_1,1367,0.46093982458114624,604.26611328125,461.1804504394531,0.28019070625305176,656.1589965820312,544.49609375,0.8296105265617371,729.9345703125,543.7747802734375,0.43175047636032104
track_0,1368,0.42437124252319336,637.7742919921875,471.52276611328125,0.5677922368049622,624.8365478515625,412.5326843261719,0.7813405394554138,613.1910400390625,355.60260009765625,0.5014435648918152
track_1,1368,0.4597362279891968,712.9712524414062,585.1026611328125,0.3217064142227173,656.1946411132812,544.4841918945312,0.8280867338180542,730.1626586914062,543.8860473632812,0.43950414657592773
track_0,1369,0.42340606451034546,637.7584228515625,471.49725341796875,0.5654736161231995,624.8453369140625,412.51080322265625,0.7748633027076721,613.2051391601562,355.6096496582031,0.4991131126880646
track_1,1369,0.4610331952571869,716.70361328125,584.62255859375,0.4899248778820038,656.2045288085938,544.442626953125,0.8194922208786011,684.5986328125,512.3598022460938,0.38977935910224915
track_0,1370,0.4359048306941986,640.318115234375,471.5887451171875,0.5903394818305969,624.7880859375,412.45111083984375,0.7764681577682495,613.1774291992188,355.5829162597656,0.5012326240539551
track_1,1370,0.46275582909584045,716.8480224609375,585.6448364257812,0.4099388122558594,653.4007568359375,544.7239379882812,0.8279644846916199,688.7001953125,513.423583984375,0.328543096780777
track_0,1371,0.45233961939811707,640.621337890625,471.8025817871094,0.6316779255867004,624.7628784179688,412.469482421875,0.7907323241233826,613.1638793945312,355.53533935546875,0.5045372247695923
track_1,1371,0.4617500305175781,608.4465942382812,461.7542419433594,0.39200833439826965,663.8681640625,544.8359375,0.8757327198982239,728.9911499023438,541.0372924804688,0.4633101224899292
track_0,1372,0.4489086866378784,640.5639038085938,471.54986572265625,0.6023590564727783,624.7615966796875,412.4805908203125,0.790858268737793,613.1632080078125,355.5384521484375,0.504082202911377
track_1,1372,0.46330809593200684,608.3988037109375,461.639404296875,0.39135435223579407,663.8106079101562,544.681396484375,0.8582374453544617,732.3419189453125,544.1466674804688,0.37929555773735046
track_0,1373,0.4389186501502991,640.3854370117188,471.5902404785156,0.5951976180076599,624.7630004882812,412.49273681640625,0.7827944159507751,613.1790161132812,355.56707763671875,0.5006656646728516
track_1,1373,0.46175673604011536,604.6444702148438,461.2784729003906,0.2819143235683441,656.50732421875,544.7965698242188,0.829195499420166,732.6644897460938,544.1531372070312,0.44928988814353943
track_0,1374,0.4293961822986603,640.30615234375,471.5589599609375,0.5803446173667908,624.8207397460938,412.5334167480469,0.7832678556442261,613.2160034179688,355.5793151855469,0.49844011664390564
track_1,1374,0.46281227469444275,604.4883422851562,461.18170166015625,0.2974083423614502,656.2608642578125,544.6304931640625,0.8225480318069458,730.1598510742188,541.1782836914062,0.4207739531993866
track_0,1375,0.4239920675754547,640.272216796875,471.47216796875,0.5691350698471069,624.8583374023438,412.5400085449219,0.782370388507843,613.2418823242188,355.5828552246094,0.4982512295246124
track_1,1375,0.45669132471084595,604.3363037109375,461.1308288574219,0.29488542675971985,656.1259765625,544.4937744140625,0.822167694568634,729.7857666015625,541.080078125,0.44462522864341736
track_0,1376,0.42190706729888916,637.815185546875,471.409912109375,0.5553930401802063,624.8416748046875,412.48077392578125,0.7792176008224487,613.2314453125,355.56451416015625,0.5004211068153381
track_1,1376,0.45429590344429016,604.3041381835938,461.1046142578125,0.28809505701065063,656.2024536132812,544.4373168945312,0.8287990093231201,729.783935546875,541.1627197265625,0.48118820786476135
track_0,1377,0.423936128616333,640.4769287109375,468.53839111328125,0.5276902914047241,624.8356323242188,412.4805908203125,0.7794572114944458,649.4976806640625,480.35614013671875,0.5357763767242432
track_1,1377,0.45476070046424866,713.1591796875,585.7516479492188,0.3334375023841858,656.2244873046875,544.471435546875,0.8216841816902161,732.4780883789062,543.8787841796875,0.4214649796485901
track_0,1378,0.41974061727523804,640.2982177734375,468.3616638183594,0.5063902139663696,624.876220703125,412.50311279296875,0.7743842601776123,649.3135986328125,480.2447204589844,0.5527430772781372
track_1,1378,0.45458173751831055,712.83349609375,584.9937744140625,0.5083504319190979,656.0426025390625,544.3668212890625,0.7986897826194763,680.5862426757812,509.25250244140625,0.4465227425098419
track_0,1379,0.4264604151248932,637.8212280273438,471.3766784667969,0.5531067252159119,624.8411865234375,412.4937438964844,0.7736933827400208,649.6748046875,480.5769348144531,0.5106409788131714
track_1,1379,0.457606703042984,712.8056640625,588.2474365234375,0.4844087064266205,656.131591796875,544.5503540039062,0.8071022033691406,684.5704956054688,512.30908203125,0.4228503704071045
track_0,1380,0.4360722601413727,640.37109375,471.4311828613281,0.5787042379379272,624.8394775390625,412.4466247558594,0.7825311422348022,652.421875,480.214599609375,0.5060039162635803
track_1,1380,0.4633257985115051,713.1517333984375,588.8109741210938,0.3789454400539398,656.31201171875,544.8035278320312,0.8347275257110596,684.99853515625,513.0596313476562,0.3786354660987854
track_0,1381,0.436524361371994,640.2698974609375,471.32000732421875,0.5651195645332336,624.8219604492188,412.4768371582031,0.784584641456604,649.8480224609375,480.6473388671875,0.5140564441680908
track_1,1381,0.46353214979171753,713.281982421875,588.8131103515625,0.3498806655406952,656.3524780273438,544.7223510742188,0.841507613658905,733.1696166992188,544.5546875,0.39064326882362366
track_0,1382,0.4306003153324127,637.7913818359375,471.32061767578125,0.5532287955284119,624.8209838867188,412.4406433105469,0.7763879299163818,649.677490234375,480.51171875,0.533791184425354
track_1,1382,0.4607956111431122,713.0736083984375,588.2728271484375,0.29340988397598267,656.28857421875,544.5532836914062,0.8365567922592163,732.847900390625,544.3528442382812,0.41747862100601196
track_0,1383,0.4242168068885803,637.8695678710938,471.34527587890625,0.5580151081085205,624.8829956054688,412.4668884277344,0.7784199118614197,649.7911376953125,480.56878662109375,0.5092033743858337
track_1,1383,0.45895254611968994,604.283935546875,461.12701416015625,0.2832481563091278,656.1503295898438,544.4478759765625,0.8349443078041077,691.856689453125,624.926513671875,0.45461413264274597
track_0,1384,0.42299675941467285,637.7860107421875,471.26611328125,0.5473334193229675,624.89892578125,412.504638671875,0.7778040766716003,649.7286376953125,480.4635009765625,0.5200033187866211
track_1,1384,0.4586215019226074,604.3312377929688,461.0937805175781,0.2922780215740204,656.1096801757812,544.3975219726562,0.8294869661331177,692.0886840820312,624.2282104492188,0.4680652320384979
track_0,1385,0.42221176624298096,637.7447509765625,471.29949951171875,0.5497561097145081,624.8986206054688,412.4910583496094,0.7756184339523315,649.7568359375,480.46441650390625,0.5214941501617432
track_1,1385,0.4560866951942444,604.3677978515625,461.0771484375,0.2953430414199829,656.146728515625,544.3818359375,0.8320060968399048,691.564697265625,624.1668701171875,0.4549351632595062
track_0,1386,0.4199488162994385,637.7368774414062,471.26092529296875,0.5482837557792664,624.9110717773438,412.4899597167969,0.7758244872093201,649.6981201171875,480.43011474609375,0.5200508832931519
track_1,1386,0.4548685848712921,604.3496704101562,461.0229187011719,0.29264146089553833,656.1371459960938,544.3456420898438,0.8309475183486938,732.14013671875,544.1797485351562,0.451713502407074
track_0,1387,0.4214080274105072,637.744140625,471.2688903808594,0.5498500466346741,624.908203125,412.4939880371094,0.7756271362304688,649.727294921875,480.4583435058594,0.5167690515518188
track_1,1387,0.45603084564208984,712.997802734375,585.3212280273438,0.35898664593696594,656.1290893554688,544.4146118164062,0.8197206854820251,692.1824340820312,624.2142944335938,0.4108547270298004
track_0,1388,0.42034706473350525,637.609375,471.206298828125,0.5444977283477783,624.90185546875,412.48870849609375,0.7686793208122253,649.533447265625,480.358642578125,0.5153858065605164
track_1,1388,0.46335747838020325,713.1201171875,585.0808715820312,0.5012591481208801,656.1900024414062,544.45263671875,0.8139318823814392,684.470458984375,512.041015625,0.4255329370498657
track_0,1389,0.4332272410392761,637.7515869140625,471.40679931640625,0.5679928064346313,624.859619140625,412.482177734375,0.7738622426986694,649.6797485351562,480.5091552734375,0.5269193649291992
track_1,1389,0.46488162875175476,716.73828125,588.3618774414062,0.4069470167160034,656.335693359375,544.7586669921875,0.8193326592445374,685.02734375,512.7655639648438,0.38797855377197266
track_0,1390,0.44105416536331177,637.879150390625,471.572998046875,0.5867526531219482,624.842041015625,412.4984130859375,0.7825028300285339,649.9075317382812,480.65301513671875,0.5054211020469666
track_1,1390,0.46797099709510803,604.7181396484375,461.41619873046875,0.2868829667568207,656.3877563476562,545.0020751953125,0.8232524991035461,684.9700927734375,513.1246337890625,0.3756866455078125
track_0,1391,0.43980085849761963,637.8692626953125,471.5489501953125,0.5823932886123657,624.8284301757812,412.50396728515625,0.7782440185546875,609.8701171875,352.64642333984375,0.5039170980453491
track_1,1391,0.46660110354423523,604.7955932617188,461.3135681152344,0.29515063762664795,656.4939575195312,544.8855590820312,0.8267016410827637,685.0868530273438,512.6687622070312,0.3748857080936432
track_0,1392,0.43568673729896545,637.8080444335938,471.4085693359375,0.5676783323287964,624.807861328125,412.494140625,0.7751706838607788,649.6927490234375,480.57861328125,0.50910884141922
track_1,1392,0.4680785536766052,604.716552734375,461.25091552734375,0.28884151577949524,656.4293212890625,544.7743530273438,0.8270955085754395,684.88916015625,512.342041015625,0.3965386152267456
track_0,1393,0.4339829683303833,637.8554077148438,471.37689208984375,0.5680232644081116,624.8663940429688,412.52044677734375,0.7778218388557434,649.699951171875,480.55535888671875,0.5129120945930481
track_1,1393,0.4694463312625885,604.691162109375,461.2773132324219,0.2926626205444336,656.3768920898438,544.7946166992188,0.8203372955322266,684.5496826171875,512.2677612304688,0.40888336300849915
track_0,1394,0.43343585729599,637.8489990234375,471.56219482421875,0.5824552774429321,624.8685302734375,412.5094909667969,0.7781025767326355,609.9149169921875,352.6509094238281,0.5060175061225891
track_1,1394,0.4688626229763031,604.7801513671875,461.2605285644531,0.30654916167259216,656.3963012695312,544.7470703125,0.833269476890564,684.5858154296875,512.3887329101562,0.3997863531112671
track_0,1395,0.431810587644577,637.8526611328125,471.47320556640625,0.5696077942848206,624.89306640625,412.5040283203125,0.7767887711524963,609.9312133789062,352.6466064453125,0.5057085156440735
track_1,1395,0.4672169089317322,604.748046875,461.2978515625,0.30459415912628174,656.3934936523438,544.7587280273438,0.8314883708953857,684.5419311523438,512.3329467773438,0.4082685112953186
track_0,1396,0.42996469140052795,637.8543090820312,471.45770263671875,0.5680487155914307,624.90380859375,412.5075988769531,0.7743822932243347,609.9150390625,352.66778564453125,0.5075626969337463
track_1,1396,0.46921244263648987,717.0382690429688,588.29248046875,0.39551612734794617,656.3607177734375,544.6895141601562,0.8114755153656006,684.9214477539062,512.401123046875,0.42648282647132874
track_0,1397,0.42902687191963196,637.8641357421875,471.39105224609375,0.5619634389877319,624.9345092773438,412.52593994140625,0.7734008431434631,609.9238891601562,352.68292236328125,0.5093464255332947
track_1,1397,0.47040030360221863,716.929931640625,584.9482421875,0.5422661900520325,656.4112548828125,544.6729736328125,0.8208856582641602,684.9951782226562,512.3619384765625,0.4413951635360718
track_0,1398,0.4411015808582306,640.5147705078125,471.5644226074219,0.6089699268341064,624.9122314453125,412.5028076171875,0.7800614237785339,609.88671875,352.66339111328125,0.5104297399520874
track_1,1398,0.4663761258125305,717.2867431640625,588.4305419921875,0.41062822937965393,656.440673828125,545.0133056640625,0.8173123598098755,688.5494384765625,513.2508544921875,0.4006968140602112
track_0,1399,0.44713693857192993,640.6541748046875,471.660888671875,0.6324598789215088,624.912841796875,412.55133056640625,0.7892674803733826,609.8753051757812,352.6528015136719,0.5112987756729126
track_1,1399,0.4716234803199768,604.9457397460938,461.4966735839844,0.3065617084503174,653.5361938476562,545.0697021484375,0.8195149898529053,700.1910400390625,625.517333984375,0.3919954299926758
track_0,1400,0.44203102588653564,640.50390625,471.51861572265625,0.6023123264312744,624.9124755859375,412.56927490234375,0.7841528654098511,609.8910522460938,352.6636962890625,0.5107681155204773
track_1,1400,0.4703713655471802,604.9855346679688,461.3429260253906,0.31017524003982544,656.4860229492188,544.9501342773438,0.8150333762168884,700.5255126953125,624.7115478515625,0.45314958691596985
track_0,1401,0.43340229988098145,637.9296264648438,471.414306640625,0.5608773231506348,624.9646606445312,412.6028137207031,0.7787654995918274,609.9398803710938,352.67962646484375,0.5108701586723328
track_1,1401,0.4705488085746765,604.9573974609375,461.2206115722656,0.31028762459754944,656.4044189453125,544.751953125,0.8234249353408813,685.0321655273438,512.4775390625,0.39670076966285706
track_0,1402,0.4311080276966095,640.4521484375,471.43603515625,0.5771890878677368,624.988525390625,412.61761474609375,0.7830815315246582,609.934814453125,352.68841552734375,0.5103198289871216
track_1,1402,0.46946612000465393,604.7683715820312,461.21136474609375,0.31398800015449524,656.2941284179688,544.7047119140625,0.8109845519065857,680.9697265625,512.009521484375,0.3975905179977417
track_0,1403,0.4270990192890167,640.50732421875,471.4006042480469,0.5751993060112,625.0233764648438,412.5982360839844,0.7808231115341187,609.9478759765625,352.69757080078125,0.5112724304199219
track_1,1403,0.46568235754966736,604.6682739257812,461.17486572265625,0.3067738115787506,656.2310791015625,544.5975952148438,0.8181226253509521,680.9485473632812,512.0872192382812,0.3788003921508789
track_0,1404,0.42529919743537903,637.9961547851562,471.32781982421875,0.5494797825813293,625.0396728515625,412.6038513183594,0.776099443435669,609.9599609375,352.6908874511719,0.5128319263458252
track_1,1404,0.46404725313186646,604.658935546875,461.198974609375,0.2999725341796875,656.2192993164062,544.529296875,0.8272061347961426,729.7935180664062,541.00244140625,0.40371769666671753
track_0,1405,0.4263541102409363,638.0147705078125,471.36004638671875,0.5576598644256592,625.0432739257812,412.6038513183594,0.7767363786697388,609.9681396484375,352.68426513671875,0.5118312239646912
track_1,1405,0.4627474844455719,716.2378540039062,585.1290893554688,0.3059003949165344,656.187744140625,544.549072265625,0.8121609091758728,684.4124755859375,512.30810546875,0.36589348316192627
track_0,1406,0.4252852201461792,637.9111938476562,471.29345703125,0.5499585270881653,625.021728515625,412.580078125,0.770005464553833,609.9570922851562,352.6914978027344,0.5125167965888977
track_1,1406,0.46696725487709045,713.4353637695312,585.3563232421875,0.4857304096221924,656.388916015625,544.50048828125,0.8277645707130432,685.13037109375,512.3529663085938,0.40953564643859863
track_0,1407,0.43402379751205444,640.7759399414062,471.43890380859375,0.5733072757720947,625.0125122070312,412.5617370605469,0.7728695869445801,609.947998046875,352.6800842285156,0.512039303779602
track_1,1407,0.4655986726284027,716.8841552734375,585.5623779296875,0.41848161816596985,656.40869140625,544.7898559570312,0.826736330986023,688.6942749023438,512.9421997070312,0.4122477173805237
track_0,1408,0.44521477818489075,641.0086669921875,471.60101318359375,0.5949832201004028,624.9940795898438,412.575439453125,0.7849447727203369,609.9351196289062,352.6532287597656,0.5111520886421204
track_1,1408,0.4644826352596283,608.6411743164062,463.93817138671875,0.39488762617111206,663.7891235351562,544.7393188476562,0.8618647456169128,699.2726440429688,625.953125,0.3955422043800354
track_0,1409,0.4436706304550171,640.9313354492188,471.4205017089844,0.5830184817314148,625.0277099609375,412.5806579589844,0.7806926369667053,652.83837890625,480.4365539550781,0.517865777015686
track_1,1409,0.4623238146305084,604.9310913085938,461.50811767578125,0.2822197377681732,656.5457153320312,545.056396484375,0.8245777487754822,689.2518920898438,513.4760131835938,0.3853166699409485
track_0,1410,0.43741941452026367,640.823974609375,471.28411865234375,0.5637020468711853,625.048828125,412.5587158203125,0.77500981092453,650.1103515625,480.84320068359375,0.5232200026512146
track_1,1410,0.464018315076828,604.8143310546875,461.39251708984375,0.2788093686103821,656.4677734375,544.8682861328125,0.8286926746368408,688.7639770507812,513.0001831054688,0.396945059299469
track_0,1411,0.4343405067920685,640.7357177734375,471.1942443847656,0.5403720140457153,625.0775146484375,412.586181640625,0.7807727456092834,650.029052734375,480.7117919921875,0.5295568704605103
track_1,1411,0.46375772356987,604.634521484375,461.3287048339844,0.2790459096431732,656.333740234375,544.8096923828125,0.8206555843353271,684.8143310546875,512.55078125,0.3811453878879547
track_0,1412,0.43368828296661377,638.2542724609375,471.28704833984375,0.5313563346862793,625.0820922851562,412.5987243652344,0.779908299446106,649.95556640625,480.625732421875,0.5453677773475647
track_1,1412,0.46401357650756836,604.6201171875,461.3231201171875,0.281143456697464,656.3104858398438,544.76318359375,0.8243565559387207,684.6688232421875,512.4757690429688,0.37904244661331177
track_0,1413,0.43105053901672363,638.2913818359375,471.25067138671875,0.5312204957008362,625.083740234375,412.54473876953125,0.7760031223297119,649.8519897460938,480.604248046875,0.5565246343612671
track_1,1413,0.46253761649131775,604.5908813476562,461.2745056152344,0.2699975073337555,656.3142700195312,544.685302734375,0.8321270942687988,693.2103881835938,625.0377197265625,0.4559972882270813
track_0,1414,0.43045908212661743,638.1531982421875,471.177734375,0.5252066254615784,625.073486328125,412.5476989746094,0.7753909826278687,649.743896484375,480.488525390625,0.5688042044639587
track_1,1414,0.46186521649360657,604.6157836914062,461.2279357910156,0.2724887430667877,656.306640625,544.6578369140625,0.8267680406570435,693.268798828125,625.154541015625,0.4225645065307617
track_0,1415,0.42872294783592224,638.1334228515625,471.1866455078125,0.5271227955818176,625.0753173828125,412.54742431640625,0.7741198539733887,649.7224731445312,480.5228271484375,0.5562297701835632
track_1,1415,0.4653231203556061,713.347900390625,588.4743041992188,0.45110243558883667,656.3258666992188,544.5633544921875,0.819013774394989,688.6049194335938,512.63330078125,0.4311303496360779
track_0,1416,0.43400877714157104,638.021240234375,471.2764892578125,0.5317685008049011,625.05859375,412.5224609375,0.7693074941635132,649.6922607421875,480.467041015625,0.5689346790313721
track_1,1416,0.46609294414520264,713.4476318359375,588.6050415039062,0.5242254734039307,656.3603515625,544.676025390625,0.8258274793624878,688.850341796875,512.7359008789062,0.4516439437866211
track_0,1417,0.4448556900024414,638.083251953125,471.516845703125,0.5532629489898682,625.0183715820312,412.5023193359375,0.7804157137870789,649.9374389648438,480.58233642578125,0.5663161277770996
track_1,1417,0.46236467361450195,716.7515869140625,589.7089233398438,0.36036303639411926,656.4277954101562,545.0068969726562,0.82648766040802,689.0009765625,513.3728637695312,0.43332773447036743
track_0,1418,0.44464677572250366,638.0368041992188,471.4593811035156,0.5504250526428223,625.0185546875,412.5205993652344,0.7820740342140198,649.9178466796875,480.5389404296875,0.572923481464386
track_1,1418,0.46193790435791016,712.91455078125,589.4971923828125,0.28711870312690735,656.4282836914062,544.9857788085938,0.8347762227058411,688.9427490234375,513.1292724609375,0.4527738392353058
track_0,1419,0.4397641122341156,637.9910888671875,471.33673095703125,0.5353855490684509,625.0287475585938,412.5069580078125,0.7777499556541443,649.792236328125,480.4657897949219,0.5812896490097046
track_1,1419,0.4603389799594879,604.685302734375,461.3661193847656,0.2759743332862854,656.387939453125,544.7708740234375,0.8409096002578735,688.9307861328125,512.865478515625,0.42867687344551086
track_0,1420,0.43333715200424194,637.9791870117188,471.21142578125,0.5198570489883423,625.0645751953125,412.493408203125,0.771626353263855,649.6563110351562,480.36517333984375,0.5964859127998352
track_1,1420,0.4572405517101288,604.5260620117188,461.2303161621094,0.2680533826351166,656.2551879882812,544.5509033203125,0.839651882648468,691.7614135742188,628.3153076171875,0.4098604917526245
track_0,1421,0.42772942781448364,637.9671630859375,471.0050048828125,0.496892511844635,625.1229858398438,412.55987548828125,0.77344810962677,649.6079711914062,480.2698974609375,0.5977851748466492
track_1,1421,0.45488932728767395,604.442138671875,461.16461181640625,0.27026328444480896,656.1456909179688,544.439453125,0.8286857008934021,688.9722900390625,625.8784790039062,0.39508166909217834
track_0,1422,0.42360740900039673,638.0128784179688,470.9476318359375,0.4844515919685364,625.1578369140625,412.57440185546875,0.7685765027999878,649.5467529296875,480.27801513671875,0.5884036421775818
track_1,1422,0.45700255036354065,712.771484375,588.3475952148438,0.40119025111198425,656.072021484375,544.2857055664062,0.8083252906799316,688.147705078125,512.2676391601562,0.437186062335968
track_0,1423,0.4232964515686035,638.1751708984375,470.9771728515625,0.4686037003993988,625.1848754882812,412.645263671875,0.763609766960144,649.5748901367188,480.3631286621094,0.5753331184387207
track_1,1423,0.4550989270210266,712.63525390625,587.89013671875,0.5352700352668762,656.0361328125,544.1505126953125,0.8062010407447815,688.345703125,512.0230102539062,0.4589727222919464
track_0,1424,0.429221510887146,638.3348388671875,471.05322265625,0.4705341160297394,625.212646484375,412.623046875,0.7610496282577515,649.6202392578125,480.4044189453125,0.5956109762191772
track_1,1424,0.4593610465526581,712.9605102539062,588.59033203125,0.564256489276886,656.0855712890625,544.253662109375,0.815863311290741,688.91357421875,512.2096557617188,0.4626432955265045
track_0,1425,0.4338599145412445,638.4537353515625,471.1544189453125,0.47394630312919617,625.199951171875,412.6098937988281,0.7576083540916443,649.6762084960938,480.46533203125,0.5921521782875061
track_1,1425,0.45736071467399597,712.8565063476562,592.0005493164062,0.6054755449295044,653.224365234375,544.4180908203125,0.8215293288230896,692.5032958984375,512.438720703125,0.46398070454597473
track_0,1426,0.43853309750556946,638.4765014648438,471.24639892578125,0.479855477809906,625.1795043945312,412.5879211425781,0.7514185905456543,649.7465209960938,480.4989013671875,0.5862075686454773
track_1,1426,0.4455834925174713,705.3662109375,596.1084594726562,0.3759637176990509,656.384765625,544.4221801757812,0.8442949652671814,696.8023681640625,512.7601928710938,0.4451231360435486
track_0,1427,0.43999776244163513,638.5,471.2855529785156,0.483776718378067,625.1661376953125,412.5753479003906,0.7522104382514954,649.869140625,480.5272216796875,0.5881896615028381
track_1,1427,0.43480953574180603,604.9573974609375,461.1820068359375,0.27952972054481506,656.50927734375,544.3176879882812,0.8916361331939697,701.2999267578125,513.4675903320312,0.42103859782218933
track_0,1428,0.44498348236083984,638.5162963867188,471.46783447265625,0.5067579746246338,625.1133422851562,412.54656982421875,0.7534621953964233,649.9873657226562,480.632568359375,0.5637494325637817
track_1,1428,0.41584762930870056,684.7084350585938,641.1618041992188,0.5056055188179016,656.6193237304688,544.4574584960938,0.8914136290550232,705.1502075195312,517.1409301757812,0.421185165643692
track_0,1429,0.45153358578681946,640.8169555664062,471.591796875,0.5412294268608093,625.02685546875,412.51220703125,0.756661057472229,652.8139038085938,480.2979736328125,0.5287032127380371
track_1,1429,0.41676539182662964,668.6517944335938,644.9072265625,0.6054494380950928,664.0770263671875,544.33642578125,0.8851681351661682,720.5809326171875,525.3412475585938,0.4457075893878937
track_0,1430,0.46039703488349915,640.740478515625,471.66900634765625,0.55257648229599,624.9801635742188,412.52008056640625,0.7613184452056885,652.8159790039062,480.3274230957031,0.5254844427108765
track_1,1430,0.41605257987976074,657.3626098632812,645.2518920898438,0.4722503423690796,664.4859008789062,544.5489501953125,0.889181911945343,732.697998046875,540.5794677734375,0.5073176622390747
track_0,1431,0.4711194932460785,640.7608642578125,471.853515625,0.5773440599441528,624.9406127929688,412.57171630859375,0.7758991718292236,613.3731689453125,356.13092041015625,0.5165534615516663
track_1,1431,0.4170946776866913,648.170166015625,645.4307250976562,0.5486478805541992,671.970458984375,544.3319091796875,0.8973431587219238,732.592529296875,544.7711791992188,0.6011999249458313
track_0,1432,0.4779781699180603,640.7890625,471.8430480957031,0.5718567371368408,624.9530029296875,412.6356201171875,0.7831401824951172,613.357666015625,356.145751953125,0.5168960690498352
track_1,1432,0.41531628370285034,640.44091796875,644.5701904296875,0.7856866717338562,672.047119140625,544.4512329101562,0.892494797706604,735.8221435546875,552.21875,0.6447636485099792
track_0,1433,0.47570720314979553,640.6578979492188,471.8311462402344,0.5585065484046936,624.9656372070312,412.65814208984375,0.7814582586288452,613.3748779296875,356.17718505859375,0.5167503356933594
track_1,1433,0.4169515073299408,636.3296508789062,643.9036865234375,0.8702086806297302,671.9529418945312,544.2132568359375,0.886150598526001,735.984130859375,552.355712890625,0.6790376305580139
track_0,1434,0.471897155046463,638.0993041992188,471.852783203125,0.5384806990623474,624.9801635742188,412.6956481933594,0.7785930037498474,613.3704833984375,356.205810546875,0.5140357613563538
track_1,1434,0.41754472255706787,636.6383666992188,640.4391479492188,0.8296857476234436,664.4989624023438,544.4909057617188,0.8541554808616638,736.9234619140625,556.2254638671875,0.6023285984992981
track_0,1435,0.4694812595844269,637.7277221679688,471.5024108886719,0.49016377329826355,624.996337890625,412.7734069824219,0.7711135149002075,652.937255859375,477.3446044921875,0.5655049085617065
track_1,1435,0.4144279360771179,632.72509765625,636.21435546875,0.7891985177993774,664.3912353515625,544.1533813476562,0.855367124080658,736.8369140625,552.3251953125,0.5826213955879211
track_0,1436,0.4678187072277069,637.587646484375,471.35150146484375,0.4578413963317871,625.025390625,412.843017578125,0.769757091999054,652.93798828125,477.21044921875,0.5828672051429749
track_1,1436,0.41416850686073303,632.3037109375,632.5924072265625,0.8256725072860718,664.29833984375,544.0936889648438,0.8475880026817322,736.8627319335938,552.27880859375,0.5847947597503662
track_0,1437,0.4680974781513214,637.3961181640625,471.2783203125,0.43124520778656006,625.0361938476562,412.8712158203125,0.7665965557098389,650.2523193359375,477.5080871582031,0.5974578857421875
track_1,1437,0.41414231061935425,628.8497314453125,631.952392578125,0.8433705568313599,664.2454833984375,543.9940185546875,0.8448324799537659,736.8551025390625,552.3505859375,0.5795487761497498
track_0,1438,0.46919766068458557,637.479248046875,471.4774169921875,0.4616146683692932,625.0581665039062,412.86077880859375,0.7674199938774109,652.988037109375,477.22216796875,0.5892320871353149
track_1,1438,0.413564532995224,627.953125,632.73876953125,0.8384243845939636,671.9308471679688,536.8945922851562,0.8603225946426392,736.2991943359375,553.0274047851562,0.6915461421012878
track_0,1439,0.46885719895362854,637.5535888671875,471.50604248046875,0.4667438864707947,625.060546875,412.8694763183594,0.7702385783195496,653.05224609375,477.2816162109375,0.5897293090820312
track_1,1439,0.415010929107666,628.4683837890625,632.0205078125,0.8376153707504272,664.2833251953125,544.0269775390625,0.854522168636322,736.8057861328125,552.388671875,0.5776651501655579
track_0,1440,0.4675918519496918,637.5554809570312,471.49835205078125,0.4709755480289459,625.0491943359375,412.84912109375,0.770737886428833,653.0133056640625,477.2578125,0.5834046006202698
track_1,1440,0.415601909160614,624.8045043945312,632.0126342773438,0.8540476560592651,664.2645263671875,544.0501708984375,0.8586360812187195,736.7462158203125,552.4769897460938,0.5930739045143127
track_0,1441,0.4645189046859741,637.5545654296875,471.4425048828125,0.46033579111099243,625.0630493164062,412.8585205078125,0.7707695960998535,652.9102783203125,477.22723388671875,0.5822232961654663
track_1,1441,0.41592371463775635,621.0584716796875,631.89501953125,0.8534027934074402,664.2296142578125,544.0563354492188,0.857964038848877,736.5902099609375,552.4784545898438,0.5906375646591187
track_0,1442,0.46048787236213684,637.6104736328125,471.33648681640625,0.44715097546577454,625.0823364257812,412.85870361328125,0.7715682983398438,652.819091796875,477.20526123046875,0.5811029672622681
track_1,1442,0.41383007168769836,620.4956665039062,631.608154296875,0.8642210364341736,664.1268920898438,543.9287719726562,0.855066180229187,736.369384765625,552.4020385742188,0.6012728214263916
track_0,1443,0.4579530656337738,637.8081665039062,471.32354736328125,0.45238763093948364,625.0794677734375,412.8603820800781,0.7685949802398682,652.8501586914062,477.25811767578125,0.5734433531761169
track_1,1443,0.41186097264289856,616.9251708984375,629.7034912109375,0.8642499446868896,664.4368896484375,537.16162109375,0.8514045476913452,736.4990844726562,553.5369873046875,0.677109956741333
track_0,1444,0.451144278049469,638.116455078125,471.46966552734375,0.4804218113422394,625.0747680664062,412.82958984375,0.7740045189857483,653.032470703125,477.4365234375,0.5332441329956055
track_1,1444,0.4142487347126007,616.3521728515625,629.3794555664062,0.8678487539291382,664.35546875,537.052734375,0.8524963855743408,736.3008422851562,553.5311889648438,0.6993582248687744
track_0,1445,0.44065672159194946,638.196044921875,471.4774169921875,0.4797761142253876,625.1312255859375,412.8244934082031,0.7728611826896667,613.4710083007812,356.6269226074219,0.5231515765190125
track_1,1445,0.41356360912323,612.8136596679688,628.8128662109375,0.8726017475128174,664.173583984375,536.9353637695312,0.8568472266197205,733.3116455078125,553.3438720703125,0.7203011512756348
track_0,1446,0.43293941020965576,638.1943359375,471.4422607421875,0.4715869724750519,625.1680908203125,412.8331604003906,0.7712940573692322,613.490234375,356.6372985839844,0.521916925907135
track_1,1446,0.4154660105705261,612.355712890625,625.468505859375,0.8902445435523987,664.0521240234375,536.7588500976562,0.8629776239395142,733.1538696289062,553.2215576171875,0.7224264144897461
track_0,1447,0.43154680728912354,638.2191162109375,471.4549865722656,0.47017359733581543,625.1710205078125,412.82183837890625,0.7690984010696411,613.4951782226562,356.6387634277344,0.5221164226531982
track_1,1447,0.41713792085647583,611.9903564453125,625.1162719726562,0.8971841931343079,664.0310668945312,536.6397094726562,0.8651541471481323,733.1832275390625,553.1744384765625,0.7150729298591614
track_0,1448,0.4306409955024719,640.7298583984375,468.913330078125,0.45951271057128906,625.1929321289062,412.82501220703125,0.7682893872261047,613.5000610351562,356.6424255371094,0.5217778086662292
track_1,1448,0.4191627502441406,608.28125,624.787109375,0.8782245516777039,664.0135498046875,536.6123657226562,0.8696784973144531,735.8502807617188,553.1595458984375,0.7126776576042175
track_0,1449,0.42750224471092224,640.814697265625,468.9380187988281,0.46792328357696533,625.2307739257812,412.8271179199219,0.7693625688552856,613.5399780273438,356.656982421875,0.5214698910713196
track_1,1449,0.4218626022338867,604.458740234375,624.3558349609375,0.8750453591346741,663.9564819335938,536.6207885742188,0.8707281947135925,733.1365966796875,553.1654052734375,0.7083175778388977
track_0,1450,0.42516207695007324,640.0599365234375,468.8228454589844,0.39905694127082825,631.0935668945312,412.67364501953125,0.7453902363777161,651.47265625,480.3299560546875,0.5033625960350037
track_1,1450,0.4208187162876129,600.4304809570312,621.256591796875,0.8515549302101135,663.9197998046875,536.6326904296875,0.8707348108291626,733.079833984375,553.2990112304688,0.7161508202552795
track_0,1451,0.424247145652771,640.0848388671875,468.8033447265625,0.3988575041294098,631.1541748046875,412.6761779785156,0.7467345595359802,651.4891357421875,480.2940673828125,0.5038819909095764
track_1,1451,0.4192236065864563,596.4508056640625,620.95849609375,0.8790410161018372,663.8765869140625,536.6729125976562,0.8714560866355896,733.0258178710938,553.408447265625,0.7139853239059448
track_0,1452,0.4248747229576111,640.1403198242188,468.7564697265625,0.3979145288467407,631.2255859375,412.68389892578125,0.7471315860748291,651.9114379882812,477.6746520996094,0.508561372756958
track_1,1452,0.4178732931613922,592.7066650390625,620.9244384765625,0.8528156876564026,663.8799438476562,536.7268676757812,0.8723344802856445,732.9485473632812,553.4306030273438,0.7148105502128601
track_0,1453,0.42507055401802063,640.135986328125,468.7972106933594,0.39731693267822266,631.2197875976562,412.6423645019531,0.7476299405097961,651.5211791992188,480.262939453125,0.5255111455917358
track_1,1453,0.4198872745037079,592.4146118164062,620.7711181640625,0.8403434753417969,663.8734130859375,536.9061279296875,0.8714435696601868,732.8369750976562,553.5181274414062,0.7126963138580322
track_0,1454,0.4270412027835846,640.026123046875,471.10882568359375,0.4094906449317932,631.2054443359375,412.6024475097656,0.7505269646644592,651.6637573242188,480.28411865234375,0.5403306484222412
track_1,1454,0.4211651682853699,592.2345581054688,617.7907104492188,0.8368117213249207,663.9297485351562,537.1160278320312,0.8713381886482239,732.8071899414062,553.6959228515625,0.7208874225616455
track_0,1455,0.43036752939224243,640.091064453125,471.169921875,0.4194605052471161,631.1780395507812,412.553955078125,0.7532106041908264,651.7681884765625,480.32220458984375,0.561843991279602
track_1,1455,0.42556697130203247,592.2984008789062,619.8087768554688,0.8180424571037292,656.2235107421875,544.13232421875,0.8532035946846008,733.2978515625,556.0015869140625,0.6888567209243774
track_0,1456,0.428561270236969,639.8201904296875,471.1460876464844,0.41059428453445435,631.13623046875,412.54132080078125,0.7534193396568298,651.721435546875,480.1964111328125,0.5838963389396667
track_1,1456,0.43037745356559753,589.0559692382812,619.7758178710938,0.813606858253479,656.2142333984375,544.2249755859375,0.8498193025588989,733.0714111328125,556.0859375,0.6980401277542114
track_0,1457,0.4369572401046753,639.6054077148438,471.1317138671875,0.3897741436958313,631.1554565429688,412.5597839355469,0.7538710832595825,652.071533203125,480.14874267578125,0.6074727177619934
track_1,1457,0.4347923994064331,588.7243041992188,616.7268676757812,0.8120498657226562,656.236083984375,544.3799438476562,0.8414263129234314,733.249267578125,556.791259765625,0.7180836796760559
track_0,1458,0.4387001395225525,639.7651977539062,471.2567443847656,0.4042590856552124,631.168212890625,412.549560546875,0.7571238279342651,652.22216796875,480.25213623046875,0.6102591156959534
track_1,1458,0.43803906440734863,588.564453125,616.7094116210938,0.8253311514854431,656.2685546875,544.4656982421875,0.8450798392295837,733.2752685546875,556.8692626953125,0.7069453001022339
track_0,1459,0.44252264499664307,639.9338989257812,471.3249816894531,0.40580442547798157,631.1950073242188,412.5695495605469,0.7619844675064087,652.3814697265625,480.33258056640625,0.607190728187561
track_1,1459,0.4386962354183197,588.4568481445312,616.58984375,0.826487123966217,656.3179931640625,544.5911254882812,0.8489350080490112,733.2783203125,556.909423828125,0.7132954001426697
track_0,1460,0.44512444734573364,640.0471801757812,471.3631591796875,0.4160546064376831,631.232421875,412.56256103515625,0.7673847675323486,655.5480346679688,477.46649169921875,0.6011110544204712
track_1,1460,0.4407038986682892,585.0928344726562,616.322998046875,0.8234013915061951,656.3634033203125,544.6549682617188,0.8520261645317078,733.32373046875,556.9383544921875,0.7194615006446838
track_0,1461,0.4447879493236542,642.6531372070312,471.2198486328125,0.42383962869644165,631.2416381835938,412.5538330078125,0.7657946348190308,655.606689453125,477.51068115234375,0.5956489443778992
track_1,1461,0.4415307641029358,584.6343994140625,613.1047973632812,0.833213210105896,656.339599609375,544.6521606445312,0.852112352848053,733.2569580078125,556.9547119140625,0.7258071303367615
track_0,1462,0.44173353910446167,639.9976196289062,471.37841796875,0.4154122769832611,631.2498168945312,412.5559387207031,0.7632687091827393,655.5621337890625,477.46044921875,0.6003390550613403
track_1,1462,0.44249671697616577,584.7965087890625,612.8181762695312,0.8206057548522949,656.2823486328125,544.5782470703125,0.851416289806366,733.21728515625,556.930908203125,0.7233587503433228
track_0,1463,0.43810468912124634,639.9239501953125,471.34893798828125,0.41100171208381653,631.2464599609375,412.5677490234375,0.7623946666717529,655.49951171875,477.41357421875,0.6007080674171448
track_1,1463,0.44415006041526794,584.768798828125,612.3785400390625,0.8271994590759277,656.238037109375,544.4464111328125,0.8490059971809387,733.1974487304688,556.8795166015625,0.718230128288269
track_0,1464,0.4358116388320923,639.9176635742188,471.35296630859375,0.41067633032798767,631.266357421875,412.56585693359375,0.7600703835487366,655.52490234375,477.4201965332031,0.6047322154045105
track_1,1464,0.44511470198631287,584.7777099609375,612.1390380859375,0.822976291179657,656.19677734375,544.3064575195312,0.8491434454917908,733.1700439453125,556.8302001953125,0.7163367867469788
track_0,1465,0.4323832094669342,639.9132080078125,471.35302734375,0.4094083309173584,631.2625122070312,412.5547180175781,0.7564007639884949,655.509765625,477.41259765625,0.6000977754592896
track_1,1465,0.44487518072128296,584.5900268554688,608.83837890625,0.815349817276001,656.1304931640625,544.1884155273438,0.8482201099395752,733.1148071289062,556.7967529296875,0.7080459594726562
track_0,1466,0.42819905281066895,639.8800048828125,471.32891845703125,0.40512341260910034,631.26806640625,412.5595397949219,0.7540755867958069,655.4891967773438,477.3824768066406,0.5989651679992676
track_1,1466,0.4447273910045624,584.470703125,608.6921997070312,0.8138707280158997,656.0875244140625,544.0995483398438,0.8481073975563049,733.0527954101562,559.954345703125,0.7117999792098999
track_0,1467,0.4221571385860443,639.786865234375,471.2715759277344,0.40127506852149963,631.2845458984375,412.552734375,0.7503177523612976,655.424072265625,477.3137512207031,0.5974904298782349
track_1,1467,0.4420948326587677,584.2310791015625,608.3143310546875,0.832535982131958,656.0184936523438,543.951171875,0.8473113179206848,732.992431640625,559.95458984375,0.7152005434036255
track_0,1468,0.4195195436477661,639.7385864257812,471.2453308105469,0.39501842856407166,631.292236328125,412.5567321777344,0.7487152218818665,655.386962890625,477.2885437011719,0.6002143025398254
track_1,1468,0.4415760040283203,584.0632934570312,608.006103515625,0.8378883600234985,655.9947509765625,543.845947265625,0.8484084606170654,733.0031127929688,559.88671875,0.7193433046340942
track_0,1469,0.42000722885131836,639.7469482421875,471.2657470703125,0.3991888165473938,631.2747802734375,412.5478515625,0.7499000430107117,655.357666015625,477.29669189453125,0.5911052227020264
track_1,1469,0.4426400363445282,584.0958251953125,608.046142578125,0.8357387185096741,656.0007934570312,543.8394165039062,0.8490221500396729,732.9808959960938,559.896240234375,0.7247492671012878
track_0,1470,0.42032548785209656,639.7619018554688,471.31402587890625,0.40414419770240784,631.26806640625,412.5375061035156,0.7492407560348511,655.3658447265625,477.32220458984375,0.5799797177314758
track_1,1470,0.44327107071876526,581.0103149414062,608.2836303710938,0.805147647857666,656.0247802734375,543.8087768554688,0.8501333594322205,732.9694213867188,559.8864135742188,0.7280706167221069
track_0,1471,0.41768139600753784,639.79248046875,471.27459716796875,0.3981456458568573,631.2150268554688,412.4959716796875,0.7477433681488037,655.3178100585938,477.33868408203125,0.5733063817024231
track_1,1471,0.44344961643218994,580.9004516601562,611.7863159179688,0.8245975971221924,656.0172729492188,543.7965087890625,0.8504074215888977,732.9238891601562,559.8875122070312,0.7260183691978455
track_0,1472,0.4158822000026703,639.9306030273438,471.34906005859375,0.4232466518878937,631.2299194335938,412.4766540527344,0.7485710382461548,652.34814453125,480.37200927734375,0.5476646423339844
track_1,1472,0.4432944059371948,580.8621826171875,612.3780517578125,0.8077853322029114,656.0264282226562,543.7867431640625,0.8499718308448792,732.8829956054688,559.9022827148438,0.7239841818809509
track_0,1473,0.4144665002822876,639.8675537109375,471.39141845703125,0.44390955567359924,631.1665649414062,412.42926025390625,0.7480314373970032,652.2446899414062,480.3516845703125,0.5454029440879822
track_1,1473,0.44473057985305786,583.9832153320312,615.853759765625,0.8361220955848694,656.05224609375,543.8356323242188,0.8495741486549377,732.9279174804688,559.9622802734375,0.7310386896133423
track_0,1474,0.41175881028175354,640.0297241210938,471.48565673828125,0.4601457417011261,631.14794921875,412.4234313964844,0.7493190765380859,652.2670288085938,480.4876708984375,0.5194698572158813
track_1,1474,0.44525769352912903,580.978515625,615.922119140625,0.8461595773696899,656.0609130859375,543.8825073242188,0.8517744541168213,732.9136352539062,560.035400390625,0.7342883944511414
track_0,1475,0.4149552583694458,643.1783447265625,471.4629821777344,0.5014053583145142,631.185302734375,412.4478454589844,0.7507666349411011,611.280517578125,356.657470703125,0.5098090767860413
track_1,1475,0.446088969707489,580.91650390625,615.928466796875,0.8523179888725281,656.0841674804688,543.9549560546875,0.8502413034439087,732.9041748046875,560.05078125,0.7314789891242981
track_0,1476,0.4172757863998413,643.427490234375,471.623779296875,0.529352605342865,631.2205810546875,412.4510192871094,0.7491772174835205,611.3118896484375,356.65789794921875,0.5082138180732727
track_1,1476,0.4468883275985718,580.8674926757812,615.9476928710938,0.8565122485160828,656.1021728515625,544.0062866210938,0.8530570268630981,732.8931274414062,560.0674438476562,0.7336652874946594
track_0,1477,0.42030975222587585,643.3009643554688,471.3929443359375,0.5000318288803101,631.2679443359375,412.4656066894531,0.7476019859313965,652.286865234375,480.7287902832031,0.5272918343544006
track_1,1477,0.4471610486507416,580.556640625,616.036376953125,0.8885340690612793,656.12353515625,544.0275268554688,0.854507327079773,732.9043579101562,560.102294921875,0.7356881499290466
track_0,1478,0.42052143812179565,643.4493408203125,471.4346923828125,0.5114868879318237,631.3021850585938,412.4582824707031,0.7492859363555908,655.0858154296875,480.3031921386719,0.5138815641403198
track_1,1478,0.4465513229370117,576.943359375,615.979248046875,0.9157657027244568,656.1328125,544.0476684570312,0.8582396507263184,732.9213256835938,560.135498046875,0.7353948950767517
track_0,1479,0.41736066341400146,643.421142578125,471.4546203613281,0.5138772130012512,631.3063354492188,412.42230224609375,0.7501921653747559,655.0977783203125,480.2939453125,0.5114830136299133
track_1,1479,0.4466126263141632,576.0435180664062,616.0909423828125,0.9792835116386414,656.1387329101562,544.0991821289062,0.8611249923706055,732.9118041992188,560.1892700195312,0.7454884052276611
track_0,1480,0.4177132248878479,643.3681030273438,471.4421691894531,0.514323890209198,631.33544921875,412.4189147949219,0.7515647411346436,655.060791015625,480.2506103515625,0.5111343264579773
track_1,1480,0.4457586407661438,572.2885131835938,616.2686767578125,0.940978467464447,656.17236328125,544.3363037109375,0.8579081892967224,733.063232421875,560.6900024414062,0.7252030968666077
track_0,1481,0.41588884592056274,643.31201171875,471.3992004394531,0.5100085735321045,631.3289794921875,412.37835693359375,0.7535150051116943,655.1011962890625,480.2266845703125,0.5197995901107788
track_1,1481,0.44566142559051514,568.3797607421875,616.3959350585938,1.0077340602874756,656.2190551757812,544.455322265625,0.8560513854026794,733.1912231445312,560.9024658203125,0.7027599811553955
track_0,1482,0.41861751675605774,643.28271484375,471.4725341796875,0.517450213432312,631.3271484375,412.3460693359375,0.7575085163116455,655.312744140625,480.2940979003906,0.5256381034851074
track_1,1482,0.4473409950733185,565.1798095703125,613.3621215820312,0.4935787320137024,656.2764892578125,544.5914306640625,0.8516756892204285,733.3530883789062,564.6918334960938,0.71323561668396
track_0,1483,0.4219081997871399,643.8998413085938,473.426513671875,0.6157032251358032,631.452392578125,408.8641662597656,0.8630216717720032,611.8201293945312,357.6772155761719,0.5493113398551941
track_1,1483,0.449955016374588,604.6761474609375,461.61187744140625,0.260660856962204,656.3077392578125,544.7195434570312,0.8420431613922119,733.427001953125,565.0170288085938,0.7132616639137268
track_0,1484,0.4239974319934845,643.9382934570312,473.53424072265625,0.6173746585845947,631.46337890625,408.848876953125,0.8697364330291748,611.803955078125,357.6654052734375,0.5518673658370972
track_1,1484,0.4530521333217621,604.623291015625,461.5419921875,0.2451111376285553,656.4293212890625,544.7816162109375,0.8289291858673096,556.3052978515625,612.826171875,0.7919629812240601
track_0,1485,0.42772915959358215,644.0237426757812,473.64886474609375,0.6122281551361084,631.47021484375,408.84210205078125,0.8750689625740051,611.8110961914062,357.6695251464844,0.5517681241035461
track_1,1485,0.459124892950058,604.4874267578125,461.5839538574219,0.2290024608373642,656.4601440429688,544.9922485351562,0.8252820372581482,553.08935546875,601.6495971679688,0.8872866630554199
track_0,1486,0.4324342608451843,643.1862182617188,471.482421875,0.5095699429512024,631.3770751953125,412.3768310546875,0.7757254838943481,655.5315551757812,480.11322021484375,0.5781524777412415
track_1,1486,0.46605539321899414,604.1290283203125,461.6790771484375,0.211763396859169,656.4561767578125,545.0925903320312,0.8368389010429382,552.6128540039062,596.7943725585938,0.9367334842681885
track_0,1487,0.44001415371894836,643.5159301757812,471.6730651855469,0.51833575963974,631.4287109375,412.4145812988281,0.7762638330459595,655.8648071289062,480.3707275390625,0.5623812675476074
track_1,1487,0.4669286906719208,603.9473266601562,461.8232421875,0.20417362451553345,656.4954223632812,545.27587890625,0.8363915085792542,549.2722778320312,589.5585327148438,1.0165036916732788
track_0,1488,0.4407617151737213,643.601806640625,471.70794677734375,0.5173314809799194,631.5079345703125,412.4614562988281,0.7800885438919067,655.929443359375,480.4273376464844,0.5634133815765381
track_1,1488,0.4683994948863983,,,0.0,656.474365234375,545.398193359375,0.8317025899887085,548.7847290039062,581.427734375,0.9017413258552551
track_0,1489,0.4405222237110138,643.6950073242188,471.7352600097656,0.5150775909423828,631.5316162109375,412.50115966796875,0.7862193584442139,655.9891967773438,480.51934814453125,0.5565333366394043
track_1,1489,0.46950218081474304,604.2171020507812,462.25311279296875,0.20439797639846802,656.5227661132812,545.5596923828125,0.8336437940597534,548.7166748046875,573.8045654296875,0.7817293405532837
track_0,1490,0.43671301007270813,643.8562622070312,471.8844909667969,0.5347854495048523,631.5938110351562,412.50091552734375,0.7870659232139587,656.1112060546875,480.8040771484375,0.5208456516265869
track_1,1490,0.46947816014289856,,,0.0,656.5328369140625,552.1458740234375,0.8587964773178101,548.8150024414062,564.0418701171875,0.71053147315979
track_0,1491,0.4370744228363037,643.8779296875,471.9608154296875,0.5415509343147278,631.642822265625,412.5087585449219,0.7860094308853149,656.1219482421875,480.9169921875,0.5081599354743958
track_1,1491,0.47214099764823914,,,0.0,656.6052856445312,552.3121948242188,0.8525397181510925,549.0437622070312,559.9722900390625,0.6971100568771362
track_0,1492,0.4271109700202942,644.0081787109375,472.06103515625,0.547882616519928,631.7294311523438,412.4527587890625,0.7759524583816528,611.7115478515625,359.3937683105469,0.4888750910758972
track_1,1492,0.4687643051147461,,,0.0,656.5101318359375,552.3878784179688,0.8692881464958191,736.642333984375,576.1270751953125,0.6530447006225586
track_0,1493,0.4332250952720642,643.9209594726562,471.94537353515625,0.540642261505127,631.7479248046875,412.4862060546875,0.7735980749130249,656.1700439453125,481.14544677734375,0.49084222316741943
track_1,1493,0.4695906937122345,,,0.0,656.3881225585938,552.77392578125,0.8893262147903442,552.274169921875,551.923095703125,0.7109372615814209
track_0,1494,0.4256255030632019,643.9205322265625,471.8747863769531,0.5413946509361267,631.815673828125,412.53472900390625,0.7732852697372437,608.501708984375,356.56439208984375,0.4865459203720093
track_1,1494,0.4658030867576599,552.4234619140625,531.8262939453125,0.2975141108036041,656.2365112304688,552.7327270507812,0.914358913898468,552.4845581054688,548.0535888671875,0.654080867767334
track_0,1495,0.4266435503959656,643.7284545898438,471.7386474609375,0.5525144338607788,631.7858276367188,412.554931640625,0.7744420766830444,608.486083984375,356.56439208984375,0.4888693690299988
track_1,1495,0.46656879782676697,556.909912109375,528.6224365234375,0.2965782880783081,656.2356567382812,552.7857666015625,0.9146045446395874,556.2940063476562,544.9503173828125,0.6560380458831787
track_0,1496,0.4244159460067749,643.5549926757812,471.61810302734375,0.558007001876831,631.7763671875,412.6261291503906,0.7815857529640198,608.4937744140625,356.5816650390625,0.48732322454452515
track_1,1496,0.4608554542064667,561.13916015625,528.8121337890625,0.23473584651947021,656.3899536132812,552.8497314453125,0.90546053647995,560.0658569335938,541.2166748046875,0.634514570236206
track_0,1497,0.4324665665626526,643.5279541015625,471.8086242675781,0.5830053091049194,631.7408447265625,412.4869689941406,0.7649109959602356,611.5021362304688,356.766357421875,0.48740318417549133
track_1,1497,0.4549708962440491,556.6322631835938,524.6270751953125,0.344132661819458,664.1356811523438,553.0091552734375,0.9260622262954712,740.447021484375,576.6551513671875,0.6050781607627869
track_0,1498,0.43160393834114075,643.6282958984375,471.98712158203125,0.5920245051383972,631.7307739257812,412.4012756347656,0.7566025257110596,611.48876953125,356.735107421875,0.4885401129722595
track_1,1498,0.4533293843269348,557.0728149414062,521.3433227539062,0.3642253577709198,664.1665649414062,553.0435791015625,0.924055814743042,564.0361328125,536.8362426757812,0.5979724526405334
track_0,1499,0.4335618317127228,643.6944580078125,472.1099853515625,0.6004003882408142,631.7171020507812,412.37213134765625,0.7574604153633118,608.3896484375,356.48944091796875,0.49120575189590454
track_1,1499,0.4517657160758972,560.1069946289062,521.52099609375,0.3902794122695923,664.1895751953125,553.2354736328125,0.9269731044769287,564.258056640625,537.1849975585938,0.5705615282058716
track_0,1500,0.44040313363075256,644.0051879882812,472.17071533203125,0.6235888004302979,631.7327270507812,412.34246826171875,0.7657797336578369,608.3970336914062,356.4103698730469,0.49195417761802673
track_1,1500,0.44051113724708557,556.3378295898438,523.1232299804688,0.22678129374980927,664.0615234375,560.0978393554688,0.9326134920120239,564.1070556640625,535.1749877929688,0.6059035658836365
track_0,1501,0.4492667317390442,644.4744873046875,476.32135009765625,0.6698494553565979,631.7479248046875,408.8312072753906,0.8682600259780884,611.8819580078125,357.65484619140625,0.5491809844970703
track_1,1501,0.4434915781021118,556.0965576171875,527.6278076171875,0.2891569435596466,663.9843139648438,560.44970703125,0.9362853169441223,560.8262939453125,539.9675903320312,0.6074650287628174
track_0,1502,0.44947028160095215,644.5153198242188,476.3691711425781,0.6758438348770142,631.7733764648438,408.83160400390625,0.8711289167404175,611.9027709960938,357.6484069824219,0.549089789390564
track_1,1502,0.4419237971305847,555.9845581054688,528.3991088867188,0.30455541610717773,663.90234375,560.5582275390625,0.9358927011489868,560.6539916992188,540.7559814453125,0.5715315937995911
track_0,1503,0.4509141743183136,644.533447265625,476.3654479980469,0.6801984906196594,631.783203125,408.8354797363281,0.87026447057724,611.90771484375,357.6571044921875,0.54954993724823
track_1,1503,0.441070556640625,,,0.0,656.4534912109375,560.76171875,0.8589875102043152,560.741455078125,536.20458984375,0.7432924509048462
track_0,1504,0.4497341811656952,644.6111450195312,476.3421630859375,0.6851586699485779,631.7998046875,408.8473815917969,0.8710653781890869,611.9242553710938,357.6644287109375,0.5492638349533081
track_1,1504,0.4432355463504791,,,0.0,656.3277587890625,560.730712890625,0.8600892424583435,560.770751953125,536.2296752929688,0.7620099782943726
track_0,1505,0.45452970266342163,644.7722778320312,476.51251220703125,0.7119771242141724,631.7828369140625,408.82452392578125,0.8701356053352356,611.916015625,357.6470642089844,0.5498165488243103
track_1,1505,0.4460539221763611,,,0.0,656.3761596679688,560.7418212890625,0.8660632967948914,560.8574829101562,536.230224609375,0.7664894461631775
track_0,1506,0.4496762156486511,644.2440795898438,472.2135009765625,0.6293856501579285,631.7523193359375,412.4563293457031,0.7799505591392517,608.4020385742188,356.3927001953125,0.49676328897476196
track_1,1506,0.44309499859809875,,,0.0,656.3541259765625,560.7010498046875,0.8678255081176758,561.1719970703125,532.3413696289062,0.7902558445930481
track_0,1507,0.4417721629142761,644.2734985351562,472.27532958984375,0.6344295144081116,631.7982177734375,412.45953369140625,0.7810776233673096,608.4189453125,356.3927307128906,0.49769729375839233
track_1,1507,0.4441055655479431,,,0.0,656.1854858398438,560.5897827148438,0.8747550845146179,563.9046020507812,532.1842041015625,0.8171765804290771
track_0,1508,0.44306397438049316,644.2646484375,472.160888671875,0.6435831189155579,631.794677734375,415.5016174316406,0.7948602437973022,608.426513671875,356.3850402832031,0.4970698356628418
track_1,1508,0.45134979486465454,,,0.0,656.1099243164062,560.4412231445312,0.8961372971534729,560.5379028320312,536.4039306640625,0.7184349894523621
track_0,1509,0.44958922266960144,644.7882080078125,476.42962646484375,0.7168751358985901,631.790283203125,408.8239440917969,0.8725650310516357,611.9306640625,357.6302490234375,0.5501406788825989
track_1,1509,0.4567071497440338,,,0.0,656.169189453125,560.4591064453125,0.8883922100067139,560.2063598632812,543.651611328125,0.6162846088409424
track_0,1510,0.45194703340530396,647.61572265625,476.5546875,0.739237904548645,631.7738037109375,408.81689453125,0.8767188191413879,611.926513671875,357.6049499511719,0.5518901348114014
track_1,1510,0.45810994505882263,560.728515625,539.5552978515625,0.2619955241680145,656.2169799804688,560.3896484375,0.894318699836731,740.5736083984375,584.203857421875,0.5949739217758179
track_0,1511,0.4578806161880493,647.6463623046875,476.66064453125,0.7554116249084473,631.75732421875,408.8070373535156,0.8814370036125183,611.9113159179688,357.5775451660156,0.5537464618682861
track_1,1511,0.460507869720459,560.9959716796875,540.0807495117188,0.27370554208755493,656.299072265625,560.3764038085938,0.8952392339706421,740.5103759765625,583.9756469726562,0.6018494963645935
track_0,1512,0.465394526720047,647.679931640625,476.82293701171875,0.7878149747848511,631.7150268554688,408.7637634277344,0.8823789358139038,611.892333984375,357.5352783203125,0.5569263696670532
track_1,1512,0.4600692689418793,564.2041015625,540.216064453125,0.2037830948829651,656.38427734375,560.5244140625,0.8959880471229553,560.1814575195312,551.9381713867188,0.6337336301803589
track_0,1513,0.47325894236564636,647.715087890625,476.877197265625,0.8089673519134521,631.6893920898438,408.722900390625,0.8830870985984802,611.8804931640625,357.50335693359375,0.5574610233306885
track_1,1513,0.46358543634414673,,,0.0,656.4009399414062,560.5571899414062,0.9036610722541809,556.9400634765625,556.3460693359375,0.6992431282997131
track_0,1514,0.4785962700843811,647.7178344726562,476.91162109375,0.8203157782554626,631.6638793945312,408.6943359375,0.8832526206970215,611.8720703125,357.4774169921875,0.5588318705558777
track_1,1514,0.46411237120628357,,,0.0,656.4366455078125,560.6321411132812,0.909615695476532,557.0089111328125,559.9201049804688,0.7089897990226746
track_0,1515,0.4816057085990906,647.7283325195312,476.9253234863281,0.8291944861412048,631.6544189453125,408.673583984375,0.8831652998924255,611.8687133789062,357.4627685546875,0.5575390458106995
track_1,1515,0.46389663219451904,,,0.0,656.472412109375,560.6893310546875,0.9112588763237,557.2492065429688,560.018310546875,0.6700268387794495
track_0,1516,0.4840356111526489,647.7150268554688,476.9166564941406,0.8312998414039612,631.6390991210938,408.6553649902344,0.8827726244926453,611.8580322265625,357.44525146484375,0.5587347149848938
track_1,1516,0.46594804525375366,,,0.0,656.4912719726562,560.6873779296875,0.9130963087081909,557.0863647460938,560.5590209960938,0.6851789355278015
track_0,1517,0.4834778308868408,647.7236328125,476.89727783203125,0.8334956765174866,631.6424560546875,408.6572265625,0.8823282718658447,611.8570556640625,357.445556640625,0.5591638684272766
track_1,1517,0.4671773910522461,,,0.0,656.4666137695312,560.6148681640625,0.9182044267654419,556.7498779296875,564.44970703125,0.7363637089729309
track_0,1518,0.4829636514186859,647.739501953125,476.90936279296875,0.8468929529190063,631.6541748046875,408.67486572265625,0.8814247250556946,611.8623046875,357.45147705078125,0.5605276226997375
track_1,1518,0.46595874428749084,,,0.0,656.4733276367188,560.5761108398438,0.9158111810684204,556.7072143554688,564.779052734375,0.7982720136642456
track_0,1519,0.4816948175430298,647.768798828125,476.9154052734375,0.8510426878929138,631.697265625,408.7008361816406,0.8821207880973816,611.8824462890625,357.46893310546875,0.561262309551239
track_1,1519,0.46479669213294983,,,0.0,656.4799194335938,560.5047607421875,0.9209899306297302,556.5540771484375,567.8002319335938,0.8176085948944092
track_0,1520,0.4813201129436493,647.951171875,476.9149475097656,0.8625321984291077,631.7103271484375,408.7053527832031,0.8816591501235962,611.900146484375,357.466064453125,0.5609036684036255
track_1,1520,0.4672761559486389,,,0.0,656.427734375,560.43896484375,0.9201924800872803,556.4761352539062,568.1905517578125,0.8584052324295044
track_0,1521,0.48148465156555176,648.1962890625,476.88970947265625,0.8692142367362976,631.7269287109375,408.7235107421875,0.8815280795097351,611.8876953125,357.45263671875,0.5620037317276001
track_1,1521,0.46969208121299744,,,0.0,656.3674926757812,560.3817749023438,0.9154127836227417,556.5526123046875,568.6796875,0.8723666667938232
track_0,1522,0.4791695773601532,648.4151611328125,476.86273193359375,0.9000936150550842,631.7406005859375,408.720947265625,0.8815768957138062,611.8896484375,357.43731689453125,0.5648667812347412
track_1,1522,0.4715385437011719,,,0.0,656.3560791015625,560.2880249023438,0.9164733290672302,556.6834106445312,568.5737915039062,0.8515583872795105
track_0,1523,0.476881206035614,648.500244140625,476.8544921875,0.9046515226364136,631.8184204101562,408.77783203125,0.8785630464553833,608.6563720703125,357.37030029296875,0.5741100907325745
track_1,1523,0.4740884304046631,,,0.0,656.3128051757812,553.8836669921875,0.9180683493614197,556.53662109375,569.8215942382812,0.8556181192398071
track_0,1524,0.4758245646953583,648.5279541015625,476.85888671875,0.9249383807182312,631.8555297851562,408.7831726074219,0.8792656064033508,608.6864624023438,357.35693359375,0.5765182971954346
track_1,1524,0.4763728082180023,,,0.0,656.2332153320312,553.8368530273438,0.914138674736023,556.4109497070312,569.655029296875,0.9048879146575928
track_0,1525,0.476408988237381,648.5858764648438,476.825927734375,0.9286953210830688,631.896240234375,408.77032470703125,0.88200843334198,608.713623046875,357.3517761230469,0.5766414999961853
track_1,1525,0.4755420386791229,,,0.0,656.2264404296875,553.832275390625,0.9191404581069946,556.3043212890625,569.61181640625,0.9054481387138367
track_0,1526,0.4777635335922241,648.660888671875,476.618408203125,0.8995543718338013,631.9059448242188,408.7622375488281,0.8833969831466675,608.7400512695312,357.33270263671875,0.5737583637237549
track_1,1526,0.47546184062957764,,,0.0,656.2271118164062,553.8633422851562,0.9184820652008057,556.199951171875,569.5833129882812,0.9024322032928467
track_0,1527,0.4768931269645691,648.6793212890625,476.6334228515625,0.9044849276542664,631.9178466796875,408.77398681640625,0.8838571906089783,608.7679443359375,357.3267822265625,0.5712623000144958
track_1,1527,0.4749593138694763,,,0.0,656.207763671875,553.844970703125,0.9216511249542236,556.0780639648438,569.5110473632812,0.8989912271499634
track_0,1528,0.47637513279914856,648.8785400390625,476.62115478515625,0.8988170623779297,631.9215698242188,408.7780456542969,0.8825877904891968,608.7711791992188,357.329345703125,0.57047039270401
track_1,1528,0.47815006971359253,,,0.0,656.1740112304688,553.790771484375,0.9185201525688171,556.072021484375,569.5897216796875,0.9107886552810669
track_0,1529,0.4722805321216583,651.9674072265625,476.41278076171875,0.8632909059524536,632.0224609375,408.802490234375,0.8806570768356323,608.7802734375,357.3681335449219,0.5763176679611206
track_1,1529,0.4789070188999176,,,0.0,656.1360473632812,553.7254638671875,0.915671706199646,556.065673828125,569.6978759765625,0.9182261824607849
track_0,1530,0.47084689140319824,652.6470947265625,473.7831726074219,0.875000536441803,632.0672607421875,408.7939453125,0.887563169002533,608.8048706054688,357.3820495605469,0.5829267501831055
track_1,1530,0.47795370221138,,,0.0,656.1344604492188,553.73388671875,0.908534586429596,556.1063842773438,569.928955078125,0.9187522530555725
track_0,1531,0.4701932370662689,656.196044921875,473.7969970703125,0.8671282529830933,632.1481323242188,408.8511962890625,0.8978913426399231,608.878662109375,357.4054260253906,0.5859031081199646
track_1,1531,0.4755192697048187,664.1104736328125,473.7999267578125,0.2227070927619934,656.14208984375,553.7142333984375,0.9084858298301697,556.010009765625,573.0869140625,0.9147967100143433
track_0,1532,0.4742230176925659,656.1536254882812,473.773681640625,0.8656782507896423,632.23046875,408.8564453125,0.8945974707603455,608.9874877929688,357.4042053222656,0.5814206600189209
track_1,1532,0.47545915842056274,662.0004272460938,474.02545166015625,0.21633964776992798,656.1644287109375,553.7225341796875,0.9066036343574524,556.1127319335938,573.4454345703125,0.9307172894477844
track_0,1533,0.4738050401210785,656.1484375,473.79669189453125,0.8697245121002197,632.262451171875,408.845458984375,0.8942522406578064,609.0213623046875,357.4054260253906,0.5820293426513672
track_1,1533,0.475456178188324,661.9389038085938,474.0919189453125,0.21819056570529938,656.1583862304688,553.7222900390625,0.9069263339042664,556.1182861328125,573.4353637695312,0.9274150133132935
track_0,1534,0.4740397334098816,656.08447265625,473.8232116699219,0.8814966678619385,632.239501953125,408.8404541015625,0.8946956992149353,609.0552368164062,357.4014892578125,0.5820143222808838
track_1,1534,0.4766749441623688,661.8267822265625,474.04010009765625,0.20876120030879974,656.1716918945312,553.7129516601562,0.9057170748710632,556.24951171875,573.344482421875,0.9130935668945312
track_0,1535,0.47538188099861145,653.0286865234375,473.80810546875,0.8810945749282837,632.1787109375,408.8150329589844,0.8938354253768921,609.0247192382812,357.38421630859375,0.5821827054023743
track_1,1535,0.47874489426612854,,,0.0,656.1755981445312,553.6680908203125,0.9097604751586914,556.4147338867188,573.2948608398438,0.8664465546607971
track_0,1536,0.47894585132598877,652.7003173828125,476.35308837890625,0.8989698886871338,632.115234375,408.78271484375,0.8917862772941589,608.9889526367188,357.3599853515625,0.5812211632728577
track_1,1536,0.48117074370384216,567.727294921875,565.6259765625,0.31471070647239685,656.2147827148438,553.662353515625,0.9169071316719055,556.4785766601562,573.708740234375,0.6480388045310974
track_0,1537,0.4809502363204956,652.526611328125,476.39892578125,0.9091010689735413,632.0902709960938,408.7783203125,0.8908339142799377,608.9788818359375,357.35003662109375,0.5796084403991699
track_1,1537,0.4807251989841461,567.7698974609375,566.05078125,0.40519270300865173,656.2543334960938,553.6561889648438,0.9183972477912903,740.1994018554688,581.652099609375,0.5181980133056641
track_0,1538,0.48386651277542114,652.40966796875,476.467041015625,0.9186859726905823,632.0511474609375,408.76678466796875,0.8912603855133057,612.140380859375,357.40545654296875,0.5800960659980774
track_1,1538,0.4809054434299469,565.18701171875,568.729736328125,0.4889430105686188,656.2942504882812,553.6803588867188,0.9179105162620544,740.3030395507812,581.6073608398438,0.5183804035186768
track_0,1539,0.4831249713897705,652.3369750976562,476.5552673339844,0.9306029081344604,632.0420532226562,408.7747802734375,0.8908631205558777,612.1406860351562,357.4069519042969,0.5795211791992188
track_1,1539,0.4811297357082367,565.1574096679688,570.0364990234375,0.5034318566322327,656.2901611328125,553.6256103515625,0.9146448373794556,740.38623046875,581.5181884765625,0.5105565786361694
track_0,1540,0.4836646616458893,652.299072265625,476.59417724609375,0.9364068508148193,631.9921264648438,408.753173828125,0.8910816311836243,612.1043090820312,357.38433837890625,0.5797264575958252
track_1,1540,0.48436999320983887,567.80517578125,576.8543701171875,0.7988384366035461,656.261474609375,553.5528564453125,0.9042202830314636,740.4786376953125,581.4725341796875,0.49134671688079834
track_0,1541,0.4869389235973358,652.01904296875,476.66351318359375,0.9360254406929016,631.9381713867188,408.72052001953125,0.8923158645629883,612.062255859375,357.33953857421875,0.577548623085022
track_1,1541,0.48573023080825806,568.142822265625,577.7340087890625,0.8581992983818054,656.2907104492188,553.5682373046875,0.8950978517532349,740.537353515625,581.3790283203125,0.4878704249858856
track_0,1542,0.49053075909614563,648.916748046875,476.85089111328125,0.9547439217567444,631.8810424804688,408.66790771484375,0.892208993434906,612.0276489257812,357.2956237792969,0.5751640796661377
track_1,1542,0.484674870967865,568.1214599609375,581.0601196289062,0.9095037579536438,656.3084106445312,553.6490478515625,0.9101870059967041,740.5979614257812,581.3677978515625,0.49740445613861084
track_0,1543,0.4933595359325409,648.89697265625,476.9001770019531,0.9592266082763672,631.8482055664062,408.6312561035156,0.8933526873588562,611.9771118164062,357.2685852050781,0.5771288275718689
track_1,1543,0.48096469044685364,568.1728515625,581.4044799804688,0.9394651651382446,656.2989501953125,553.8008422851562,0.917748212814331,740.5580444335938,581.4594116210938,0.49499139189720154
track_0,1544,0.49628588557243347,648.76513671875,476.9571228027344,0.971430242061615,631.8152465820312,408.60809326171875,0.8916416764259338,611.9659423828125,357.2462158203125,0.5769134163856506
track_1,1544,0.47930729389190674,568.1015625,579.32275390625,0.8860234618186951,656.400634765625,560.1153564453125,0.9191768765449524,740.5767822265625,580.1817626953125,0.6078293323516846
track_0,1545,0.5002230405807495,648.8055419921875,476.92156982421875,0.9857332110404968,631.787841796875,408.5892333984375,0.8914201855659485,611.9462890625,357.2261047363281,0.5773612260818481
track_1,1545,0.4801228940486908,576.2271118164062,573.0737915039062,0.21469976007938385,663.840576171875,560.26123046875,0.9155688285827637,564.302978515625,583.5716552734375,0.7176149487495422
track_0,1546,0.5001557469367981,648.791748046875,476.9637451171875,0.9738437533378601,631.7952270507812,408.5944519042969,0.8885047435760498,611.953369140625,357.23345947265625,0.5760717391967773
track_1,1546,0.4823319613933563,575.5399780273438,575.9185180664062,0.640430748462677,663.8125,560.244384765625,0.9107810258865356,740.0420532226562,579.9137573242188,0.5712118744850159
track_0,1547,0.4965168237686157,648.78515625,477.05853271484375,0.97480708360672,631.8207397460938,408.61077880859375,0.8856732845306396,611.958984375,357.248779296875,0.5797857046127319
track_1,1547,0.4821769595146179,572.8995971679688,575.9095458984375,0.7926445603370667,663.79833984375,560.154052734375,0.9173375368118286,740.06298828125,579.8208618164062,0.5768508315086365
track_0,1548,0.4933563768863678,651.6546630859375,477.1654052734375,0.9684951305389404,631.8004150390625,408.5981750488281,0.8792300224304199,608.6995849609375,357.20697021484375,0.5803282260894775
track_1,1548,0.4821603000164032,572.3999633789062,574.0302734375,0.8691802620887756,656.42578125,553.8470458984375,0.9258506298065186,740.9134521484375,578.1953125,0.5026471614837646
track_0,1549,0.49058568477630615,651.7554931640625,477.14898681640625,0.9857475161552429,631.7804565429688,408.58380126953125,0.8779205083847046,608.371337890625,357.5006408691406,0.6124098300933838
track_1,1549,0.48140111565589905,572.3990478515625,573.8743896484375,0.877338171005249,656.4329833984375,553.82421875,0.9268596768379211,740.8850708007812,578.12255859375,0.510273814201355
track_0,1550,0.4861716330051422,652.013916015625,477.0903015136719,0.9819831252098083,631.7445678710938,408.6658935546875,0.8812211155891418,608.2427978515625,357.6776123046875,0.6342001557350159
track_1,1550,0.48060452938079834,572.5225830078125,573.832763671875,0.8708189129829407,656.4160766601562,553.82177734375,0.9213112592697144,740.8353271484375,578.0919189453125,0.5106669068336487
track_0,1551,0.4826655089855194,652.009765625,477.1019287109375,0.9699174761772156,631.7149047851562,408.681640625,0.8838699460029602,608.0642700195312,357.74713134765625,0.6527212262153625
track_1,1551,0.4790481925010681,572.2754516601562,573.9022216796875,0.8590335845947266,656.4139404296875,553.7941284179688,0.9200220704078674,740.8201293945312,578.0738525390625,0.5095602869987488
track_0,1552,0.48429635167121887,652.0569458007812,477.11016845703125,0.9522281885147095,631.6480712890625,408.7080993652344,0.887399435043335,608.0921630859375,360.6175537109375,0.6670656204223633
track_1,1552,0.47798049449920654,568.8751220703125,574.0068969726562,0.9167467951774597,656.4044189453125,553.8426513671875,0.9162977337837219,740.7969970703125,578.0704345703125,0.5062615275382996
track_0,1553,0.4820674657821655,652.3472900390625,477.11895751953125,0.9890240430831909,631.5556640625,408.7728271484375,0.8874894976615906,607.7687377929688,360.8594970703125,0.7004627585411072
track_1,1553,0.47861844301223755,568.4996337890625,574.2621459960938,0.9106588363647461,656.4137573242188,553.8719482421875,0.9094915986061096,740.7672729492188,578.072509765625,0.5008454322814941
track_0,1554,0.4857627749443054,652.6920776367188,475.45733642578125,0.8034915924072266,631.5017700195312,415.8164367675781,0.838080644607544,607.554931640625,360.1125793457031,0.6361532807350159
track_1,1554,0.4742332100868225,568.3150024414062,577.3817749023438,0.9292096495628357,656.4271240234375,553.9510498046875,0.9022030234336853,740.759033203125,578.1364135742188,0.5044631958007812
track_0,1555,0.488518625497818,652.7096557617188,475.4090270996094,0.7831517457962036,631.55126953125,415.88067626953125,0.8386110663414001,607.3397216796875,360.3124694824219,0.6450961828231812
track_1,1555,0.4726414382457733,568.0795288085938,576.1625366210938,0.950882613658905,656.3053588867188,560.2400512695312,0.9162886738777161,740.3890991210938,579.99658203125,0.6183785796165466
track_0,1556,0.4930375814437866,655.7568359375,472.8265075683594,0.7419107556343079,631.6759033203125,415.94891357421875,0.8410736322402954,607.6018676757812,360.52490234375,0.6484119296073914
track_1,1556,0.47141778469085693,565.404541015625,576.3543701171875,0.951829195022583,656.2905883789062,560.3363647460938,0.9033562541007996,740.3399047851562,580.0359497070312,0.6114382743835449
track_0,1557,0.49528229236602783,655.9644165039062,472.8173828125,0.7260770797729492,631.7896118164062,416.056396484375,0.8435496091842651,607.886962890625,360.7366638183594,0.6447703838348389
track_1,1557,0.46921780705451965,565.3256225585938,576.39697265625,0.9558802247047424,656.2652587890625,560.39404296875,0.8943492770195007,740.2989501953125,580.0421142578125,0.6097652912139893
track_0,1558,0.498992919921875,659.5776977539062,473.1791076660156,0.6895006895065308,631.9216918945312,416.1559753417969,0.847691535949707,608.4000244140625,361.08642578125,0.6370684504508972
track_1,1558,0.4672245979309082,565.1737670898438,576.3340454101562,0.9736287593841553,656.2408447265625,563.54150390625,0.8835594058036804,737.4622802734375,580.3391723632812,0.6104418039321899
track_0,1559,0.49554648995399475,660.6078491210938,475.955078125,0.7371927499771118,632.0030517578125,416.16729736328125,0.8546119332313538,611.8165283203125,364.3868408203125,0.6329072117805481
track_1,1559,0.4625690281391144,564.7075805664062,575.802734375,0.7629257440567017,656.249267578125,563.683837890625,0.8770620822906494,737.4317626953125,580.3472290039062,0.6142896413803101
track_0,1560,0.49708887934684753,663.707763671875,476.1787414550781,0.7397353053092957,632.0831909179688,416.2675476074219,0.8609071373939514,612.16064453125,364.7528076171875,0.6488627791404724
track_1,1560,0.458641916513443,669.1622314453125,475.95068359375,0.4775567948818207,656.2545166015625,563.6961669921875,0.8801447749137878,556.3033447265625,580.0931396484375,0.8091500997543335
track_0,1561,0.49986737966537476,660.9859619140625,476.03070068359375,0.7364713549613953,632.13427734375,416.29168701171875,0.8670376539230347,612.2276000976562,364.7512512207031,0.651213526725769
track_1,1561,0.45759549736976624,669.1552734375,476.07611083984375,0.4614776372909546,656.305419921875,563.8430786132812,0.8781279921531677,556.3970947265625,576.7052001953125,0.8388158679008484
track_0,1562,0.5012993216514587,661.0232543945312,475.96759033203125,0.7292364239692688,632.2193603515625,416.3412170410156,0.8680775761604309,612.5021362304688,364.7273254394531,0.6503534913063049
track_1,1562,0.4568902552127838,668.941650390625,475.9815368652344,0.4590858221054077,656.2120971679688,563.92626953125,0.8822048902511597,552.8150024414062,576.5803833007812,0.9309272170066833
track_0,1563,0.49934035539627075,661.1219482421875,476.0356140136719,0.7444871664047241,632.3502197265625,416.3558349609375,0.8729559779167175,612.631591796875,364.71331787109375,0.6556206941604614
track_1,1563,0.45443838834762573,668.8836669921875,475.9918518066406,0.4551330506801605,656.1419677734375,563.921142578125,0.8827726244926453,552.1377563476562,576.06591796875,0.9423424005508423
track_0,1564,0.5010775923728943,661.3515014648438,476.1386413574219,0.7494445443153381,632.4432983398438,416.4146423339844,0.8797579407691956,612.6744995117188,364.9815979003906,0.6658999919891357
track_1,1564,0.45915886759757996,669.0733642578125,475.8892822265625,0.47944211959838867,656.1317138671875,563.712646484375,0.8895471096038818,552.1585083007812,576.0989990234375,0.9441322088241577
track_0,1565,0.49744153022766113,661.5973510742188,476.0032958984375,0.6961016058921814,632.636474609375,416.45477294921875,0.8780215382575989,612.7349853515625,365.27044677734375,0.6644706726074219
track_1,1565,0.4582971930503845,669.3932495117188,475.78143310546875,0.4779156744480133,656.0741577148438,563.6201171875,0.879953145980835,552.0572509765625,572.556396484375,0.9432424306869507
track_0,1566,0.49822431802749634,661.7952880859375,475.84478759765625,0.6559242606163025,632.8287963867188,416.48516845703125,0.8771550059318542,613.3311157226562,365.3173522949219,0.670817494392395
track_1,1566,0.4606740176677704,669.365478515625,474.0584411621094,0.48779958486557007,656.2135009765625,557.1505126953125,0.8518569469451904,552.0381469726562,573.9632568359375,0.955575168132782
track_0,1567,0.49355319142341614,661.3397216796875,473.2261962890625,0.5905828475952148,633.0298461914062,416.59527587890625,0.8659149408340454,613.7384033203125,365.25665283203125,0.6605573296546936
track_1,1567,0.4645960330963135,668.9502563476562,473.8046569824219,0.48083314299583435,656.0888671875,556.942626953125,0.8446810245513916,552.258544921875,573.8631591796875,0.9240615963935852
track_0,1568,0.49426090717315674,657.0513916015625,472.4361877441406,0.49339306354522705,633.1931762695312,416.6435241699219,0.8690458536148071,616.9446411132812,365.4684143066406,0.6618854999542236
track_1,1568,0.4711133539676666,667.9813842773438,470.0591125488281,0.27379748225212097,656.0771484375,553.8179321289062,0.8492969870567322,552.6370239257812,577.860595703125,0.8386948108673096
track_0,1569,0.4970831871032715,652.570556640625,472.766357421875,0.694109320640564,633.1240234375,416.5584411621094,0.8791690468788147,616.9009399414062,365.42974853515625,0.6508707404136658
track_1,1569,0.4779127240180969,567.8156127929688,572.8206176757812,0.25873684883117676,656.1590576171875,553.6961669921875,0.879575788974762,552.8968505859375,581.2613525390625,0.7569024562835693
track_0,1570,0.504219114780426,649.04052734375,472.9823303222656,0.7765872478485107,632.8475341796875,416.47845458984375,0.8937857151031494,616.8062133789062,368.3457946777344,0.6425336003303528
track_1,1570,0.48713797330856323,565.4876708984375,572.7560424804688,0.2416585087776184,656.1840209960938,553.6192016601562,0.8973426818847656,552.54443359375,581.2064208984375,0.7941892147064209
track_0,1571,0.495376318693161,648.409423828125,472.7911071777344,0.7496172785758972,632.5506591796875,416.3396301269531,0.8983713984489441,616.3838500976562,368.4226379394531,0.6378786563873291
track_1,1571,0.4971145987510681,565.4002075195312,573.0545654296875,0.31402578949928284,656.098876953125,553.5643310546875,0.9047285318374634,552.6375732421875,581.543212890625,0.7442248463630676
track_0,1572,0.4898208677768707,648.0399169921875,472.8757019042969,0.740872323513031,632.108642578125,416.2414245605469,0.8910952210426331,612.459228515625,368.62481689453125,0.6456161141395569
track_1,1572,0.5043301582336426,564.3292236328125,576.782958984375,0.8607376217842102,656.06396484375,553.593017578125,0.904410183429718,736.3748168945312,581.6048583984375,0.4897177219390869
track_0,1573,0.4817037284374237,647.4780883789062,472.89093017578125,0.7769945859909058,631.827880859375,416.23516845703125,0.8877211213111877,611.8407592773438,368.60797119140625,0.6538176536560059
track_1,1573,0.5057381391525269,564.90771484375,577.2738647460938,0.9294474720954895,656.0036010742188,553.5269775390625,0.9044797420501709,736.7010498046875,581.70654296875,0.47193726897239685
track_0,1574,0.47132736444473267,647.3016357421875,472.67987060546875,0.7329455018043518,631.8074340820312,416.3056945800781,0.8828348517417908,651.6580200195312,376.1253662109375,0.6410764455795288
track_1,1574,0.5092526078224182,568.2489013671875,577.1773681640625,0.9330776929855347,656.04150390625,553.353271484375,0.9055028557777405,737.0352783203125,581.682373046875,0.42678698897361755
track_0,1575,0.46395397186279297,647.1719360351562,472.46820068359375,0.6838753819465637,631.9055786132812,416.32611083984375,0.8708373308181763,651.7027587890625,376.28167724609375,0.6513652801513672
track_1,1575,0.5093774199485779,568.6673583984375,580.8947143554688,0.9104747772216797,656.052978515625,553.1322021484375,0.9183840751647949,740.4207763671875,577.6785888671875,0.4015127420425415
track_0,1576,0.45194435119628906,643.970703125,472.2452392578125,0.5754995942115784,631.9663696289062,416.31500244140625,0.8681986331939697,651.7108764648438,376.3509216308594,0.6344513297080994
track_1,1576,0.5116561651229858,568.7722778320312,580.9382934570312,0.897728443145752,656.1234130859375,552.88134765625,0.9230597615242004,740.1014404296875,580.7723388671875,0.43520838022232056
track_0,1577,0.4426867961883545,643.6698608398438,471.90447998046875,0.5008664131164551,631.8294067382812,416.2203674316406,0.8747233748435974,612.60595703125,368.4847106933594,0.6107181906700134
track_1,1577,0.510206401348114,569.005615234375,580.52880859375,0.9090753197669983,656.0279541015625,552.8217163085938,0.9104515314102173,737.0118408203125,580.8924560546875,0.4647999703884125
track_0,1578,0.44039276242256165,643.1162109375,471.7279052734375,0.4682009816169739,631.5264892578125,416.2066955566406,0.8790813684463501,615.261474609375,368.4197692871094,0.6136388778686523
track_1,1578,0.5109393000602722,569.0112915039062,577.32666015625,0.9740871787071228,655.9962768554688,552.8500366210938,0.8947205543518066,736.8319091796875,580.9627075195312,0.4727887511253357
track_0,1579,0.45373082160949707,640.5267333984375,472.15008544921875,0.5439061522483826,625.3495483398438,416.41400146484375,0.8692208528518677,649.021484375,373.21160888671875,0.6789500117301941
track_1,1579,0.5100567936897278,572.0746459960938,580.584228515625,0.92505943775177,656.0606689453125,552.9607543945312,0.9023609757423401,736.66748046875,580.9979248046875,0.5161683559417725
track_0,1580,0.465114027261734,637.167724609375,472.3982238769531,0.5546890497207642,625.126953125,416.48114013671875,0.8740687966346741,648.8261108398438,373.317138671875,0.7015300989151001
track_1,1580,0.5083529353141785,571.9678955078125,580.7804565429688,0.9600061774253845,656.1582641601562,553.088134765625,0.9032446146011353,736.6456298828125,580.9991455078125,0.505132794380188
track_0,1581,0.4649917185306549,636.958251953125,472.33441162109375,0.5359580516815186,625.01806640625,416.4931640625,0.8801103830337524,648.7275390625,373.3745422363281,0.6979900002479553
track_1,1581,0.509162187576294,569.06005859375,581.2055053710938,0.9499574303627014,656.21142578125,553.124267578125,0.9144466519355774,736.6903686523438,581.0753173828125,0.5257089138031006
track_0,1582,0.4628938138484955,637.3638305664062,472.43115234375,0.5987236499786377,625.0266723632812,416.51953125,0.8772788047790527,648.7223510742188,373.4150085449219,0.7200366854667664
track_1,1582,0.5107179880142212,568.9957885742188,584.7886962890625,0.930589497089386,656.2229614257812,553.0521850585938,0.9157456755638123,736.7947998046875,580.9144897460938,0.535129189491272
track_0,1583,0.4583530128002167,640.8438720703125,472.2002868652344,0.5622135400772095,625.3203735351562,416.5017395019531,0.871739387512207,649.1279907226562,376.2384338378906,0.7131401300430298
track_1,1583,0.508525013923645,569.0194702148438,588.5282592773438,0.9167835116386414,656.2349243164062,553.025146484375,0.9179742932319641,736.8731689453125,580.814453125,0.5421127676963806
track_0,1584,0.4596219062805176,640.9232788085938,472.3865051269531,0.5377569794654846,625.5226440429688,416.58197021484375,0.8708587288856506,649.322509765625,376.29571533203125,0.7322324514389038
track_1,1584,0.5069689750671387,569.20947265625,588.9891357421875,0.8917134404182434,656.2510986328125,553.084228515625,0.9132217764854431,736.8500366210938,580.8818359375,0.5465503931045532
track_0,1585,0.4578188955783844,643.4906005859375,472.16375732421875,0.4806886911392212,631.5009765625,416.3453063964844,0.8976572751998901,651.1434936523438,376.3430480957031,0.631668210029602
track_1,1585,0.5040808916091919,569.1964111328125,589.2343139648438,0.8974881172180176,656.26220703125,553.1555786132812,0.9087457656860352,736.8746337890625,580.8980712890625,0.5476272106170654
track_0,1586,0.46542078256607056,641.1917114257812,472.58392333984375,0.5503102540969849,625.603759765625,416.55462646484375,0.8774107098579407,649.4393920898438,376.2918701171875,0.726367175579071
track_1,1586,0.503351092338562,569.2053833007812,589.2820434570312,0.9115548729896545,656.301513671875,553.2779541015625,0.8993861079216003,736.9153442382812,580.953369140625,0.5362530946731567
track_0,1587,0.46468475461006165,641.2450561523438,472.67950439453125,0.5465975999832153,625.4734497070312,416.5518798828125,0.8843307495117188,649.3046875,376.3143310546875,0.7160131931304932
track_1,1587,0.5019629597663879,569.2188720703125,589.374267578125,0.9047404527664185,656.3153686523438,553.2954711914062,0.8999629020690918,736.9075317382812,580.97314453125,0.5394457578659058
track_0,1588,0.46921971440315247,637.01318359375,472.0699768066406,0.3603541851043701,625.292236328125,416.6918640136719,0.8887184262275696,649.0248413085938,376.3883056640625,0.7193405032157898
track_1,1588,0.4975019693374634,569.194580078125,589.488525390625,0.8946012854576111,656.3349609375,553.3629150390625,0.8914053440093994,736.90380859375,580.9952392578125,0.5458055734634399
track_0,1589,0.4676043689250946,,,0.0,625.0587158203125,416.73297119140625,0.8885258436203003,648.8529052734375,376.43353271484375,0.7244147062301636
track_1,1589,0.49589860439300537,569.1351928710938,592.75244140625,0.8949725031852722,656.358642578125,553.4117431640625,0.8822572827339172,736.888427734375,580.986572265625,0.5513951778411865
track_0,1590,0.46683937311172485,,,0.0,624.8558349609375,416.7203674316406,0.8915900588035583,648.6334838867188,376.4603576660156,0.7271853089332581
track_1,1590,0.49921488761901855,569.103759765625,592.7493286132812,0.8929949402809143,656.3782348632812,553.388427734375,0.8818269968032837,736.8570556640625,581.041259765625,0.5596235990524292
track_0,1591,0.4669787287712097,,,0.0,624.739501953125,416.716552734375,0.8956679105758667,648.5114135742188,376.468017578125,0.7268558144569397
track_1,1591,0.49838656187057495,569.0556030273438,592.7301025390625,0.895199716091156,656.3845825195312,553.3983764648438,0.8815925717353821,736.8196411132812,581.0791015625,0.564426600933075
track_0,1592,0.4638005793094635,,,0.0,624.6234741210938,416.90911865234375,0.8915292620658875,648.3365478515625,376.66998291015625,0.7393350005149841
track_1,1592,0.49479490518569946,568.992919921875,592.6685791015625,0.8952517509460449,656.3787841796875,553.4063110351562,0.8768951892852783,736.7989501953125,581.0565185546875,0.5667945742607117
track_0,1593,0.46145737171173096,,,0.0,624.1112060546875,423.6930847167969,0.7985427379608154,644.1026000976562,376.20550537109375,0.6130449771881104
track_1,1593,0.4933549463748932,569.0182495117188,589.4301147460938,0.8990843296051025,656.3829345703125,553.416259765625,0.8686532974243164,736.7732543945312,580.9971923828125,0.5682763457298279
track_0,1594,0.4629397392272949,,,0.0,624.0559692382812,423.8066101074219,0.7998409867286682,643.8433837890625,376.56201171875,0.5998345017433167
track_1,1594,0.48985713720321655,568.9512939453125,589.3622436523438,0.902458131313324,656.3713989257812,553.409423828125,0.8677669763565063,736.7446899414062,580.9615478515625,0.5727415680885315
track_0,1595,0.4610913097858429,,,0.0,623.9832153320312,423.83245849609375,0.8027453422546387,620.2777709960938,372.29559326171875,0.6170355081558228
track_1,1595,0.4882843792438507,568.9796752929688,589.1702270507812,0.9019979238510132,656.3704833984375,553.32177734375,0.874326229095459,736.7239990234375,580.8887939453125,0.5771291851997375
track_0,1596,0.45500966906547546,,,0.0,623.8177490234375,420.9814453125,0.7983778715133667,620.2453002929688,372.7337341308594,0.6394443511962891
track_1,1596,0.4915415346622467,569.013671875,589.159423828125,0.8939297795295715,656.3724975585938,553.2467041015625,0.8791014552116394,736.6663818359375,580.8344116210938,0.5645684599876404
track_0,1597,0.4516140818595886,621.7972412109375,467.60675048828125,0.2369876354932785,617.13427734375,428.2976989746094,0.737764835357666,621.6087036132812,375.3963928222656,0.656928300857544
track_1,1597,0.4934740960597992,569.0062866210938,588.9598388671875,0.8868200182914734,656.3731079101562,553.1442260742188,0.8879330158233643,736.8906860351562,577.4398193359375,0.5799112319946289
track_0,1598,0.457100510597229,624.4166259765625,467.68310546875,0.23021377623081207,616.9827880859375,428.40692138671875,0.7478446364402771,625.1114501953125,379.51373291015625,0.680573046207428
track_1,1598,0.4942286014556885,569.0716552734375,588.5955810546875,0.8887935876846313,656.3761596679688,553.0548706054688,0.8930509686470032,736.7811279296875,577.32177734375,0.5813807249069214
track_0,1599,0.4480478763580322,628.6746215820312,468.7944641113281,0.34365299344062805,616.9071655273438,428.5882568359375,0.7546672224998474,621.4494018554688,380.5466613769531,0.7326454520225525
track_1,1599,0.49610257148742676,569.0584716796875,588.37646484375,0.8943331837654114,656.3489379882812,552.8814697265625,0.9067081212997437,736.685302734375,577.1451416015625,0.5907073616981506
track_0,1600,0.4292920231819153,625.5584716796875,469.2073974609375,0.4345300495624542,616.8477783203125,428.98577880859375,0.7655141949653625,625.26611328125,384.94451904296875,0.7765679955482483
track_1,1600,0.49588724970817566,568.867919921875,588.234375,0.8756335377693176,656.3082885742188,552.718505859375,0.9134905934333801,736.5966796875,577.091796875,0.587393045425415
track_0,1601,0.40763556957244873,632.705322265625,472.7345275878906,0.46046265959739685,616.8330688476562,429.26885986328125,0.7722079157829285,628.9577026367188,388.856689453125,0.8550261855125427
track_1,1601,0.4986215829849243,568.4859619140625,588.1798095703125,0.8695434331893921,656.2423706054688,552.5450439453125,0.9242420196533203,736.5554809570312,577.0283813476562,0.5827702879905701
track_0,1602,0.3988347053527832,629.22021484375,471.56146240234375,0.23629452288150787,616.8219604492188,436.17633056640625,0.7851853966712952,625.4471435546875,391.62646484375,0.9217537045478821
track_1,1602,0.5024548768997192,568.2032470703125,584.733642578125,0.8656651377677917,656.1942749023438,552.489501953125,0.9215707182884216,736.195068359375,580.2469482421875,0.590590238571167
track_0,1603,0.3679676353931427,629.4027099609375,471.7255554199219,0.28020891547203064,617.232666015625,436.6910095214844,0.7889982461929321,629.2235107421875,396.52655029296875,0.887256383895874
track_1,1603,0.5046514272689819,567.9328002929688,584.5253295898438,0.8668175339698792,656.1334228515625,552.4026489257812,0.9181419014930725,736.160400390625,580.1270141601562,0.5907200574874878
track_0,1604,0.35511812567710876,631.9104614257812,469.04180908203125,0.2685946822166443,623.427734375,436.8922424316406,0.8030228018760681,627.6619873046875,400.379638671875,0.831065833568573
track_1,1604,0.5069946646690369,564.7312622070312,587.841796875,0.8455535173416138,656.104248046875,552.3523559570312,0.9181913733482361,736.1151733398438,580.0889892578125,0.575061023235321
track_0,1605,0.3313586413860321,632.1658935546875,469.08258056640625,0.29924288392066956,623.62451171875,437.15753173828125,0.8014688491821289,631.8411865234375,401.36566162109375,0.8066600561141968
track_1,1605,0.5096457600593567,564.1642456054688,587.9600830078125,0.8376357555389404,656.122802734375,552.33935546875,0.9267231225967407,736.1139526367188,579.9535522460938,0.5579357743263245
track_0,1606,0.3147561848163605,632.4302978515625,469.30194091796875,0.30814531445503235,623.7022094726562,437.2237243652344,0.7926629781723022,635.9813842773438,404.5042724609375,0.7922124862670898
track_1,1606,0.5132168531417847,561.4227905273438,587.8189697265625,0.8124351501464844,656.0960693359375,552.2937622070312,0.9275798201560974,736.1334228515625,579.97216796875,0.5674829483032227
track_0,1607,0.3189030885696411,632.46826171875,469.1658935546875,0.28963351249694824,623.7012939453125,437.1639404296875,0.7881600260734558,635.78466796875,401.4119567871094,0.8138628602027893
track_1,1607,0.5084007978439331,561.3482055664062,587.7384643554688,0.8220745921134949,656.0692749023438,552.2511596679688,0.9313441514968872,736.1090087890625,579.9397583007812,0.5669254660606384
track_0,1608,0.32987579703330994,632.4038696289062,468.889404296875,0.2750764787197113,623.745849609375,437.00701904296875,0.7833321690559387,635.8443603515625,400.92779541015625,0.8419342637062073
track_1,1608,0.5093876719474792,561.3936767578125,587.6744384765625,0.8330731987953186,656.124267578125,552.2647094726562,0.9329087138175964,736.156494140625,579.994873046875,0.5592149496078491
track_0,1609,0.3394959270954132,632.519287109375,468.1663513183594,0.20451386272907257,623.887939453125,436.9324645996094,0.7814257740974426,636.03759765625,400.5496826171875,0.8525258302688599
track_1,1609,0.5066356062889099,564.67919921875,584.1434326171875,0.8806490898132324,656.0974731445312,552.2412719726562,0.9241045713424683,736.2493286132812,579.8975219726562,0.5572840571403503
track_0,1610,0.334919810295105,632.603515625,468.10614013671875,0.20060864090919495,624.0076904296875,437.03271484375,0.7804862260818481,636.3528442382812,400.5608215332031,0.8490518927574158
track_1,1610,0.5070013403892517,564.9576416015625,584.271484375,0.8623083829879761,656.1400146484375,552.1825561523438,0.9278574585914612,736.3160400390625,579.836181640625,0.5613511800765991
track_0,1611,0.354566365480423,583.6647338867188,468.5943298339844,0.31514087319374084,624.0091552734375,437.11126708984375,0.78091961145401,636.34619140625,400.5924377441406,0.8519439697265625
track_1,1611,0.508546769618988,568.439697265625,580.2430419921875,0.8915260434150696,656.1893310546875,552.2422485351562,0.9081276059150696,736.4047241210938,579.99267578125,0.5777146220207214
track_0,1612,0.3671831786632538,576.0725708007812,469.21673583984375,0.542166531085968,623.6967163085938,437.2511291503906,0.785267174243927,639.51025390625,400.81719970703125,0.8506748080253601
track_1,1612,0.5047597289085388,568.8584594726562,576.60595703125,0.9297447204589844,656.2216796875,552.3136596679688,0.8983446359634399,736.413330078125,579.96044921875,0.5702766180038452
track_0,1613,0.3829938769340515,575.4472045898438,472.70867919921875,0.6032765507698059,623.385009765625,437.174560546875,0.793107271194458,635.4276733398438,400.6055603027344,0.8108500242233276
track_1,1613,0.49931198358535767,568.9248046875,576.4312744140625,0.9437257647514343,656.2800903320312,552.3780517578125,0.8998038172721863,736.4305419921875,580.0265502929688,0.5676786303520203
track_0,1614,0.39773234724998474,576.43505859375,472.84906005859375,0.4631117582321167,616.7122802734375,440.3485107421875,0.8018245697021484,632.9553833007812,400.58319091796875,0.8394325375556946
track_1,1614,0.49911385774612427,568.9618530273438,576.220458984375,0.916103720664978,656.3217163085938,552.4315185546875,0.9001956582069397,736.4357299804688,580.1158447265625,0.5792047381401062
track_0,1615,0.4137853980064392,572.1924438476562,472.9869384765625,0.5466460585594177,616.2555541992188,440.39764404296875,0.8214440941810608,628.5465087890625,400.550048828125,0.816550076007843
track_1,1615,0.5024514198303223,568.9019165039062,576.484375,0.8824827671051025,656.3613891601562,552.5010986328125,0.9017695188522339,736.3903198242188,580.2164916992188,0.5924546718597412
track_0,1616,0.4205399453639984,567.5842895507812,473.3148193359375,0.5778363943099976,615.8018188476562,440.38885498046875,0.8490709662437439,627.9468994140625,400.578369140625,0.798208475112915
track_1,1616,0.4951174855232239,565.1149291992188,580.6229248046875,0.8984082937240601,656.3668823242188,552.515380859375,0.9004141092300415,736.2821044921875,580.3333740234375,0.593711256980896
track_0,1617,0.4210883378982544,561.26806640625,473.5630187988281,0.5792477130889893,608.9442138671875,440.66143798828125,0.8487598896026611,628.8826904296875,400.7123718261719,0.8319361209869385
track_1,1617,0.49285104870796204,564.2271118164062,580.3397216796875,0.7666484713554382,656.3560791015625,552.464599609375,0.9014257788658142,736.2142333984375,580.2786865234375,0.5902079343795776
track_0,1618,0.4390087425708771,560.6982421875,473.63018798828125,0.6051670908927917,608.4639282226562,440.6357421875,0.8427774906158447,624.85302734375,400.6900939941406,0.8156503438949585
track_1,1618,0.491402268409729,564.4727172851562,576.1806030273438,0.8311171531677246,656.3217163085938,552.4411010742188,0.905842125415802,736.160400390625,580.226318359375,0.5888264775276184
track_0,1619,0.4495985209941864,560.2196044921875,473.5456848144531,0.6456913352012634,608.166259765625,440.69287109375,0.8432033658027649,624.4666748046875,400.9905700683594,0.7996598482131958
track_1,1619,0.4920976459980011,568.2700805664062,568.6813354492188,0.9322550892829895,656.2581787109375,552.546630859375,0.8986323475837708,736.1539916992188,580.2577514648438,0.5682302117347717
track_0,1620,0.44997039437294006,560.001708984375,473.5228271484375,0.664169430732727,608.0364379882812,440.7642517089844,0.8498754501342773,624.22998046875,401.1414794921875,0.7948946952819824
track_1,1620,0.4937944710254669,568.4486694335938,568.196533203125,0.9218536019325256,656.182373046875,552.6021118164062,0.8987101316452026,736.2022094726562,580.7646484375,0.5691293478012085
track_0,1621,0.4467378854751587,559.9451904296875,473.4580993652344,0.6672983765602112,607.893798828125,440.8559265136719,0.8614901900291443,623.9479370117188,401.18927001953125,0.780045747756958
track_1,1621,0.4946816861629486,568.1741943359375,564.552001953125,0.916605532169342,656.1475830078125,552.585693359375,0.8969156742095947,736.0300903320312,584.2254638671875,0.5344980955123901
track_0,1622,0.4443982243537903,559.5924682617188,472.09002685546875,0.6568370461463928,607.587646484375,447.416015625,0.9346358180046082,619.6064453125,400.33880615234375,0.7810080051422119
track_1,1622,0.49545276165008545,567.8740234375,564.1970825195312,0.9037331342697144,656.1256103515625,552.461669921875,0.8958355188369751,735.9635009765625,584.2631225585938,0.5334535241127014
track_0,1623,0.44474324584007263,559.5501098632812,472.08270263671875,0.666297197341919,607.5579223632812,447.5074157714844,0.9331763386726379,616.1282958984375,403.3342590332031,0.784839928150177
track_1,1623,0.49896344542503357,568.0064697265625,564.0598754882812,0.9290741682052612,656.1044921875,552.3374633789062,0.9030698537826538,735.9671630859375,584.20947265625,0.5334412455558777
track_0,1624,0.4315188527107239,560.49267578125,471.96807861328125,0.3061285614967346,600.7296752929688,447.84161376953125,0.899914562702179,617.0663452148438,403.70916748046875,0.7535400390625
track_1,1624,0.5015076994895935,567.978759765625,560.5701904296875,0.9025510549545288,656.076416015625,552.2194213867188,0.9075184464454651,735.9730224609375,584.119140625,0.5396496057510376
track_0,1625,0.4214714467525482,558.0018920898438,472.01458740234375,0.3207412362098694,600.6397705078125,448.01898193359375,0.891167163848877,616.8756713867188,404.2332458496094,0.7726027965545654
track_1,1625,0.5045703053474426,567.7053833007812,560.4439697265625,0.8333089351654053,656.057373046875,552.0496826171875,0.9094007611274719,736.0386962890625,583.9878540039062,0.5526223182678223
track_0,1626,0.41274210810661316,557.67724609375,472.1233215332031,0.34781497716903687,600.4692993164062,448.12298583984375,0.8902950882911682,616.6303100585938,404.7525329589844,0.7695183753967285
track_1,1626,0.5096637606620789,564.812255859375,564.0550537109375,0.8085672855377197,656.0528564453125,551.9847412109375,0.9204078316688538,735.98291015625,583.9608764648438,0.552251935005188
track_0,1627,0.3943577706813812,557.2770385742188,472.2404479980469,0.3696386516094208,600.1569213867188,448.3186950683594,0.8825600743293762,620.528076171875,408.29632568359375,0.6984145641326904
track_1,1627,0.5220960378646851,561.3587036132812,569.2158203125,0.770706832408905,648.3966674804688,541.80517578125,0.8336834907531738,732.7611083984375,585.1268310546875,0.29944998025894165
track_0,1628,0.3912675678730011,556.385986328125,471.9692077636719,0.4920215606689453,600.140869140625,448.3332214355469,0.8864927887916565,620.6494140625,408.4698791503906,0.6989192366600037
track_1,1628,0.5222364664077759,561.29296875,569.55615234375,0.7463696002960205,648.451904296875,541.83447265625,0.8110577464103699,732.7763061523438,585.1221313476562,0.3155974745750427
track_0,1629,0.401141494512558,555.9814453125,471.765380859375,0.48633337020874023,600.0982666015625,448.1337890625,0.8961043357849121,620.5450439453125,408.1339111328125,0.6693636178970337
track_1,1629,0.5178934931755066,564.3765869140625,568.0310668945312,0.6663654446601868,656.16552734375,552.0465698242188,0.9128004312515259,736.0499267578125,583.8619995117188,0.5370848774909973
track_0,1630,0.3906744122505188,552.9605102539062,471.720703125,0.5818304419517517,600.2363891601562,448.1363220214844,0.8956437110900879,620.5802001953125,408.1500244140625,0.6767685413360596
track_1,1630,0.51495361328125,561.5790405273438,567.633544921875,0.5199752449989319,656.2091064453125,552.059326171875,0.9099988341331482,551.6049194335938,580.982177734375,0.5787452459335327
track_0,1631,0.3907826542854309,553.0765991210938,471.62518310546875,0.5664277076721191,600.296142578125,448.0259704589844,0.8938299417495728,620.5689086914062,407.9788818359375,0.6702556610107422
track_1,1631,0.5114652514457703,564.2068481445312,570.921875,0.4613191783428192,656.213623046875,552.0868530273438,0.9109019637107849,551.8137817382812,583.7622680664062,0.6792511343955994
track_0,1632,0.3926519453525543,556.0592041015625,471.59912109375,0.4669068455696106,600.2139282226562,448.01190185546875,0.8922414779663086,620.7744750976562,408.1165771484375,0.6759510040283203
track_1,1632,0.5092055797576904,564.04443359375,570.798828125,0.38695669174194336,656.2089233398438,552.1224365234375,0.908977746963501,551.6158447265625,583.7252197265625,0.7311840653419495
track_0,1633,0.3973681926727295,556.8895874023438,469.07830810546875,0.3298666477203369,600.2014770507812,447.903076171875,0.8871821761131287,620.7726440429688,408.01312255859375,0.6830486059188843
track_1,1633,0.5042588710784912,564.6432495117188,571.6619873046875,0.3366888165473938,656.19091796875,552.1328125,0.9110079407691956,552.0125122070312,584.4083251953125,0.7742290496826172
track_0,1634,0.4102880358695984,556.9430541992188,469.1228332519531,0.30413708090782166,600.1415405273438,447.8131408691406,0.8897916674613953,620.6815185546875,407.8266906738281,0.6867175102233887
track_1,1634,0.5060339570045471,564.24951171875,575.6590576171875,0.6171865463256836,656.206298828125,552.1968994140625,0.9102011919021606,551.8598022460938,588.1182861328125,0.5839825868606567
track_0,1635,0.42206132411956787,556.70263671875,469.0286560058594,0.3293318748474121,600.1854858398438,447.746826171875,0.889270544052124,620.6876220703125,407.6116638183594,0.6862480640411377
track_1,1635,0.5035663843154907,564.5604248046875,576.2008056640625,0.7524946331977844,656.2299194335938,552.258544921875,0.9081099629402161,736.3885498046875,580.5034790039062,0.5836307406425476
track_0,1636,0.4340824782848358,552.9078979492188,468.8601989746094,0.5394404530525208,600.1294555664062,447.67449951171875,0.8914147019386292,620.4744873046875,407.41705322265625,0.6847763657569885
track_1,1636,0.5042328238487244,568.0604248046875,576.0155029296875,0.8079937100410461,656.2584228515625,552.2904663085938,0.9013025760650635,736.4893188476562,580.5211791992188,0.5656339526176453
track_0,1637,0.4402289092540741,552.4226684570312,471.4500732421875,0.6313081979751587,600.16748046875,447.65362548828125,0.899429202079773,620.3147583007812,407.3923034667969,0.6592918038368225
track_1,1637,0.5065617561340332,568.5193481445312,576.0330810546875,0.8421820402145386,656.3221435546875,552.3453979492188,0.9016252160072327,736.5760498046875,580.5338745117188,0.5521388053894043
track_0,1638,0.44544968008995056,552.276123046875,471.51361083984375,0.6564775705337524,600.16455078125,447.6699523925781,0.9056828618049622,616.805908203125,407.42840576171875,0.6374385356903076
track_1,1638,0.5081603527069092,568.6533203125,575.9970703125,0.8633387088775635,656.3377685546875,552.4036865234375,0.8995875716209412,736.6239013671875,580.5357055664062,0.5496034026145935
track_0,1639,0.444894939661026,552.13720703125,471.478759765625,0.6677532196044922,600.1390380859375,447.6705322265625,0.9119271636009216,616.5718994140625,407.36279296875,0.6532360315322876
track_1,1639,0.5058432817459106,568.669677734375,576.0081787109375,0.8558440804481506,656.3507080078125,552.4537353515625,0.8964832425117493,736.680908203125,580.5009765625,0.5551356077194214
track_0,1640,0.4403085708618164,552.313232421875,471.6278076171875,0.6878644824028015,600.228515625,447.7048034667969,0.9049718379974365,620.1669921875,407.75555419921875,0.6529943346977234
track_1,1640,0.5084627270698547,568.6261596679688,576.245361328125,0.8469056487083435,656.3402099609375,552.3914184570312,0.9076644778251648,736.708984375,580.514892578125,0.5525003671646118
track_0,1641,0.4364820718765259,552.4107666015625,471.726318359375,0.6887189149856567,600.2212524414062,447.7230224609375,0.9003348350524902,620.1863403320312,407.90313720703125,0.6560558676719666
track_1,1641,0.5089460611343384,568.6657104492188,576.5074462890625,0.8141890168190002,656.3472900390625,552.3388671875,0.9175450801849365,736.7302856445312,580.5156860351562,0.551017165184021
track_0,1642,0.42972105741500854,552.4522094726562,471.7276916503906,0.6951614618301392,600.2385864257812,447.660888671875,0.8972891569137573,616.8690795898438,407.7447509765625,0.6523531079292297
track_1,1642,0.5077574253082275,568.3861083984375,580.2850952148438,0.7757385969161987,656.3152465820312,552.3453369140625,0.9149199724197388,736.6869506835938,580.5810546875,0.5567609071731567
track_0,1643,0.42980608344078064,552.4415283203125,471.7100830078125,0.7002403140068054,600.1823120117188,447.5379638671875,0.8936471343040466,620.171630859375,407.70660400390625,0.6401270627975464
track_1,1643,0.5043509602546692,568.3204345703125,584.38671875,0.756777286529541,656.2833862304688,552.3859252929688,0.9189158082008362,736.655517578125,580.6421508789062,0.5661098957061768
track_0,1644,0.43045052886009216,552.3555908203125,471.6383056640625,0.7142451405525208,600.118896484375,447.38323974609375,0.8857085108757019,616.6673583984375,407.5857849121094,0.6048829555511475
track_1,1644,0.5044189095497131,568.1864013671875,584.5300903320312,0.7451223731040955,656.2614135742188,552.4390258789062,0.9231488108634949,736.5477905273438,580.6207885742188,0.5667060613632202
track_0,1645,0.43705326318740845,552.0775756835938,471.6087646484375,0.740006148815155,599.9915771484375,447.126220703125,0.8800287842750549,616.1107788085938,407.00750732421875,0.566974937915802
track_1,1645,0.5012772679328918,568.0022583007812,588.168212890625,0.7401517033576965,656.2432250976562,552.463623046875,0.937528133392334,736.4625244140625,580.5482177734375,0.5787937045097351
track_0,1646,0.4418722093105316,552.3303833007812,473.1087951660156,0.7445367574691772,600.2396240234375,437.67132568359375,0.8215906023979187,620.1048583984375,401.84637451171875,0.2736203372478485
track_1,1646,0.5012628436088562,564.8880004882812,588.0498657226562,0.7186198234558105,656.232177734375,552.463134765625,0.9333577156066895,736.4276123046875,580.5791625976562,0.5831604599952698
track_0,1647,0.44509410858154297,552.4390869140625,473.05126953125,0.7432655096054077,600.1864013671875,437.5634460449219,0.8162194490432739,620.1439208984375,401.777099609375,0.30956894159317017
track_1,1647,0.49869588017463684,567.9305419921875,588.20556640625,0.7305165529251099,656.2005615234375,552.4476928710938,0.9377039074897766,736.3954467773438,580.565185546875,0.5903493762016296
track_0,1648,0.437528133392334,552.5158081054688,473.0128479003906,0.7316279411315918,600.1301879882812,437.6474609375,0.8150259852409363,620.2772216796875,404.70172119140625,0.3024521470069885
track_1,1648,0.5001827478408813,565.002685546875,588.3156127929688,0.7314280271530151,656.184326171875,552.415283203125,0.9377711415290833,736.3713989257812,580.5675048828125,0.5892047882080078
track_0,1649,0.4346380829811096,552.6575317382812,472.9769287109375,0.7076069712638855,600.0902099609375,437.73974609375,0.8128785490989685,620.1807861328125,405.1520080566406,0.371601402759552
track_1,1649,0.49839162826538086,564.9024047851562,588.3848876953125,0.7279842495918274,656.1810302734375,552.4033813476562,0.9397119283676147,736.353515625,580.5553588867188,0.591236412525177
track_0,1650,0.45982035994529724,555.6377563476562,472.76318359375,0.6813536882400513,599.9095458984375,437.4905700683594,0.8198590278625488,616.1131591796875,404.83697509765625,0.37758669257164
track_1,1650,0.49143412709236145,564.8016967773438,588.4951782226562,0.7059282064437866,656.1871337890625,552.5018310546875,0.9331886172294617,736.3582153320312,580.602294921875,0.5882022976875305
track_0,1651,0.4698942005634308,552.5285034179688,472.79876708984375,0.7098714709281921,599.9508056640625,440.1373596191406,0.8173412084579468,612.2742309570312,404.28411865234375,0.44998735189437866
track_1,1651,0.48724663257598877,564.876708984375,591.998779296875,0.6966736316680908,656.1809692382812,552.5269775390625,0.939454972743988,736.3524169921875,580.628173828125,0.5866147875785828
track_0,1652,0.4808550477027893,552.4214477539062,472.8219909667969,0.7390841245651245,600.0296020507812,437.0576171875,0.8175061345100403,612.1116943359375,400.7331237792969,0.4110614061355591
track_1,1652,0.4856332838535309,564.916259765625,592.1873168945312,0.6906065344810486,656.203857421875,552.628662109375,0.9415857791900635,736.3679809570312,580.6580810546875,0.5901215076446533
track_0,1653,0.48598742485046387,552.639404296875,472.730224609375,0.7144170999526978,600.1989135742188,437.0799560546875,0.827069878578186,612.5453491210938,400.6326904296875,0.49344709515571594
track_1,1653,0.4820691645145416,564.8580932617188,592.1780395507812,0.7158633470535278,656.214111328125,552.6928100585938,0.9430579543113708,736.347412109375,580.717041015625,0.5888354182243347
track_0,1654,0.4601728022098541,553.2371826171875,473.12841796875,0.702926754951477,600.6375732421875,437.36431884765625,0.8430988788604736,613.2186279296875,401.136474609375,0.5559509992599487
track_1,1654,0.4874536395072937,565.0704345703125,588.756103515625,0.7436710000038147,656.1702270507812,552.6384887695312,0.942052960395813,736.336669921875,580.6708374023438,0.5889337658882141
track_0,1655,0.4344311058521271,553.1181030273438,471.892578125,0.7122538089752197,600.5808715820312,446.9811706542969,0.8800582885742188,616.6680908203125,403.3564453125,0.7258838415145874
track_1,1655,0.492086797952652,568.0806274414062,584.7303466796875,0.7804803848266602,656.125732421875,552.5777587890625,0.9399982690811157,736.3193359375,580.5979614257812,0.5860111713409424
track_0,1656,0.4311071038246155,553.200439453125,471.9310302734375,0.7113402485847473,600.6456909179688,447.05462646484375,0.8794193267822266,616.8495483398438,403.402587890625,0.743506133556366
track_1,1656,0.4943915903568268,568.3123168945312,584.359130859375,0.8248785138130188,656.1259765625,552.5481567382812,0.9347068071365356,736.3350830078125,580.56982421875,0.5844902992248535
track_0,1657,0.43770524859428406,553.1837158203125,471.8963623046875,0.7040377855300903,600.5814208984375,446.9957580566406,0.8780972957611084,616.7212524414062,403.3157043457031,0.7100885510444641
track_1,1657,0.49048352241516113,568.4749755859375,580.9862060546875,0.8335863947868347,656.1195678710938,552.54248046875,0.9350070953369141,736.3212890625,580.559814453125,0.5843523144721985
track_0,1658,0.4466956555843353,556.6019287109375,473.3486633300781,0.6831963658332825,600.8653564453125,437.60028076171875,0.8507012128829956,617.1947021484375,401.484130859375,0.5277182459831238
track_1,1658,0.4922370910644531,568.5487060546875,581.0235595703125,0.8277488350868225,656.149169921875,552.5830078125,0.9347657561302185,736.352783203125,580.6021728515625,0.5854512453079224
track_0,1659,0.4525807499885559,556.5848388671875,473.2804260253906,0.6909578442573547,600.7991333007812,437.55401611328125,0.8473748564720154,617.187744140625,401.4060974121094,0.5429012179374695
track_1,1659,0.49073469638824463,568.5346069335938,580.9874267578125,0.8413997888565063,656.16845703125,552.62255859375,0.9353581666946411,736.3776245117188,580.6527709960938,0.5847782492637634
track_0,1660,0.4636833071708679,556.5082397460938,473.2165832519531,0.6844973564147949,600.7842407226562,437.4552307128906,0.8278772234916687,617.204833984375,401.4790954589844,0.5420716404914856
track_1,1660,0.4878922402858734,568.435791015625,580.8748168945312,0.872113823890686,656.1670532226562,552.6106567382812,0.9348251223564148,736.3902587890625,580.6714477539062,0.5805810689926147
track_0,1661,0.46702098846435547,556.6460571289062,473.1378173828125,0.6749938130378723,600.6785888671875,437.39849853515625,0.8257802724838257,616.9068603515625,401.55462646484375,0.5661627054214478
track_1,1661,0.4845855236053467,568.3998413085938,584.3392944335938,0.8278141021728516,656.1467895507812,552.5933227539062,0.9373908042907715,736.3848876953125,580.6602172851562,0.5777714252471924
track_0,1662,0.4633941948413849,556.563720703125,473.0946044921875,0.681333065032959,600.7526245117188,437.3404235839844,0.8222510814666748,616.8887939453125,401.36309814453125,0.5938732624053955
track_1,1662,0.48535966873168945,568.22509765625,584.8250732421875,0.7983090281486511,656.1537475585938,552.6254272460938,0.9388431906700134,736.3759765625,580.7056884765625,0.5805835723876953
track_0,1663,0.4599492847919464,556.6476440429688,473.19573974609375,0.6781827211380005,600.8518676757812,437.300048828125,0.8259353637695312,617.020263671875,401.1886291503906,0.6239762306213379
track_1,1663,0.4845389723777771,568.1373291015625,588.4594116210938,0.7777908444404602,656.1528930664062,552.6847534179688,0.9403668642044067,736.3574829101562,580.746826171875,0.5829887390136719
track_0,1664,0.4570790231227875,556.77783203125,473.16949462890625,0.6719345450401306,600.8897705078125,437.3075256347656,0.8269461393356323,617.0562133789062,401.2301940917969,0.6410789489746094
track_1,1664,0.4845947027206421,568.0903930664062,588.7245483398438,0.7647966742515564,656.1539306640625,552.7249145507812,0.9399833083152771,736.3596801757812,580.7787475585938,0.5831442475318909
track_0,1665,0.45488888025283813,556.9306030273438,473.173828125,0.6591137051582336,600.8544921875,437.37548828125,0.8196504712104797,617.1979370117188,401.3939208984375,0.6723043918609619
track_1,1665,0.48111119866371155,567.8084716796875,588.9771118164062,0.739175021648407,656.1381225585938,552.7638549804688,0.9389344453811646,736.318359375,580.796630859375,0.5834077596664429
track_0,1666,0.44820672273635864,557.0399169921875,473.13970947265625,0.5876977443695068,600.6467895507812,437.3793029785156,0.8029116988182068,620.78955078125,404.36669921875,0.727145254611969
track_1,1666,0.48696914315223694,567.7633666992188,588.9002075195312,0.7502678632736206,656.13818359375,552.7418212890625,0.9392381906509399,736.2632446289062,580.8284301757812,0.5829633474349976
track_0,1667,0.4617546796798706,557.0195922851562,473.09576416015625,0.5719630122184753,600.520263671875,440.18377685546875,0.8227545022964478,616.9764404296875,401.5424499511719,0.6952784061431885
track_1,1667,0.4862692654132843,567.7950439453125,584.9846801757812,0.7735670208930969,656.1375732421875,552.7802734375,0.9342229962348938,736.219970703125,580.8753051757812,0.5791093707084656
track_0,1668,0.4589858055114746,556.6710205078125,473.25860595703125,0.6296548247337341,600.5225830078125,440.2567443847656,0.828486979007721,616.9031982421875,404.25091552734375,0.7043033242225647
track_1,1668,0.4873548448085785,567.6654052734375,581.1519775390625,0.7962795495986938,656.1318359375,552.7696533203125,0.9330061674118042,736.1873779296875,580.8876342773438,0.5754404664039612
track_0,1669,0.4514976441860199,552.9724731445312,473.27587890625,0.7150801420211792,600.6021728515625,440.2808837890625,0.8292633295059204,617.0072021484375,404.3961181640625,0.6918123960494995
track_1,1669,0.4921351373195648,564.8273315429688,577.1873168945312,0.8218311667442322,656.1200561523438,552.7297973632812,0.934516191482544,736.1583862304688,580.8453369140625,0.5759666562080383
track_0,1670,0.45324909687042236,548.6744995117188,472.972412109375,0.7082014083862305,600.6209716796875,440.49725341796875,0.8403208255767822,620.8399658203125,404.7563781738281,0.6639348268508911
track_1,1670,0.49076637625694275,564.4242553710938,573.1220703125,0.8271751403808594,656.1364135742188,552.7088623046875,0.9226343035697937,736.1359252929688,580.881103515625,0.57142573595047
track_0,1671,0.45057281851768494,540.47998046875,471.0024108886719,0.7848547697067261,600.1766357421875,447.26080322265625,0.9094712138175964,620.3755493164062,404.12420654296875,0.7098290324211121
track_1,1671,0.48748382925987244,564.4547119140625,572.7994384765625,0.8433571457862854,656.18408203125,552.7109985351562,0.9119620323181152,736.1475830078125,580.7781372070312,0.5728009343147278
track_0,1672,0.44989004731178284,535.9942016601562,471.0846862792969,0.8119520545005798,600.0133056640625,447.3294677734375,0.9172089099884033,620.20166015625,403.8721923828125,0.6849059462547302
track_1,1672,0.4904613494873047,564.5919799804688,572.7385864257812,0.8149184584617615,656.2446899414062,552.7479248046875,0.9081846475601196,736.1322021484375,580.8118896484375,0.5721757411956787
track_0,1673,0.4446607530117035,532.5145874023438,471.3567810058594,0.8961246013641357,592.5023193359375,447.6010437011719,0.8778918981552124,620.8201904296875,403.8940124511719,0.7402345538139343
track_1,1673,0.4940432608127594,564.2319946289062,572.3128051757812,0.7450158596038818,656.2919921875,552.7342529296875,0.908395528793335,736.11962890625,580.8295288085938,0.5727803707122803
track_0,1674,0.44400638341903687,525.1013793945312,471.49261474609375,0.8738953471183777,592.4430541992188,447.5594482421875,0.8918415904045105,620.7252197265625,403.74169921875,0.7222970128059387
track_1,1674,0.4923202097415924,561.0216674804688,568.56787109375,0.7091540098190308,656.3160400390625,552.8043823242188,0.9050096869468689,736.0927124023438,580.901123046875,0.5615093111991882
track_0,1675,0.42195481061935425,524.7218627929688,471.6748046875,0.8824912309646606,592.41943359375,447.7093811035156,0.9039620161056519,620.4852294921875,403.847412109375,0.6996380090713501
track_1,1675,0.48651546239852905,559.8751220703125,559.7861938476562,0.4792877733707428,656.3242797851562,552.8023681640625,0.8939059972763062,736.0360107421875,580.8965454101562,0.5543069839477539
track_0,1676,0.4101110100746155,524.7885131835938,471.757080078125,0.9143471717834473,592.4957885742188,447.7511901855469,0.9168543219566345,620.5147705078125,403.9056091308594,0.6869097948074341
track_1,1676,0.47390079498291016,548.9691162109375,548.2791748046875,0.5073534846305847,656.3353271484375,552.8758544921875,0.8759274482727051,735.9832763671875,581.0107421875,0.5360000133514404
track_0,1677,0.4073844850063324,524.6737670898438,471.90185546875,0.9144344329833984,592.4032592773438,448.0240173339844,0.9333131313323975,616.982666015625,404.21099853515625,0.6822948455810547
track_1,1677,0.46630778908729553,548.9873657226562,540.9048461914062,0.4789620637893677,656.3555908203125,552.8784790039062,0.8765161037445068,733.0237426757812,584.2861328125,0.531166672706604
track_0,1678,0.4070410132408142,524.9591064453125,472.4515075683594,0.8741576671600342,592.41552734375,448.37005615234375,0.9378491044044495,616.997314453125,404.50787353515625,0.6822191476821899
track_1,1678,0.45605775713920593,549.0426025390625,535.7081298828125,0.27889344096183777,656.3384399414062,555.9716796875,0.8918390870094299,552.477294921875,548.4488525390625,0.609250545501709
track_0,1679,0.40206968784332275,524.8612670898438,473.03131103515625,0.8272724151611328,592.4677734375,448.9122314453125,0.9357510209083557,616.963134765625,404.9129333496094,0.6749603152275085
track_1,1679,0.4451950490474701,,,0.0,656.3612060546875,555.9388427734375,0.9158328771591187,556.2771606445312,540.46044921875,0.5774096250534058
track_0,1680,0.41424649953842163,523.9209594726562,472.0831604003906,0.8147401213645935,592.1173706054688,455.59967041015625,0.7790349721908569,616.46484375,404.4715270996094,0.7351129055023193
track_1,1680,0.422146737575531,,,0.0,656.4284057617188,552.9564208984375,0.9223135113716125,560.62109375,533.3062744140625,0.5211498737335205
track_0,1681,0.43870750069618225,523.937255859375,472.65447998046875,0.7912712097167969,592.0758666992188,456.2305908203125,0.8363692760467529,616.5189819335938,405.1278991699219,0.7353721857070923
track_1,1681,0.40490180253982544,,,0.0,663.8340454101562,553.2232666015625,0.9162585139274597,736.2389526367188,584.6029052734375,0.4011109173297882
track_0,1682,0.46965035796165466,524.8453979492188,472.385498046875,0.7116814255714417,584.43505859375,460.60565185546875,0.7605392336845398,617.424072265625,407.7427062988281,0.5402396321296692
track_1,1682,0.38676586747169495,,,0.0,663.8726806640625,553.337158203125,0.904289960861206,736.388671875,584.884521484375,0.3617035746574402
track_0,1683,0.4949949085712433,525.366943359375,472.22296142578125,0.6931907534599304,584.568359375,460.66986083984375,0.782983124256134,617.2413330078125,407.8807067871094,0.5785606503486633
track_1,1683,0.37928053736686707,,,0.0,663.8277587890625,553.4041748046875,0.890052080154419,572.713623046875,529.1611328125,0.4616723358631134
track_0,1684,0.5106200575828552,528.4774780273438,472.796630859375,0.6801037192344666,592.1093139648438,456.40411376953125,0.8808327913284302,616.4122924804688,408.44171142578125,0.7456263303756714
track_1,1684,0.3834230303764343,,,0.0,663.825439453125,553.2236328125,0.8778870701789856,572.2362670898438,532.39501953125,0.54153972864151
track_0,1685,0.5241566896438599,535.9168701171875,416.6768798828125,0.7441063523292542,592.1060180664062,456.20867919921875,0.8868736624717712,616.6044311523438,408.3044128417969,0.7746142148971558
track_1,1685,0.39011523127555847,579.9480590820312,521.481201171875,0.23661470413208008,663.8232421875,552.7806396484375,0.8919381499290466,572.1221923828125,532.6243896484375,0.4557034969329834
track_0,1686,0.5367198586463928,535.4759521484375,417.0276184082031,0.7590465545654297,592.1008911132812,456.246337890625,0.8865492939949036,616.5770874023438,408.2446594238281,0.760673999786377
track_1,1686,0.3818044364452362,576.689697265625,528.513671875,0.40345704555511475,663.78857421875,552.4745483398438,0.8960503935813904,680.9811401367188,624.0428466796875,0.2658720016479492
track_0,1687,0.5485934615135193,535.7200317382812,416.93896484375,0.755952775478363,592.13037109375,456.5679931640625,0.8899131417274475,616.7335815429688,408.5265197753906,0.7476678490638733
track_1,1687,0.36954596638679504,579.7527465820312,528.1328125,0.47813680768013,663.6875610351562,552.2068481445312,0.9159879684448242,659.7310791015625,471.7894287109375,0.2115117460489273
track_0,1688,0.5769746899604797,536.0450439453125,416.1536865234375,0.8302515149116516,591.9707641601562,464.1062316894531,0.8678699135780334,616.624755859375,408.2731018066406,0.6737337708473206
track_1,1688,0.34726637601852417,580.2564086914062,532.952392578125,0.6849588751792908,655.6343383789062,545.4302978515625,0.8831992149353027,676.378173828125,618.150634765625,0.3702526092529297
track_0,1689,0.57358717918396,536.07666015625,413.0362548828125,0.7308334112167358,591.9873657226562,464.28143310546875,0.8757867813110352,616.68994140625,408.1920166015625,0.6948225498199463
track_1,1689,0.3436276912689209,576.83837890625,528.8265380859375,0.7504834532737732,648.0841064453125,544.66064453125,0.9016276001930237,692.4602661132812,616.2843017578125,0.2901129424571991
track_0,1690,0.559669554233551,536.2955322265625,412.7171936035156,0.5990835428237915,591.8771362304688,464.4608154296875,0.8846294283866882,619.8952026367188,408.3076171875,0.6600913405418396
track_1,1690,0.33135801553726196,572.6726684570312,524.774169921875,0.7395206093788147,640.1409912109375,544.7178344726562,0.8756680488586426,688.8873901367188,616.6536865234375,0.4178098440170288
track_0,1691,0.5420297384262085,645.8741455078125,512.9005126953125,0.48843082785606384,581.551025390625,471.7662048339844,0.8326069712638855,621.2901000976562,404.404541015625,0.31274470686912537
track_1,1691,0.329517126083374,564.9462890625,523.6734619140625,0.713053286075592,640.0004272460938,552.2139892578125,0.8503358960151672,712.1062622070312,604.1517333984375,0.41532638669013977
track_0,1692,0.5335569977760315,645.4085693359375,516.3426513671875,0.4983571171760559,581.5971069335938,471.86322021484375,0.828329861164093,621.5377197265625,404.17559814453125,0.2734408676624298
track_1,1692,0.3297525942325592,567.5914916992188,524.0786743164062,0.6971089839935303,639.5548706054688,552.559326171875,0.8627009391784668,688.1077270507812,620.05712890625,0.45034167170524597
track_0,1693,0.5416436791419983,543.7949829101562,412.3779296875,0.44304585456848145,591.7476806640625,472.0364990234375,0.8322476744651794,623.8173217773438,404.49835205078125,0.25829365849494934
track_1,1693,0.32317909598350525,567.963134765625,524.3905029296875,0.7491648197174072,639.4189453125,552.673583984375,0.8661949634552002,687.8236083984375,620.1422119140625,0.42755961418151855
track_0,1694,0.5476790070533752,652.0567626953125,516.9178466796875,0.463670015335083,592.0601806640625,472.05450439453125,0.8477808833122253,,,0.0
track_1,1694,0.3273237347602844,572.0966796875,521.0468139648438,0.8470103144645691,631.7744140625,544.9560546875,0.8353946805000305,680.6557006835938,620.9002685546875,0.5190000534057617
track_0,1695,0.5542515516281128,652.7201538085938,519.972900390625,0.503114640712738,592.3792724609375,471.93017578125,0.8438187837600708,,,0.0
track_1,1695,0.3275619447231293,575.93603515625,520.3947143554688,0.8424295783042908,631.9261474609375,544.5779418945312,0.8353148698806763,680.7112426757812,620.5996704101562,0.5594433546066284
track_0,1696,0.55045086145401,653.4339599609375,519.8358764648438,0.47242891788482666,592.6421508789062,471.68511962890625,0.8242767453193665,625.2017822265625,407.7958984375,0.25755518674850464
track_1,1696,0.33273011445999146,576.9906005859375,519.774169921875,0.8500903248786926,632.3484497070312,544.0817260742188,0.8365058898925781,681.1773681640625,620.2252807617188,0.5775353312492371
track_0,1697,0.5531262159347534,547.4140625,413.39617919921875,0.5377325415611267,599.9521484375,464.7616271972656,0.8827380537986755,624.4056396484375,412.5392761230469,0.4729992747306824
track_1,1697,0.34091755747795105,580.5808715820312,520.7374267578125,0.8268894553184509,639.727294921875,544.5872802734375,0.8801849484443665,680.4327392578125,620.3604125976562,0.5895140767097473
track_0,1698,0.5633589029312134,547.7781372070312,412.8584899902344,0.6643692851066589,600.0379638671875,464.5323181152344,0.8716674447059631,620.264892578125,409.4442138671875,0.392969012260437
track_1,1698,0.3445713520050049,585.065185546875,516.431396484375,0.8558390140533447,640.6103515625,543.9924926757812,0.8819645047187805,681.3470458984375,619.7872314453125,0.6104843616485596
track_0,1699,0.5675657987594604,544.1783447265625,413.0609130859375,0.8255314230918884,600.1353149414062,464.4061584472656,0.8696900606155396,620.6409912109375,409.1412353515625,0.4655900001525879
track_1,1699,0.344950795173645,584.2572021484375,524.2463989257812,0.800491213798523,647.7781372070312,544.5515747070312,0.913712739944458,680.179931640625,620.2999877929688,0.610960841178894
track_0,1700,0.5644365549087524,544.14111328125,412.933349609375,0.8021751046180725,600.1441650390625,464.335693359375,0.8779609203338623,624.26708984375,409.21209716796875,0.4626030921936035
track_1,1700,0.34229549765586853,584.258056640625,524.2650146484375,0.8007839322090149,647.6820678710938,544.5401000976562,0.9207471013069153,680.0009155273438,619.895751953125,0.6098040342330933
track_0,1701,0.5623905062675476,544.2847290039062,412.62188720703125,0.7072533965110779,599.9928588867188,464.3892822265625,0.8819222450256348,624.2513427734375,409.0198669433594,0.4291341304779053
track_1,1701,0.33586689829826355,584.45361328125,519.8011474609375,0.8313519954681396,640.4817504882812,544.11376953125,0.871038556098938,680.8485107421875,619.6900634765625,0.5916571617126465
track_0,1702,0.5605354905128479,656.7803344726562,513.4252319335938,0.42551389336586,592.63037109375,464.3150329589844,0.8622685670852661,621.3009033203125,405.166748046875,0.44265037775039673
track_1,1702,0.32918843626976013,580.5001220703125,520.636474609375,0.8413100838661194,640.0059204101562,544.6646118164062,0.8703877925872803,680.06396484375,620.3314208984375,0.6025011539459229
track_0,1703,0.5540401935577393,653.2050170898438,517.2286987304688,0.483005553483963,589.601806640625,464.3630065917969,0.8616611361503601,624.9689331054688,408.17120361328125,0.393790066242218
track_1,1703,0.3239416182041168,580.1146240234375,516.09521484375,0.7907858490943909,640.1415405273438,551.933837890625,0.9094078540802002,672.6476440429688,623.3679809570312,0.4723149240016937
track_0,1704,0.545280933380127,652.56787109375,520.5502319335938,0.5101926922798157,592.374267578125,464.35888671875,0.8660907745361328,624.8609619140625,405.3360900878906,0.3420485258102417
track_1,1704,0.3220285177230835,576.066650390625,516.64453125,0.7768334150314331,639.45654296875,552.4932250976562,0.9211717844009399,668.1644287109375,624.097412109375,0.4765492081642151
track_0,1705,0.529295802116394,648.953125,520.9302978515625,0.4986702799797058,592.2890625,464.3648986816406,0.8675923347473145,624.7098388671875,404.8613586425781,0.3593722879886627
track_1,1705,0.3314148783683777,576.201171875,512.4244384765625,0.6933663487434387,632.38720703125,552.3889770507812,0.8779555559158325,669.1368408203125,624.304443359375,0.43881097435951233
track_0,1706,0.5271819233894348,648.923095703125,521.1652221679688,0.49787241220474243,589.3982543945312,464.46624755859375,0.8678059577941895,624.7288818359375,404.9161071777344,0.3723604381084442
track_1,1706,0.33217909932136536,572.9002685546875,515.916015625,0.707215428352356,632.3403930664062,552.4297485351562,0.8731532692909241,668.8619384765625,624.3468017578125,0.4607204496860504
track_0,1707,0.5357037782669067,652.5574951171875,520.181640625,0.5149073600769043,589.4605712890625,471.7589111328125,0.818318247795105,624.9274291992188,400.919677734375,0.2766628861427307
track_1,1707,0.3288125991821289,576.12646484375,516.73095703125,0.8432458639144897,631.798583984375,544.7893676757812,0.8342801332473755,668.6285400390625,621.093017578125,0.5608953237533569
track_0,1708,0.5423639416694641,653.0960083007812,516.3583984375,0.5337887406349182,589.6829833984375,471.75335693359375,0.8198851943016052,628.9808349609375,404.25982666015625,0.2740546464920044
track_1,1708,0.33537912368774414,577.1419067382812,515.9117431640625,0.8773690462112427,632.510498046875,543.802734375,0.8534578084945679,672.9179077148438,619.5307006835938,0.5520808100700378
track_0,1709,0.5459962487220764,548.2760009765625,412.8233947753906,0.5772256851196289,599.9003295898438,464.798828125,0.8599422574043274,628.387939453125,409.1369323730469,0.5075713992118835
track_1,1709,0.34908702969551086,580.1082763671875,512.172607421875,0.8096737861633301,632.23486328125,536.0286865234375,0.8088615536689758,676.6903076171875,616.3207397460938,0.6532986164093018
track_0,1710,0.5480228662490845,548.1559448242188,412.8394775390625,0.5918940305709839,599.918212890625,464.72772216796875,0.8569328188896179,631.9177856445312,412.08209228515625,0.5002362132072449
track_1,1710,0.3519769310951233,580.5784912109375,511.8328857421875,0.747286856174469,632.4722900390625,535.8876953125,0.8220928311347961,677.01416015625,616.157470703125,0.6559865474700928
track_0,1711,0.55006343126297,548.3269653320312,412.767578125,0.5371086597442627,600.0224609375,464.70257568359375,0.8585034012794495,632.0902099609375,412.1604919433594,0.49348771572113037
track_1,1711,0.3537844121456146,583.703369140625,512.7880249023438,0.9177446365356445,639.3616333007812,536.7371215820312,0.8687784075737,675.8650512695312,616.782470703125,0.6680607795715332
track_0,1712,0.5521928071975708,659.8477172851562,512.6590576171875,0.5157668590545654,600.06298828125,464.51904296875,0.8581992387771606,632.2366943359375,412.1225891113281,0.48447155952453613
track_1,1712,0.348143607378006,584.052734375,512.947998046875,0.8957965970039368,639.3513793945312,536.9216918945312,0.8582574725151062,675.9635009765625,617.1531982421875,0.697943925857544
track_0,1713,0.5478193163871765,544.0673828125,468.19464111328125,0.5050600171089172,600.0782470703125,464.3322448730469,0.8604832291603088,632.2880859375,412.0351257324219,0.4735666811466217
track_1,1713,0.34734204411506653,584.9803466796875,512.5299682617188,0.8613414168357849,640.05615234375,544.1730346679688,0.8775859475135803,672.7904052734375,619.9819946289062,0.6289923191070557
track_0,1714,0.5464789867401123,544.0894165039062,468.00579833984375,0.5013716220855713,600.0870971679688,464.20880126953125,0.8649943470954895,632.3333740234375,411.8672790527344,0.4472946226596832
track_1,1714,0.3441688120365143,587.717041015625,512.4462890625,0.8513944745063782,639.7963256835938,544.4822998046875,0.8678194284439087,672.5182495117188,620.355712890625,0.6423289179801941
track_0,1715,0.5423485040664673,544.1356811523438,468.03662109375,0.4909301698207855,600.1085205078125,464.1626892089844,0.8633624911308289,632.451904296875,411.8272705078125,0.4600760042667389
track_1,1715,0.34096768498420715,587.6021728515625,512.3126220703125,0.8195361495018005,639.5560302734375,544.6162109375,0.8686254620552063,671.948974609375,620.5588989257812,0.6356570720672607
track_0,1716,0.5410111546516418,544.1646728515625,468.345458984375,0.5072954893112183,600.2284545898438,464.0771179199219,0.8623465299606323,628.5130615234375,408.3253173828125,0.4905324876308441
track_1,1716,0.33607953786849976,588.7496337890625,511.52410888671875,0.46675580739974976,632.784423828125,543.8594970703125,0.8246186375617981,673.2902221679688,619.920166015625,0.5880712866783142
track_0,1717,0.5363925695419312,543.9708251953125,468.65240478515625,0.5157065987586975,600.2784423828125,464.1681213378906,0.8609795570373535,620.7050170898438,404.89349365234375,0.5006740689277649
track_1,1717,0.33940738439559937,588.6351928710938,511.55682373046875,0.42866846919059753,632.6082153320312,543.9603271484375,0.8468378782272339,673.0859375,620.0215454101562,0.573925793170929
track_0,1718,0.538192093372345,543.90673828125,468.71746826171875,0.502414882183075,600.1182250976562,464.20037841796875,0.8518108129501343,628.3333129882812,408.5814208984375,0.5205575227737427
track_1,1718,0.338688462972641,585.2867431640625,512.0863037109375,0.47460058331489563,632.6212158203125,544.1478271484375,0.8540816903114319,672.9561767578125,620.2526245117188,0.5988393425941467
track_0,1719,0.539016842842102,548.71630859375,412.43902587890625,0.5369320511817932,600.3035888671875,464.0470275878906,0.8591287732124329,628.670654296875,408.49127197265625,0.5055314898490906
track_1,1719,0.33244699239730835,588.7686157226562,511.84503173828125,0.4784567654132843,632.7161254882812,544.074462890625,0.8515679836273193,669.553955078125,620.5742797851562,0.6045343279838562
track_0,1720,0.5365136861801147,548.6643676757812,412.3832702636719,0.5581587553024292,600.31103515625,463.8839111328125,0.8591504096984863,628.6832885742188,408.42523193359375,0.5084322690963745
track_1,1720,0.3294341266155243,592.38525390625,512.2733764648438,0.4322109818458557,632.6317749023438,544.2356567382812,0.8419970273971558,669.3978271484375,620.67626953125,0.6170198321342468
track_0,1721,0.5355106592178345,548.8173217773438,412.4657897949219,0.6398297548294067,600.4351806640625,463.7315368652344,0.8409504890441895,628.829345703125,408.4254150390625,0.5068291425704956
track_1,1721,0.32851430773735046,649.0651245117188,468.1627197265625,0.3715263903141022,632.6885375976562,544.1295776367188,0.8463818430900574,669.440185546875,620.5325927734375,0.6219946146011353
track_0,1722,0.532469630241394,549.0106811523438,412.4690856933594,0.7113206386566162,600.6712646484375,463.6264343261719,0.8329354524612427,628.922119140625,408.41400146484375,0.4853672981262207
track_1,1722,0.32820868492126465,592.2037963867188,509.6553955078125,0.47687196731567383,639.310791015625,544.5803833007812,0.8778313398361206,667.9297485351562,620.9133911132812,0.6852865815162659
track_0,1723,0.537114143371582,548.88037109375,412.3388977050781,0.6713845133781433,600.765869140625,460.7257080078125,0.829451858997345,632.9479370117188,411.54083251953125,0.4289589524269104
track_1,1723,0.3250271677970886,591.8698120117188,512.6762084960938,0.5969038009643555,639.6666259765625,544.3870849609375,0.8734479546546936,668.1674194335938,620.64208984375,0.6936330795288086
track_0,1724,0.5389654040336609,548.5768432617188,412.4356689453125,0.6491717100143433,600.8458862304688,463.57965087890625,0.8272155523300171,636.4637451171875,411.8554992675781,0.4259256422519684
track_1,1724,0.32684385776519775,592.3302612304688,512.6044921875,0.627414882183075,640.1768798828125,544.1199340820312,0.8740295767784119,668.7528686523438,620.281982421875,0.6787831783294678
track_0,1725,0.5368875861167908,547.9942626953125,416.437255859375,0.7237073183059692,607.8944702148438,463.8160400390625,0.8169335126876831,616.6517333984375,408.01806640625,0.3171389400959015
track_1,1725,0.32640618085861206,593.4169311523438,512.7696533203125,0.5635846257209778,640.6380004882812,543.9057006835938,0.8602232336997986,669.13916015625,619.8753662109375,0.6548385620117188
track_0,1726,0.5362542867660522,541.406494140625,416.7689514160156,0.6078329682350159,600.8029174804688,456.51177978515625,0.8553104400634766,628.753173828125,408.8456115722656,0.36997056007385254
track_1,1726,0.33168527483940125,649.8233642578125,465.1629943847656,0.4138922095298767,640.49951171875,536.4503784179688,0.8200624585151672,673.0189208984375,616.8697509765625,0.7151520848274231
track_0,1727,0.5314931869506836,536.943359375,472.4677734375,0.6036286950111389,600.883056640625,456.4088439941406,0.8571828007698059,617.2644653320312,408.21380615234375,0.3594720661640167
track_1,1727,0.3385320007801056,650.2154541015625,465.159912109375,0.4086402952671051,640.9360961914062,536.255859375,0.8126251697540283,673.4122314453125,616.755615234375,0.7068500518798828
track_0,1728,0.528921902179718,536.9461669921875,472.46484375,0.6096022725105286,600.9007568359375,456.31060791015625,0.8637239336967468,616.9376831054688,408.09783935546875,0.3494601547718048
track_1,1728,0.34468874335289,607.0951538085938,506.0345458984375,0.20905053615570068,647.4237670898438,536.838623046875,0.8450251221656799,671.8086547851562,617.1356201171875,0.747752845287323
track_0,1729,0.5311006903648376,537.0870361328125,472.3936767578125,0.6105815768241882,600.8814697265625,456.2207336425781,0.8646153211593628,616.89990234375,408.01239013671875,0.3649439215660095
track_1,1729,0.35249727964401245,,,0.0,647.6888427734375,536.63720703125,0.8402602076530457,672.0232543945312,616.5155029296875,0.7095975875854492
track_0,1730,0.5267671942710876,537.2674560546875,472.22772216796875,0.6094375848770142,600.9260864257812,456.13641357421875,0.8743773698806763,616.9771728515625,407.9564208984375,0.378772497177124
track_1,1730,0.36543482542037964,,,0.0,648.181396484375,536.2889404296875,0.8379502296447754,676.4503784179688,612.9107666015625,0.6943877339363098
track_0,1731,0.526212215423584,536.5528564453125,472.43353271484375,0.5800727009773254,608.1302490234375,456.468017578125,0.8525307178497314,540.1885375976562,417.1888122558594,0.6457011103630066
track_1,1731,0.3728954493999481,,,0.0,648.5361328125,528.762939453125,0.8162354230880737,676.5811767578125,613.0361938476562,0.7568572759628296
track_0,1732,0.5249147415161133,536.6932373046875,472.2243347167969,0.5681808590888977,608.2454223632812,456.3695983886719,0.8751563429832458,540.3133544921875,416.9550476074219,0.6042592525482178
track_1,1732,0.3809695839881897,,,0.0,648.9443969726562,528.4337768554688,0.8313138484954834,677.0908813476562,612.7075805664062,0.7639942765235901
track_0,1733,0.5305867791175842,539.9569702148438,472.1614990234375,0.5609842538833618,608.2427368164062,456.3708190917969,0.8661471605300903,540.5328369140625,416.80364990234375,0.54314124584198
track_1,1733,0.3836061358451843,,,0.0,649.0621337890625,528.21142578125,0.8341718316078186,680.9891967773438,612.1444091796875,0.7860363125801086
track_0,1734,0.5288206934928894,540.1093139648438,472.22137451171875,0.5720750093460083,608.2332763671875,456.4672546386719,0.8521131277084351,660.197265625,473.44537353515625,0.41740137338638306
track_1,1734,0.3873077630996704,,,0.0,648.7891845703125,528.279296875,0.8179346919059753,680.7718505859375,611.9647827148438,0.7656618356704712
track_0,1735,0.5252649188041687,540.3710327148438,469.52532958984375,0.5632461905479431,608.1950073242188,456.6187744140625,0.8408685326576233,656.8764038085938,473.0458984375,0.49044713377952576
track_1,1735,0.3891791105270386,,,0.0,648.4593505859375,528.2739868164062,0.8286089897155762,676.6392822265625,612.2049560546875,0.7657214403152466
track_0,1736,0.5175051093101501,540.2869873046875,469.4843444824219,0.575066328048706,608.1408081054688,456.7207336425781,0.8346834182739258,656.2116088867188,472.78997802734375,0.4384365975856781
track_1,1736,0.3887594938278198,,,0.0,648.12353515625,528.34814453125,0.8393144607543945,672.4547119140625,612.416015625,0.767138659954071
track_0,1737,0.510949432849884,540.1892700195312,469.5297546386719,0.5812253355979919,608.1105346679688,456.76123046875,0.8171878457069397,655.929443359375,472.3531188964844,0.4407716989517212
track_1,1737,0.38280758261680603,,,0.0,647.7366333007812,528.3875122070312,0.842341423034668,671.8873291015625,612.0838012695312,0.7660458087921143
track_0,1738,0.5063906311988831,539.9829711914062,469.51953125,0.5943223834037781,607.9846801757812,456.7950744628906,0.7940652370452881,652.616455078125,469.32647705078125,0.5498212575912476
track_1,1738,0.3823302388191223,,,0.0,640.351806640625,520.4349365234375,0.83311927318573,676.1015625,608.7871704101562,0.8527527451515198
track_0,1739,0.5015785694122314,536.723876953125,468.48394775390625,0.5793355703353882,608.36865234375,463.6099853515625,0.6838595271110535,652.2706909179688,471.46502685546875,0.6717985272407532
track_1,1739,0.37818482518196106,,,0.0,639.806640625,520.617431640625,0.8177201747894287,671.873779296875,609.0867919921875,0.8594772815704346
track_0,1740,0.4997410476207733,536.5786743164062,468.5035705566406,0.6006850600242615,608.254638671875,463.620361328125,0.6726172566413879,649.0571899414062,468.4796142578125,0.7089006900787354
track_1,1740,0.3754523992538452,,,0.0,632.9302978515625,520.0654907226562,0.7952432632446289,672.6049194335938,608.3944091796875,0.8899490237236023
track_0,1741,0.5027205944061279,536.494140625,468.53173828125,0.6056602597236633,608.1820068359375,463.71258544921875,0.6764360070228577,648.8834228515625,468.6091003417969,0.6408435106277466
track_1,1741,0.3750436305999756,,,0.0,632.677001953125,520.0377807617188,0.805628776550293,668.6538696289062,608.5515747070312,0.8929373025894165
track_0,1742,0.5041412711143494,536.3782348632812,468.5517883300781,0.6124330163002014,608.0762329101562,463.8365783691406,0.704806387424469,648.4498291015625,467.8609924316406,0.5699511170387268
track_1,1742,0.37672877311706543,,,0.0,632.4194946289062,519.9241943359375,0.814052939414978,664.677978515625,608.4415283203125,0.8858239650726318
track_0,1743,0.5052003860473633,536.190185546875,468.5970458984375,0.6126489639282227,607.914306640625,464.0621337890625,0.7478156685829163,647.6560668945312,464.4856872558594,0.4253905117511749
track_0,1744,0.5045698285102844,544.4129028320312,416.485595703125,0.8206034302711487,600.849609375,463.79864501953125,0.753119707107544,621.240966796875,408.5863037109375,0.4793653190135956
track_0,1745,0.5085992813110352,544.5551147460938,416.31951904296875,0.7841812968254089,600.7318725585938,463.89788818359375,0.7686969041824341,621.2437133789062,408.67767333984375,0.5004565119743347
track_0,1746,0.5082737803459167,544.906494140625,415.94403076171875,0.7136726975440979,600.7039794921875,463.8548583984375,0.7772510051727295,621.3112182617188,408.705078125,0.5143566131591797
track_0,1747,0.5103050470352173,545.1781005859375,415.927734375,0.6666411757469177,600.7506103515625,463.8992919921875,0.7986373901367188,625.2764892578125,411.73486328125,0.5162415504455566
track_0,1748,0.5135620832443237,548.1431884765625,416.9269104003906,0.6679709553718567,607.8644409179688,464.2485046386719,0.7806269526481628,627.9251708984375,412.9788513183594,0.3904416561126709
track_0,1749,0.5112654566764832,548.4234619140625,416.95965576171875,0.634931206703186,607.9583129882812,464.33544921875,0.7778499722480774,632.1719970703125,416.1280517578125,0.5728548765182495
track_0,1750,0.5120273232460022,551.8359375,417.0218811035156,0.5202167630195618,608.0533447265625,464.4237060546875,0.7703668475151062,632.5150146484375,416.10479736328125,0.617546021938324
track_0,1751,0.5121451616287231,551.8875122070312,416.78143310546875,0.44684746861457825,608.0458984375,464.39776611328125,0.7763351798057556,632.8676147460938,416.293701171875,0.5841520428657532
track_0,1752,0.514568567276001,552.4315185546875,413.105224609375,0.37857556343078613,608.072998046875,464.2758483886719,0.7715556025505066,636.0094604492188,416.59503173828125,0.5525683760643005
track_0,1753,0.5123920440673828,664.232421875,508.2425537109375,0.2858341932296753,608.1598510742188,464.1421203613281,0.7500128746032715,648.7633666992188,468.57244873046875,0.6305067539215088
track_0,1754,0.5022043585777283,664.5694580078125,508.44586181640625,0.2902534604072571,608.3626708984375,463.92230224609375,0.7125100493431091,649.3035888671875,471.9444274902344,0.77764892578125
track_0,1755,0.48977190256118774,664.4351806640625,508.13128662109375,0.26462996006011963,608.595458984375,460.87945556640625,0.6932475566864014,652.787353515625,472.3467712402344,0.8445495963096619
track_0,1756,0.48508644104003906,563.0938720703125,412.8683776855469,0.20935837924480438,615.5090942382812,464.36090087890625,0.7604162693023682,655.310302734375,472.39892578125,0.6882568001747131
track_1,1756,0.38881468772888184,,,0.0,632.1658325195312,512.613525390625,0.8328534364700317,664.4713745117188,608.0554809570312,0.8370747566223145
track_0,1757,0.48573073744773865,,,0.0,615.4893188476562,464.3876647949219,0.7675180435180664,655.29638671875,472.23291015625,0.6572105288505554
track_1,1757,0.38863566517829895,,,0.0,632.1453857421875,512.619873046875,0.8368377685546875,664.4108276367188,608.05419921875,0.8339794278144836
track_0,1758,0.48575717210769653,653.6624755859375,505.8823547363281,0.20541922748088837,608.5304565429688,461.0350341796875,0.6987221240997314,649.73095703125,468.8057861328125,0.791390061378479
track_0,1759,0.4799184203147888,,,0.0,605.5018920898438,461.11700439453125,0.6971468925476074,649.2425537109375,468.1430358886719,0.8248974084854126
track_0,1760,0.48019668459892273,660.275390625,504.80419921875,0.20818792283535004,605.4762573242188,461.1382751464844,0.7070621848106384,649.2334594726562,468.5313720703125,0.8214355111122131
track_0,1761,0.4793468713760376,,,0.0,608.4525756835938,461.05828857421875,0.7029741406440735,649.382568359375,468.8370361328125,0.7970423698425293
track_0,1762,0.486935019493103,,,0.0,608.4569091796875,461.0430603027344,0.7196807265281677,649.518798828125,469.0047607421875,0.7699795365333557
track_0,1763,0.4978642761707306,,,0.0,608.298828125,464.0768737792969,0.7380736470222473,649.4486694335938,468.8887634277344,0.7338173985481262
track_0,1764,0.4960137605667114,,,0.0,608.1696166992188,464.12664794921875,0.7259519696235657,648.892333984375,465.34619140625,0.6779832243919373
track_0,1765,0.48346400260925293,,,0.0,605.3477172851562,461.28411865234375,0.7109586000442505,648.6791381835938,465.34796142578125,0.6845653653144836
track_0,1766,0.4685055911540985,,,0.0,605.6187133789062,461.15960693359375,0.693156361579895,648.9125366210938,465.53961181640625,0.5878855586051941
track_0,1767,0.45747289061546326,552.4945678710938,453.6422424316406,0.2945515215396881,615.6614990234375,461.4304504394531,0.730446994304657,651.5396728515625,468.2899475097656,0.504044771194458
track_0,1768,0.45365604758262634,552.8985595703125,456.64166259765625,0.2606222331523895,615.6395263671875,461.30322265625,0.7178704142570496,652.123291015625,468.6130676269531,0.6535366773605347
track_0,1769,0.4599236845970154,555.6235961914062,457.3062744140625,0.2765094041824341,615.5790405273438,461.34808349609375,0.7247936725616455,652.3126831054688,468.7760925292969,0.6977220177650452
track_0,1770,0.4552197754383087,552.8823852539062,456.8470764160156,0.23091910779476166,615.6913452148438,461.26483154296875,0.7110850811004639,652.3458251953125,468.59246826171875,0.7030796408653259
track_0,1771,0.45950666069984436,556.1329956054688,460.5079345703125,0.22439955174922943,615.8207397460938,461.21075439453125,0.7302592992782593,655.7374267578125,468.5596923828125,0.7416383028030396
track_1,1771,0.4068092703819275,559.9741821289062,472.39630126953125,0.3607616424560547,631.8136596679688,512.876708984375,0.7833715081214905,664.0609741210938,608.4246826171875,0.8308465480804443
track_0,1772,0.46658414602279663,555.99365234375,460.4880676269531,0.24214422702789307,615.6778564453125,461.37847900390625,0.7494261860847473,652.791015625,468.125,0.7388398051261902
track_0,1773,0.4467019736766815,553.0774536132812,452.2142639160156,0.3831082880496979,616.56982421875,472.06378173828125,0.7138282060623169,652.4207153320312,464.41680908203125,0.660875141620636
track_1,1773,0.43028131127357483,559.72216796875,468.1094970703125,0.47197502851486206,631.8823852539062,512.470947265625,0.824338436126709,664.0333862304688,607.9602661132812,0.864014744758606
track_0,1774,0.4474818706512451,553.0607299804688,452.3394470214844,0.5543853640556335,624.3450317382812,488.8697509765625,0.781968355178833,644.171875,464.47650146484375,0.40779852867126465
track_0,1775,0.44572126865386963,552.9611206054688,452.4828796386719,0.5588470101356506,624.4390869140625,480.45977783203125,0.7820369601249695,640.5252075195312,444.8226013183594,0.410403847694397
track_1,1775,0.44075408577919006,556.5753173828125,464.4377746582031,0.5879294276237488,632.0968627929688,504.7843322753906,0.8119731545448303,664.4984130859375,601.024169921875,0.6212446093559265
track_0,1776,0.44026535749435425,553.1158447265625,456.68804931640625,0.5707564353942871,624.6859130859375,480.349853515625,0.7466323971748352,652.8797607421875,467.5959167480469,0.3559817671775818
track_1,1776,0.4392973780632019,556.7814331054688,467.9718322753906,0.6443544626235962,632.4703369140625,504.6422119140625,0.8359992504119873,664.7191162109375,600.999755859375,0.587265133857727
track_0,1777,0.42224031686782837,552.8817138671875,456.612548828125,0.5014328956604004,624.556396484375,471.9554138183594,0.7594020366668701,664.8045654296875,467.686279296875,0.7232575416564941
track_0,1778,0.4230462312698364,552.874755859375,456.3665771484375,0.5249584317207336,624.5548706054688,472.0547180175781,0.7599689364433289,664.3972778320312,464.961669921875,0.7028295993804932
track_1,1778,0.423080712556839,556.4180297851562,464.2078857421875,0.6528509855270386,632.4542236328125,499.92523193359375,0.8188949823379517,656.4063110351562,468.33673095703125,0.28280916810035706
track_1,1779,0.4460097849369049,557.0261840820312,464.179931640625,0.6321703195571899,632.7351684570312,504.59033203125,0.8257665634155273,664.9686279296875,603.9598999023438,0.6211991310119629
track_1,1780,0.46067100763320923,556.4694213867188,460.8204650878906,0.6430150270462036,632.307861328125,500.1480712890625,0.8057712316513062,648.9481201171875,469.1673583984375,0.33758440613746643
track_1,1781,0.45771244168281555,556.5367431640625,464.3540954589844,0.6834718585014343,632.4005126953125,496.815673828125,0.8039615750312805,648.7848510742188,469.4102478027344,0.33542507886886597
track_1,1782,0.45388197898864746,556.594970703125,464.40423583984375,0.7288023233413696,632.4910278320312,496.7359313964844,0.8070393204689026,652.8267822265625,469.2762145996094,0.44410601258277893
track_1,1783,0.4561944007873535,556.6390991210938,464.3800048828125,0.7444537878036499,632.5708618164062,496.73345947265625,0.816606342792511,656.470947265625,469.06231689453125,0.5189268589019775
track_1,1784,0.4575347304344177,556.60693359375,464.379150390625,0.7358194589614868,632.5289916992188,496.71435546875,0.8114702105522156,653.3935546875,469.128173828125,0.4905768930912018
track_1,1785,0.44325751066207886,556.7299194335938,464.4564208984375,0.7241690158843994,632.7661743164062,496.69073486328125,0.83389812707901,660.67431640625,468.5743408203125,0.5251124501228333
track_1,1786,0.42740073800086975,556.178466796875,460.62261962890625,0.6983651518821716,632.5096435546875,488.59320068359375,0.8563342690467834,661.2438354492188,460.792236328125,0.6549727320671082
track_1,1787,0.4405164122581482,584.21630859375,416.82421875,0.6672078371047974,632.5995483398438,496.8367919921875,0.8414270281791687,653.3103637695312,465.1724548339844,0.3499092161655426
track_1,1788,0.4585643708705902,584.100341796875,416.8180236816406,0.6978600025177002,632.3507080078125,496.978271484375,0.8326472640037537,652.2115478515625,468.28155517578125,0.40279796719551086
track_1,1789,0.45805272459983826,556.3656005859375,464.6023864746094,0.654797375202179,632.2385864257812,496.9246826171875,0.8437033295631409,649.1679077148438,468.73162841796875,0.4163052439689636
track_1,1790,0.4553258419036865,556.429443359375,464.6471862792969,0.6945523023605347,632.2889404296875,496.8060607910156,0.8462966680526733,649.1458129882812,468.7809143066406,0.47982221841812134
track_1,1791,0.45488399267196655,556.5657958984375,464.636962890625,0.7108632326126099,632.4387817382812,496.79095458984375,0.8476704359054565,653.053466796875,468.6913146972656,0.5415416955947876
track_1,1792,0.456575870513916,556.6349487304688,464.6426696777344,0.7062984704971313,632.4775390625,496.8429870605469,0.8479365706443787,653.195068359375,468.63104248046875,0.5426537990570068
track_1,1793,0.4582245349884033,556.5977172851562,464.6688232421875,0.6948630809783936,632.4046630859375,496.8744201660156,0.8380091190338135,652.4036865234375,468.74237060546875,0.5171175003051758
track_1,1794,0.4579645097255707,556.6482543945312,464.67840576171875,0.6954705715179443,632.4863891601562,496.8206787109375,0.8401418328285217,652.71630859375,468.626220703125,0.5125903487205505
track_1,1795,0.4436401426792145,556.757568359375,464.58612060546875,0.6902048587799072,632.685302734375,496.72698974609375,0.8624705672264099,656.8014526367188,465.6692810058594,0.3934958577156067
track_1,1796,0.4411085546016693,584.5054931640625,416.65850830078125,0.6812987923622131,632.6417846679688,496.79742431640625,0.8594629168510437,656.546630859375,464.77349853515625,0.3157772719860077
track_1,1797,0.45979467034339905,584.3115844726562,416.6841125488281,0.7265607118606567,632.3954467773438,496.8193054199219,0.8546992540359497,652.2101440429688,465.04302978515625,0.29061514139175415
track_1,1798,0.4657837748527527,584.2935791015625,416.6700134277344,0.7056745886802673,632.2642211914062,496.7734680175781,0.860359787940979,648.9812622070312,465.33905029296875,0.3440735340118408
track_1,1799,0.46478500962257385,556.572998046875,464.744140625,0.6909909844398499,632.27685546875,496.6260986328125,0.8505184054374695,648.954345703125,468.3204040527344,0.4135013818740845
track_1,1800,0.46275171637535095,556.7701416015625,464.85791015625,0.7334783673286438,632.49853515625,496.6198425292969,0.8398497104644775,652.7711181640625,468.5189514160156,0.46198683977127075
track_1,1801,0.4621511399745941,556.9253540039062,464.8455810546875,0.7433626651763916,632.7059936523438,496.58404541015625,0.8561805486679077,656.7586669921875,468.2362976074219,0.5338450074195862
track_1,1802,0.4647480547428131,556.8662109375,464.8895263671875,0.7455311417579651,632.6160888671875,496.6240234375,0.848444938659668,656.4247436523438,468.44482421875,0.5373817086219788
track_1,1803,0.45948484539985657,556.9981079101562,464.82012939453125,0.7403271794319153,632.8157958984375,496.6086730957031,0.8517487645149231,657.3711547851562,468.11767578125,0.533531904220581
track_1,1804,0.4449540674686432,556.5631713867188,461.0141906738281,0.6954455971717834,632.70751953125,488.70611572265625,0.8433125615119934,661.3629150390625,460.5672607421875,0.7076918482780457
track_1,1805,0.4548065960407257,584.6336669921875,416.5213317871094,0.6978878974914551,632.7940673828125,496.65509033203125,0.8566074371337891,657.0718383789062,461.46612548828125,0.34945082664489746
track_1,1806,0.4696042835712433,556.8682861328125,464.46002197265625,0.7057180404663086,632.5596313476562,496.52752685546875,0.8644987344741821,656.72509765625,463.88140869140625,0.3945876657962799
track_1,1807,0.47207918763160706,556.841796875,464.5993347167969,0.717990517616272,632.4896240234375,496.5021667480469,0.8674856424331665,656.686279296875,464.528564453125,0.43997031450271606
track_1,1808,0.4727700650691986,556.4345092773438,464.43994140625,0.7359262704849243,632.263916015625,488.8105773925781,0.8210845589637756,656.2665405273438,464.04034423828125,0.632857084274292
track_1,1809,0.4709930419921875,556.6434326171875,464.6108093261719,0.7370753288269043,632.6323852539062,488.73089599609375,0.7991101145744324,660.72119140625,463.9617614746094,0.7071744799613953
track_1,1810,0.4724808633327484,556.745361328125,464.6305847167969,0.7333077192306519,632.725830078125,488.728271484375,0.7958201766014099,660.97314453125,464.07421875,0.7283006310462952
track_0,1811,0.4729793965816498,559.841796875,468.81878662109375,0.7500436902046204,639.8935546875,496.7100524902344,0.8960108160972595,663.9969482421875,464.7224426269531,0.669234037399292
track_0,1812,0.4629368484020233,560.0393676757812,468.79150390625,0.7471461892127991,640.231689453125,496.6979064941406,0.8811452388763428,667.9666748046875,460.820556640625,0.6283244490623474
track_0,1813,0.4614594578742981,560.0325927734375,468.4990539550781,0.7436904907226562,640.3508911132812,496.6280517578125,0.87542325258255,665.1483154296875,457.4259033203125,0.47885605692863464
track_0,1814,0.4728683531284332,559.8841552734375,468.3807678222656,0.7397865056991577,640.15966796875,496.5580139160156,0.8833305239677429,664.40087890625,459.8349609375,0.552659809589386
track_0,1815,0.4779232442378998,559.774658203125,468.505859375,0.7507062554359436,639.917724609375,496.6050720214844,0.8882178068161011,660.7977905273438,460.75750732421875,0.5892634987831116
track_1,1816,0.47192296385765076,556.7229614257812,464.5575256347656,0.7300337553024292,632.622314453125,488.752685546875,0.810901403427124,660.5343017578125,461.49981689453125,0.6889250874519348
track_1,1817,0.4690331220626831,556.7618408203125,464.8251953125,0.7425292730331421,632.7363891601562,488.7040100097656,0.7821834087371826,660.9813232421875,464.1826171875,0.7281526923179626
track_1,1818,0.46797558665275574,556.8505249023438,464.83563232421875,0.7460922002792358,632.8455810546875,488.6507263183594,0.786142110824585,664.6556396484375,463.8813171386719,0.7438740730285645
track_1,1819,0.4694865643978119,556.783935546875,464.9267883300781,0.7424390316009521,632.7318725585938,488.711669921875,0.785315215587616,661.2229614257812,464.35211181640625,0.7498282194137573
track_1,1820,0.4670772850513458,556.857666015625,465.02667236328125,0.7284770011901855,632.8037719726562,488.6789855957031,0.7908387780189514,664.5517578125,463.9336853027344,0.743493914604187
track_0,1821,0.45685306191444397,559.921630859375,468.8177490234375,0.7460622191429138,640.04443359375,496.62786865234375,0.8960033059120178,667.8271484375,460.5718994140625,0.5919125080108643
track_1,1822,0.4574452340602875,556.240478515625,464.82135009765625,0.7477318644523621,639.7953491210938,488.82745361328125,0.8754366636276245,667.4482421875,457.0016784667969,0.6955287456512451
track_0,1823,0.4692023992538452,559.6669311523438,468.36749267578125,0.7656095027923584,639.8662719726562,496.57501220703125,0.8999552726745605,664.1873168945312,460.0201416015625,0.6013568639755249
track_0,1824,0.4716407060623169,559.767822265625,468.6016540527344,0.7630313038825989,639.8439331054688,496.6147155761719,0.9074387550354004,664.1593017578125,460.77154541015625,0.6858485341072083
track_1,1825,0.4668011963367462,556.7774047851562,464.7529296875,0.7469523549079895,632.7073364257812,488.7700500488281,0.8029288053512573,661.09033203125,463.85833740234375,0.7387529015541077
track_0,1826,0.46399933099746704,559.855224609375,468.99371337890625,0.7390844821929932,639.8880004882812,496.72064208984375,0.8946995735168457,664.166259765625,465.0743408203125,0.7114977240562439
track_0,1827,0.46708613634109497,560.0305786132812,472.063232421875,0.7028008103370667,640.010009765625,496.69049072265625,0.8860668540000916,667.794677734375,465.0175476074219,0.7602980136871338
track_0,1828,0.46600794792175293,559.9694213867188,472.0234375,0.7038070559501648,639.9779663085938,496.76580810546875,0.8788089752197266,664.5874633789062,465.2735595703125,0.7675551772117615
track_0,1829,0.4671280086040497,560.0590209960938,472.0306396484375,0.6984118819236755,640.1076049804688,496.7244873046875,0.8719816207885742,668.1342163085938,465.0703125,0.7722415328025818
track_0,1830,0.4663717746734619,560.0896606445312,472.02349853515625,0.6967930793762207,640.1246948242188,496.67633056640625,0.8770718574523926,668.22412109375,464.9865417480469,0.7729723453521729
track_0,1831,0.46694517135620117,560.0472412109375,472.06317138671875,0.7018290758132935,640.0474853515625,496.71820068359375,0.8764651417732239,667.900390625,465.1626892089844,0.7744913101196289
track_0,1832,0.4561622142791748,560.1021728515625,472.01727294921875,0.6949358582496643,640.2544555664062,496.689453125,0.8720970749855042,671.7720947265625,464.32257080078125,0.6835367679595947
track_0,1833,0.44713249802589417,560.0635375976562,468.88409423828125,0.7205267548561096,640.3723754882812,496.6682434082031,0.8695923089981079,671.94189453125,460.5724182128906,0.4768539071083069
track_0,1834,0.44739335775375366,560.05517578125,468.7039489746094,0.7332111597061157,640.4356079101562,496.67413330078125,0.8718919157981873,669.223388671875,460.0722351074219,0.4373994767665863
track_0,1835,0.4380802810192108,557.108642578125,468.5885314941406,0.7305905222892761,640.4990844726562,496.7364807128906,0.8774102926254272,572.791015625,424.81146240234375,0.3376695513725281
track_0,1836,0.44975778460502625,559.9937133789062,468.566650390625,0.7329452037811279,640.3698120117188,496.64959716796875,0.8847516179084778,667.9667358398438,457.0718994140625,0.33660393953323364
track_0,1837,0.46582695841789246,560.120361328125,468.65380859375,0.7364791631698608,640.3709716796875,496.595703125,0.8833552002906799,668.26611328125,457.3733215332031,0.6261035203933716
track_0,1838,0.4645959734916687,560.156982421875,468.8843994140625,0.7296308875083923,640.3157958984375,496.6815185546875,0.8794631958007812,668.1052856445312,460.4166259765625,0.6859553456306458
track_0,1839,0.4606155455112457,560.0594482421875,469.06646728515625,0.726309597492218,640.21044921875,496.79669189453125,0.8753734230995178,668.2716064453125,461.4093017578125,0.68352210521698
track_0,1840,0.4598599672317505,560.2118530273438,472.03924560546875,0.7018337249755859,640.4977416992188,496.74432373046875,0.8613778948783875,669.0101928710938,463.8526611328125,0.6379424929618835
track_0,1841,0.45838209986686707,560.2389526367188,472.0340576171875,0.6973291635513306,640.5601196289062,496.7381896972656,0.861364483833313,672.1124267578125,463.992431640625,0.649579644203186
track_0,1842,0.4571424722671509,560.2014770507812,472.0416259765625,0.6991519927978516,640.465087890625,496.7924499511719,0.8584175109863281,672.0547485351562,464.25341796875,0.6530547738075256
track_0,1843,0.4402298927307129,560.391845703125,472.1795349121094,0.7415955662727356,640.668212890625,496.699951171875,0.8566455245018005,576.8878173828125,419.8885498046875,0.6075241565704346
track_1,1843,0.39991751313209534,672.9155883789062,496.3671569824219,0.3450803756713867,616.6800537109375,464.0590515136719,0.7389398813247681,568.9365844726562,413.000732421875,0.5290650129318237
track_0,1844,0.42120686173439026,556.6971435546875,468.5037841796875,0.7919759750366211,640.7797241210938,496.6268615722656,0.8718846440315247,576.733154296875,416.521484375,0.5692738890647888
track_1,1844,0.3808801770210266,677.5521850585938,461.1158447265625,0.5729154944419861,608.83447265625,456.2640380859375,0.72031569480896,617.5057983398438,408.85986328125,0.719315767288208
track_0,1845,0.42138126492500305,552.3814086914062,468.4460144042969,0.6243069767951965,640.65673828125,496.4563293457031,0.8782930970191956,668.50537109375,457.4557800292969,0.5614916086196899
track_1,1845,0.3916921615600586,676.8408813476562,464.86431884765625,0.48799991607666016,608.5609130859375,456.153564453125,0.6846521496772766,621.021484375,408.8369140625,0.6636641025543213
track_0,1846,0.4257439076900482,,,0.0,640.3484497070312,496.39276123046875,0.8756161332130432,664.896240234375,460.620849609375,0.6131418347358704
track_1,1846,0.4000157117843628,675.8753051757812,465.4258117675781,0.36045122146606445,608.3699951171875,456.2885437011719,0.6679218411445618,624.4939575195312,408.9978332519531,0.6667144298553467
track_0,1847,0.42300090193748474,,,0.0,640.211181640625,504.07470703125,0.821342408657074,660.8640747070312,604.5253295898438,0.49049025774002075
track_1,1847,0.4025026559829712,537.013427734375,456.2167053222656,0.4729546308517456,600.9424438476562,455.76483154296875,0.7062458395957947,625.4554443359375,408.52984619140625,0.7450913786888123
track_0,1848,0.41335898637771606,,,0.0,639.9016723632812,504.1902160644531,0.8126534223556519,660.5325927734375,604.753173828125,0.5135987997055054
track_1,1848,0.40914374589920044,669.3761596679688,468.7986755371094,0.6008641123771667,600.8741455078125,455.581787109375,0.7156587839126587,628.8258666992188,408.5760192871094,0.7458704710006714
track_0,1849,0.40540748834609985,,,0.0,639.9422607421875,504.1839904785156,0.8112548589706421,660.3677368164062,604.832763671875,0.5222423672676086
track_1,1849,0.4128687381744385,669.3995361328125,468.7305603027344,0.6121534705162048,600.749267578125,455.5064697265625,0.7213536500930786,625.2964477539062,408.3197021484375,0.744999885559082
track_0,1850,0.3892791271209717,664.3760986328125,456.9131164550781,0.32560738921165466,640.4530029296875,512.2942504882812,0.7918294072151184,657.0501098632812,612.4697875976562,0.8237490057945251
track_1,1850,0.4019266963005066,671.8742065429688,465.66546630859375,0.5611239671707153,600.0947875976562,448.63427734375,0.8087632060050964,631.9660034179688,409.134521484375,0.6509411334991455
track_0,1851,0.38772645592689514,,,0.0,640.5072021484375,512.3323974609375,0.7932780385017395,657.192626953125,612.4800415039062,0.8268055319786072
track_1,1851,0.4077085852622986,524.9326171875,449.07232666015625,0.6826305389404297,592.531982421875,448.2018127441406,0.8078625202178955,628.8539428710938,408.559814453125,0.6853402853012085
track_0,1852,0.39237943291664124,,,0.0,640.545166015625,512.3562622070312,0.8033559918403625,660.5599365234375,612.154541015625,0.8340649008750916
track_1,1852,0.4155675768852234,523.720458984375,447.9217224121094,0.8327604532241821,592.3040161132812,448.0252685546875,0.800126314163208,628.7115478515625,408.46551513671875,0.6856451630592346
track_0,1853,0.3941866457462311,,,0.0,640.837158203125,520.3340454101562,0.8336727023124695,660.82763671875,612.4100341796875,0.909084677696228
track_1,1853,0.4140804708003998,521.0227661132812,448.03155517578125,0.7730416059494019,584.84521484375,447.55230712890625,0.8328678607940674,628.557861328125,408.0368957519531,0.6147890090942383
track_0,1854,0.3958263397216797,,,0.0,640.8700561523438,520.3563842773438,0.8354694247245789,660.893798828125,612.4967651367188,0.9201984405517578
track_1,1854,0.4080299437046051,520.9306640625,451.49749755859375,0.7320411801338196,584.7205810546875,447.3973388671875,0.8220357894897461,628.54345703125,407.96661376953125,0.6159864664077759
track_0,1855,0.3970368206501007,,,0.0,640.8177490234375,520.295166015625,0.8350359797477722,660.8759155273438,612.44580078125,0.9143425226211548
track_1,1855,0.40259721875190735,520.6533203125,455.16094970703125,0.5805832147598267,584.6353149414062,447.4759216308594,0.8205516934394836,628.51220703125,408.05816650390625,0.6059274077415466
track_0,1856,0.39696815609931946,,,0.0,640.7618408203125,520.2266845703125,0.8289786577224731,660.8475952148438,612.4219360351562,0.9191445708274841
track_1,1856,0.39309197664260864,520.5684814453125,455.97344970703125,0.5892931818962097,584.6875,447.49273681640625,0.8085897564888,661.2638549804688,459.17474365234375,0.5858278274536133
track_0,1857,0.3963965177536011,,,0.0,640.5933837890625,520.26611328125,0.8277460336685181,660.680419921875,612.418701171875,0.920596182346344
track_1,1857,0.39343053102493286,520.0125122070312,456.5455627441406,0.6262547969818115,592.138916015625,444.7765197753906,0.7998975515365601,660.660400390625,459.6268310546875,0.7977903485298157
track_0,1858,0.3990294933319092,,,0.0,640.48583984375,520.240478515625,0.828839123249054,660.5557861328125,612.345703125,0.9186978340148926
track_1,1858,0.3923732340335846,520.3423461914062,459.689453125,0.5852683782577515,592.21044921875,444.8953857421875,0.8017074465751648,660.30517578125,457.0108337402344,0.7416521906852722
track_0,1859,0.40224412083625793,,,0.0,640.4387817382812,520.2548828125,0.808888852596283,660.5228271484375,612.5374755859375,0.9329341650009155
track_1,1859,0.39224568009376526,521.1148071289062,460.31207275390625,0.6438263058662415,592.3221435546875,444.90008544921875,0.8006608486175537,657.23681640625,459.74169921875,0.6338922381401062
track_0,1860,0.40071967244148254,,,0.0,640.4890747070312,520.2547607421875,0.7981935143470764,660.645751953125,612.8580932617188,0.9393571615219116
track_1,1860,0.4000758230686188,520.4920043945312,460.98162841796875,0.678956151008606,599.9638671875,445.22503662109375,0.7289364337921143,653.0267944335938,457.2965087890625,0.5684646368026733
track_0,1861,0.3986467123031616,,,0.0,640.5662231445312,520.2791137695312,0.7843914031982422,660.6838989257812,612.952880859375,0.9346848726272583
track_1,1861,0.41345176100730896,520.8050537109375,464.28857421875,0.6921409368515015,600.2032470703125,445.3215026855469,0.7322133183479309,653.0509033203125,460.31634521484375,0.5810820460319519
track_0,1862,0.39736494421958923,,,0.0,640.44482421875,520.3740234375,0.7846311926841736,660.614013671875,613.0274658203125,0.9420180320739746
track_1,1862,0.4142095446586609,524.103759765625,464.71728515625,0.7835124135017395,600.3103637695312,445.4105224609375,0.7330727577209473,653.0489501953125,460.64337158203125,0.6681541204452515
track_0,1863,0.39692410826683044,,,0.0,640.2391357421875,520.522216796875,0.7914596199989319,660.329345703125,613.0928955078125,0.9364445805549622
track_1,1863,0.40273183584213257,524.4390869140625,468.59930419921875,0.8243239521980286,600.4102172851562,445.4876708984375,0.7325558066368103,656.370849609375,461.2394104003906,0.7532497048377991
track_0,1864,0.39402928948402405,,,0.0,640.0272216796875,520.5706176757812,0.7998979687690735,660.106201171875,613.0992431640625,0.9492852091789246
track_1,1864,0.4000278413295746,524.6735229492188,468.82843017578125,0.8386223912239075,600.47998046875,445.51947021484375,0.7345378398895264,656.4640502929688,461.4158935546875,0.7918170094490051
track_0,1865,0.388456791639328,,,0.0,639.7047729492188,520.6580810546875,0.807755172252655,659.6889038085938,613.1251220703125,0.9454206824302673
track_1,1865,0.3924339711666107,524.2059326171875,465.72625732421875,0.8028876781463623,607.8966064453125,445.878662109375,0.6434099078178406,655.922119140625,461.90826416015625,0.7898151278495789
track_0,1866,0.3827561140060425,,,0.0,639.5848999023438,520.7389526367188,0.8071596622467041,659.5750732421875,613.2890625,0.9481199979782104
track_1,1866,0.39415284991264343,524.302734375,465.6401062011719,0.8113805055618286,607.9260864257812,448.9002685546875,0.645638644695282,656.4542846679688,465.33349609375,0.7933186888694763
track_0,1867,0.3728275001049042,,,0.0,633.0672607421875,520.2813720703125,0.7812729477882385,660.7704467773438,612.76611328125,0.959395170211792
track_1,1867,0.40349119901657104,524.4237060546875,465.74481201171875,0.8073185682296753,608.0673217773438,445.8634033203125,0.6660782694816589,656.774169921875,465.4017639160156,0.7504649758338928
track_0,1868,0.3670600354671478,652.8587036132812,452.61871337890625,0.25238412618637085,633.0428466796875,520.339599609375,0.780835747718811,660.712646484375,612.810791015625,0.9715924859046936
track_1,1868,0.39835673570632935,527.882568359375,464.6177978515625,0.7554283142089844,615.8567504882812,452.9957275390625,0.6093659996986389,660.060302734375,468.12847900390625,0.7525182366371155
track_0,1869,0.36607712507247925,649.6541137695312,456.55535888671875,0.7363012433052063,633.142333984375,528.1013793945312,0.7971640825271606,657.5369873046875,615.5910034179688,0.9195310473442078
track_1,1869,0.4026334583759308,524.4497680664062,468.83660888671875,0.8013463020324707,608.1426391601562,445.86309814453125,0.6943894028663635,660.120849609375,469.1460876464844,0.6983171105384827
track_0,1870,0.3686429560184479,649.6077880859375,456.5496520996094,0.741395890712738,633.1717529296875,528.1507568359375,0.8003121018409729,657.6676025390625,615.75537109375,0.9429172277450562
track_1,1870,0.40385422110557556,524.4051513671875,468.82147216796875,0.8030629754066467,608.0839233398438,445.85479736328125,0.6816340684890747,659.8885498046875,468.96405029296875,0.7301169037818909
track_0,1871,0.37399911880493164,,,0.0,639.5213623046875,520.8107299804688,0.8077920079231262,659.486328125,613.3525390625,0.9447953104972839
track_1,1871,0.3920941948890686,524.3793334960938,468.82940673828125,0.8013257384300232,607.9879150390625,448.9232177734375,0.6757851839065552,660.0361328125,468.6474609375,0.7346146702766418
track_0,1872,0.37607523798942566,,,0.0,639.6680908203125,520.78271484375,0.8091925382614136,659.6844482421875,613.3753662109375,0.9428451061248779
track_1,1872,0.3890276551246643,524.3583374023438,468.82659912109375,0.8018167018890381,608.005859375,448.9104919433594,0.69032883644104,660.1934204101562,468.75408935546875,0.7226794362068176
track_0,1873,0.37625718116760254,,,0.0,639.951171875,520.6550903320312,0.8064327836036682,659.913818359375,613.3209228515625,0.9395458698272705
track_1,1873,0.3971165418624878,524.4158935546875,469.30889892578125,0.8035918474197388,608.0111694335938,448.94903564453125,0.7054747939109802,660.1566162109375,468.86724853515625,0.7234825491905212
track_0,1874,0.380542129278183,,,0.0,640.1785888671875,520.6167602539062,0.8022682070732117,660.1929321289062,613.281005859375,0.9432957768440247
track_1,1874,0.39865002036094666,524.8330078125,472.6929016113281,0.8467962741851807,600.4081420898438,448.50518798828125,0.7650341391563416,660.8109741210938,468.9595947265625,0.7707036733627319
track_0,1875,0.38407987356185913,,,0.0,640.385986328125,520.574951171875,0.8011936545372009,660.4441528320312,613.2049560546875,0.9380505084991455
track_1,1875,0.3992766737937927,524.79541015625,472.6744384765625,0.8513807654380798,600.3472290039062,445.5019836425781,0.7677698731422424,660.999755859375,469.0570068359375,0.7525533437728882
track_0,1876,0.3900592625141144,,,0.0,640.6177978515625,520.4578247070312,0.7978524565696716,660.7100830078125,613.0711669921875,0.9390836954116821
track_1,1876,0.39657312631607056,524.7739868164062,472.46307373046875,0.8316171765327454,600.3017578125,445.4505310058594,0.7693024277687073,661.2730712890625,468.83837890625,0.7350655794143677
track_0,1877,0.3921700119972229,,,0.0,640.6751098632812,520.4320068359375,0.7940850257873535,660.7603149414062,613.0272827148438,0.9389371275901794
track_1,1877,0.3917602002620697,524.7568359375,472.28741455078125,0.8161658048629761,600.2544555664062,445.33526611328125,0.7739490866661072,664.2455444335938,468.7154541015625,0.713223397731781
track_0,1878,0.39268550276756287,,,0.0,640.68017578125,520.38623046875,0.8042532205581665,660.7605590820312,612.8949584960938,0.9424453377723694
track_1,1878,0.387535035610199,524.807861328125,469.4608459472656,0.8086345195770264,600.2164306640625,445.3538818359375,0.7877172827720642,664.721923828125,468.70709228515625,0.6478068828582764
track_0,1879,0.3922335207462311,656.4196166992188,452.5975341796875,0.21320968866348267,640.6237182617188,520.4155883789062,0.8073627352714539,660.6367797851562,612.8821411132812,0.9416641592979431
track_1,1879,0.3850459158420563,524.8189697265625,469.454345703125,0.8035339713096619,600.2161865234375,445.3408203125,0.7956476807594299,664.9112548828125,469.006591796875,0.576595664024353
track_0,1880,0.3918313682079315,,,0.0,640.5945434570312,520.4215087890625,0.8117420077323914,660.5606689453125,612.8900756835938,0.9363775253295898
track_1,1880,0.3891506791114807,524.7832641601562,472.1221923828125,0.7936927080154419,600.167724609375,448.25439453125,0.7988049983978271,628.7132568359375,405.32989501953125,0.5533575415611267
track_0,1881,0.3916631042957306,,,0.0,640.5458984375,520.4515380859375,0.8133582472801208,660.5061645507812,612.9073486328125,0.9362047910690308
track_1,1881,0.38705217838287354,524.7672119140625,472.169921875,0.7919083833694458,600.1366577148438,448.2648620605469,0.8028979301452637,628.6842041015625,405.3785400390625,0.5541913509368896
track_0,1882,0.394828200340271,,,0.0,640.5701904296875,520.4464111328125,0.8104271292686462,660.54345703125,612.8308715820312,0.9326990246772766
track_1,1882,0.3858184814453125,524.7349243164062,472.21368408203125,0.7891599535942078,600.0656127929688,448.26336669921875,0.8011982440948486,628.6368408203125,405.412841796875,0.5537867546081543
track_0,1883,0.39573827385902405,,,0.0,640.56689453125,520.4779663085938,0.8150518536567688,660.6497192382812,612.8950805664062,0.9332234263420105
track_1,1883,0.3816363513469696,524.73388671875,472.311279296875,0.7894124984741211,600.0328979492188,448.2771911621094,0.8029322028160095,628.6044921875,405.42877197265625,0.5603651404380798
track_0,1884,0.39345669746398926,,,0.0,640.4616088867188,520.5322265625,0.8170188665390015,660.6151733398438,612.991943359375,0.9347876906394958
track_1,1884,0.37884196639060974,524.7529907226562,472.40692138671875,0.7907052040100098,600.0291137695312,448.28070068359375,0.8030970692634583,628.6090698242188,405.46307373046875,0.5653952956199646
track_0,1885,0.39005178213119507,,,0.0,640.3878173828125,520.5222778320312,0.819825291633606,660.487060546875,613.043212890625,0.9337132573127747
track_1,1885,0.3789474368095398,524.7666015625,472.4758605957031,0.7943691611289978,600.0889892578125,448.312255859375,0.8025376200675964,628.6710815429688,405.4601135253906,0.5622517466545105
track_0,1886,0.3888053297996521,,,0.0,640.2885131835938,520.4627685546875,0.8238309621810913,660.2916259765625,613.0489501953125,0.9320706725120544
track_1,1886,0.38064903020858765,524.802490234375,472.57928466796875,0.801146388053894,600.1656494140625,448.391845703125,0.7991102933883667,628.7406616210938,405.5105895996094,0.5599299073219299
track_0,1887,0.39007002115249634,,,0.0,640.0839233398438,520.421142578125,0.8359688520431519,660.1771240234375,612.9239501953125,0.933194637298584
track_1,1887,0.37443462014198303,524.874755859375,472.64141845703125,0.8085817694664001,600.1102905273438,448.3990478515625,0.7862762808799744,661.2474365234375,468.5938720703125,0.6787404417991638
track_0,1888,0.389816015958786,,,0.0,639.877197265625,520.4085083007812,0.8540681004524231,659.9136962890625,612.8189697265625,0.9291833639144897
track_1,1888,0.3728347718715668,527.8904418945312,472.6361083984375,0.8087271451950073,600.09423828125,448.48712158203125,0.7877222895622253,660.9498901367188,468.4464416503906,0.7278750538825989
track_0,1889,0.3933825194835663,535.44384765625,473.1392822265625,0.2816934883594513,639.5674438476562,512.5748901367188,0.8814123868942261,659.5760498046875,612.5467529296875,0.9152135252952576
track_1,1889,0.36423495411872864,528.8177490234375,472.59503173828125,0.748636782169342,592.6555786132812,448.58966064453125,0.8377061486244202,628.8106689453125,405.6956481933594,0.7380902171134949
track_0,1890,0.3982307016849518,535.5332641601562,473.1533203125,0.25127193331718445,639.54296875,512.6341552734375,0.8977457880973816,659.5853271484375,612.5272216796875,0.9170687794685364
track_1,1890,0.3597366511821747,528.7321166992188,472.64208984375,0.7175580263137817,592.4105224609375,448.78973388671875,0.834087073802948,628.4812622070312,405.7437438964844,0.7671968340873718
track_0,1891,0.3979244530200958,,,0.0,633.128662109375,512.35498046875,0.83516925573349,657.5322875976562,612.1605224609375,0.8828520774841309
track_1,1891,0.36501532793045044,528.7945556640625,472.6802978515625,0.6860620975494385,592.450439453125,448.9580993652344,0.8588111400604248,628.4315185546875,405.7502136230469,0.7709418535232544
track_0,1892,0.39739760756492615,532.6715087890625,473.21575927734375,0.6428102850914001,632.6513061523438,504.466064453125,0.8527014851570129,660.9457397460938,604.76806640625,0.6304383873939514
track_1,1892,0.38158005475997925,524.6414794921875,471.6876220703125,0.7680235505104065,600.4049072265625,452.6448059082031,0.702783465385437,624.666015625,407.71038818359375,0.7660004496574402
track_0,1893,0.4014717638492584,532.534912109375,473.2282409667969,0.6149359345436096,632.5720825195312,504.44677734375,0.8755496144294739,660.664794921875,604.7471313476562,0.640781819820404
track_1,1893,0.39807984232902527,524.6652221679688,468.9844970703125,0.7671073079109192,600.37548828125,452.8760986328125,0.7162037491798401,624.630859375,407.7614440917969,0.7850741744041443
track_0,1894,0.4071102440357208,532.4662475585938,473.2311096191406,0.6136338710784912,632.5726928710938,504.32391357421875,0.8732035756111145,660.5773315429688,604.6480712890625,0.6301385164260864
track_1,1894,0.41002729535102844,524.6712646484375,469.0435485839844,0.7700121402740479,600.3945922851562,453.0611572265625,0.7070297002792358,624.67724609375,407.8292541503906,0.8166570067405701
track_0,1895,0.4106821119785309,532.3466796875,472.1039733886719,0.8354722261428833,632.4749145507812,496.5896301269531,0.8667336702346802,660.275390625,461.46319580078125,0.5462539792060852
track_1,1895,0.4087147116661072,524.6834716796875,469.05487060546875,0.7711571455001831,600.3978271484375,453.0992736816406,0.7005922794342041,624.6705322265625,407.8170166015625,0.8233163952827454
track_0,1896,0.4113212823867798,532.3759765625,472.0970458984375,0.8376667499542236,632.5245361328125,496.57666015625,0.8664185404777527,660.7738647460938,461.2532043457031,0.5368263125419617
track_1,1896,0.41042986512184143,524.703369140625,469.0541687011719,0.7728930711746216,600.4432983398438,455.9797668457031,0.7035120725631714,624.73388671875,407.8122253417969,0.8284248113632202
track_0,1897,0.4133884608745575,532.47119140625,472.3189697265625,0.8503910899162292,632.5584106445312,496.5484619140625,0.8616016507148743,664.4041137695312,461.107177734375,0.44964349269866943
track_1,1897,0.4123215079307556,524.6808471679688,472.1364440917969,0.7634223699569702,600.3892822265625,455.9888000488281,0.7045516967773438,624.7356567382812,407.8067626953125,0.8325211405754089
track_0,1898,0.4170871376991272,532.3927001953125,472.4039306640625,0.855422854423523,632.5380249023438,496.37310791015625,0.8523938655853271,664.7425537109375,463.806640625,0.34586015343666077
track_1,1898,0.42399436235427856,524.8060302734375,472.38433837890625,0.7607114911079407,600.5235595703125,456.00579833984375,0.7047829627990723,624.8960571289062,407.82965087890625,0.8441945910453796
track_0,1899,0.4152128994464874,532.451904296875,472.388671875,0.8504235148429871,632.625732421875,496.3244934082031,0.8491223454475403,608.6947631835938,408.1195983886719,0.2941339313983917
track_1,1899,0.4281209707260132,524.8079833984375,472.3846740722656,0.7621240615844727,600.530029296875,455.9573974609375,0.7059609889984131,625.0011596679688,407.87518310546875,0.8439873456954956
track_0,1900,0.4152038097381592,532.5383911132812,472.20135498046875,0.8436555862426758,632.7264404296875,496.3600158691406,0.8477519750595093,608.67431640625,408.1695556640625,0.30072298645973206
track_1,1900,0.42405611276626587,524.7529296875,472.044189453125,0.7612671852111816,600.514404296875,455.9072570800781,0.7003085017204285,624.9737548828125,407.8516845703125,0.8434798121452332
track_0,1901,0.4119062125682831,532.5419311523438,472.0775451660156,0.8405885696411133,632.7422485351562,496.4534606933594,0.8409867286682129,608.7413940429688,408.2972717285156,0.32868146896362305
track_1,1901,0.41807126998901367,524.6427001953125,468.9942626953125,0.7709981203079224,600.430908203125,455.89666748046875,0.698914110660553,624.8026123046875,407.7064514160156,0.8503901362419128
track_0,1902,0.41257378458976746,532.483154296875,471.89202880859375,0.8295307159423828,632.7635498046875,496.4560546875,0.8442465662956238,608.6973876953125,408.39276123046875,0.35150232911109924
track_1,1902,0.41486817598342896,524.63427734375,468.8268127441406,0.7933251261711121,600.4168701171875,455.885009765625,0.6971753835678101,624.7666015625,405.00738525390625,0.8472089767456055
track_0,1903,0.41188284754753113,535.477783203125,472.5691833496094,0.7624821066856384,639.991455078125,504.500244140625,0.9083170890808105,656.355224609375,607.9141235351562,0.625994086265564
track_1,1903,0.40856096148490906,524.6326904296875,468.8174743652344,0.7893242239952087,600.3359375,455.7921142578125,0.6985053420066833,624.7633666992188,407.64495849609375,0.8496474623680115
track_0,1904,0.41791096329689026,535.6841430664062,472.5882873535156,0.7560689449310303,640.2330322265625,504.503662109375,0.9023658633232117,656.6256713867188,607.935546875,0.611539363861084
track_1,1904,0.41015002131462097,524.5979614257812,468.82684326171875,0.7883676290512085,600.1898193359375,452.8332214355469,0.6974760293960571,624.7852783203125,407.69573974609375,0.8540005683898926
track_0,1905,0.4167788624763489,535.7409057617188,472.5854797363281,0.7514880299568176,640.3248901367188,504.5133361816406,0.893033504486084,656.713623046875,607.9321899414062,0.5698351263999939
track_1,1905,0.4106763005256653,524.62158203125,468.7732238769531,0.790095865726471,600.2025756835938,452.738037109375,0.6988465785980225,624.8656616210938,407.7161865234375,0.8473731279373169
track_0,1906,0.4164639711380005,668.642578125,456.4591064453125,0.7653643488883972,640.373779296875,504.4784851074219,0.891475260257721,656.7723999023438,607.8885498046875,0.5650702714920044
track_1,1906,0.411720335483551,524.6524658203125,468.6949768066406,0.79288250207901,600.2880249023438,452.682373046875,0.708179771900177,628.1779174804688,407.7778015136719,0.8396989107131958
track_0,1907,0.4171660244464874,672.3968505859375,456.13836669921875,0.783932626247406,640.4334716796875,504.4176025390625,0.8932121396064758,656.8665771484375,607.8331298828125,0.5859619379043579
track_1,1907,0.4124222993850708,524.6875610351562,468.6580810546875,0.7928282022476196,600.4201049804688,452.6503601074219,0.7290970683097839,628.3544311523438,407.8376770019531,0.8350457549095154
track_0,1908,0.41668400168418884,672.1759033203125,456.2517395019531,0.7855159640312195,640.5350952148438,504.4354553222656,0.8892999887466431,656.9344482421875,607.8836059570312,0.5956795811653137
track_1,1908,0.4123944938182831,524.693603515625,468.60357666015625,0.7938506007194519,600.4329833984375,452.5918884277344,0.7312892079353333,628.4244995117188,407.82476806640625,0.8379111886024475
track_0,1909,0.4180542528629303,669.1565551757812,456.70672607421875,0.7272068858146667,640.61181640625,504.5083312988281,0.8807078003883362,660.4945678710938,605.2139892578125,0.5917962789535522
track_1,1909,0.4126998484134674,524.6568603515625,468.58734130859375,0.7852522134780884,600.35009765625,452.57305908203125,0.7203590869903564,628.326416015625,407.77972412109375,0.8375874161720276
track_0,1910,0.41790714859962463,533.5576782226562,472.56451416015625,0.7302096486091614,640.718017578125,504.59259033203125,0.878760814666748,660.67626953125,605.2284545898438,0.5935136675834656
track_1,1910,0.4092300832271576,524.6677856445312,468.5806884765625,0.7895328998565674,600.3136596679688,452.5235595703125,0.7111375331878662,628.2474365234375,407.6735534667969,0.8395397067070007
track_0,1911,0.417889803647995,533.592041015625,472.52947998046875,0.7282775640487671,640.736083984375,504.5833740234375,0.8837241530418396,660.723388671875,605.1751708984375,0.5940990447998047
track_1,1911,0.406632661819458,524.685302734375,468.5743408203125,0.7892307043075562,600.2938232421875,452.5227966308594,0.7047355771064758,624.9970703125,407.57183837890625,0.8366037011146545
track_0,1912,0.41884592175483704,669.177734375,456.2878112792969,0.7319132685661316,640.7459106445312,504.54510498046875,0.8878269791603088,660.72021484375,605.1242065429688,0.5916065573692322
track_1,1912,0.40819069743156433,524.7115478515625,468.560546875,0.7915058732032776,600.3552856445312,452.51971435546875,0.7132123112678528,628.29736328125,407.6292419433594,0.8420655131340027
track_0,1913,0.418241024017334,669.3853759765625,456.17803955078125,0.743435263633728,640.7179565429688,504.52520751953125,0.8866843581199646,660.691650390625,605.12841796875,0.5990309119224548
track_1,1913,0.4103827178478241,524.7385864257812,468.56158447265625,0.7888500690460205,600.3777465820312,452.50189208984375,0.7203691005706787,628.356689453125,407.65850830078125,0.8446040153503418
track_0,1914,0.419494092464447,533.6657104492188,472.5307312011719,0.7292835712432861,640.7953491210938,504.49017333984375,0.884340226650238,660.7623291015625,605.0731201171875,0.6136686205863953
track_1,1914,0.4100147783756256,524.7539672851562,468.5667724609375,0.7855799198150635,600.3947143554688,452.4917907714844,0.7208790183067322,628.3678588867188,407.6533203125,0.8409525752067566
track_0,1915,0.4182983934879303,536.2647094726562,472.47833251953125,0.7226784825325012,640.8580932617188,504.56170654296875,0.88185054063797,660.8441772460938,605.099853515625,0.6084290146827698
track_1,1915,0.4062468111515045,524.7222290039062,471.28179931640625,0.7833276391029358,600.3092041015625,452.47332763671875,0.7065702080726624,628.2140502929688,407.5639343261719,0.8356833457946777
track_0,1916,0.41559237241744995,536.263916015625,472.4970397949219,0.7314761281013489,640.8751220703125,504.6495361328125,0.8810834884643555,660.8606567382812,605.1664428710938,0.6084967255592346
track_1,1916,0.401045024394989,524.7010498046875,471.2752685546875,0.7861346006393433,600.1891479492188,452.4510498046875,0.6983933448791504,624.8184814453125,407.4253234863281,0.8321154713630676
track_0,1917,0.4074653387069702,668.5181884765625,456.3934020996094,0.658650279045105,641.1021118164062,512.3944702148438,0.8514434099197388,657.2896118164062,612.27734375,0.9130746722221375
track_1,1917,0.39780065417289734,528.9912719726562,472.35125732421875,0.6380787491798401,592.755126953125,448.686767578125,0.92442387342453,628.8998413085938,405.52288818359375,0.7788378596305847
track_0,1918,0.40384215116500854,666.0712890625,460.01800537109375,0.5356529355049133,641.0582885742188,512.5152587890625,0.842235803604126,657.2332763671875,612.381103515625,0.908172070980072
track_1,1918,0.3962937891483307,528.9935302734375,472.296142578125,0.6284058094024658,592.6575317382812,448.6124572753906,0.920455276966095,628.8229370117188,405.4801330566406,0.7838292717933655
track_0,1919,0.4011910557746887,665.9686889648438,457.1775207519531,0.535311222076416,640.978515625,512.53076171875,0.8437049984931946,657.2982177734375,612.3980712890625,0.9243811964988708
track_1,1919,0.3955528140068054,529.1104736328125,472.3085021972656,0.6106281280517578,592.6488037109375,448.6354064941406,0.9182984232902527,628.7874755859375,405.4779052734375,0.782004714012146
track_0,1920,0.4022334814071655,668.363037109375,456.56903076171875,0.6446130871772766,640.9195556640625,512.5040893554688,0.8500361442565918,657.2930297851562,612.3739013671875,0.9244759678840637
track_1,1920,0.3932933807373047,529.2031860351562,472.3229675292969,0.5922742486000061,592.6547241210938,448.6778869628906,0.917306661605835,628.7654418945312,405.4678649902344,0.7821642160415649
track_0,1921,0.4021915793418884,668.2757568359375,456.60101318359375,0.6447557806968689,640.9033203125,512.532470703125,0.8482147455215454,657.290283203125,612.3768920898438,0.9273107051849365
track_1,1921,0.392610639333725,529.279541015625,472.32415771484375,0.5925414562225342,592.6670532226562,448.6971435546875,0.9159542918205261,628.771484375,405.47705078125,0.7812899351119995
track_0,1922,0.39438900351524353,665.6583251953125,460.68603515625,0.3942093551158905,640.9884033203125,512.6036376953125,0.8100261092185974,657.2484130859375,612.4883422851562,0.9099406003952026
track_1,1922,0.3954539895057678,527.8490600585938,472.4048767089844,0.7531918287277222,599.875732421875,448.677978515625,0.851861298084259,628.5343017578125,405.5894775390625,0.6724110245704651
track_0,1923,0.38998839259147644,,,0.0,640.9329833984375,512.6742553710938,0.8055172562599182,657.2037963867188,612.5657348632812,0.9108573794364929
track_1,1923,0.3929075002670288,527.8865356445312,472.35595703125,0.7626293897628784,599.9076538085938,448.5808410644531,0.834481418132782,628.562744140625,405.530517578125,0.6631853580474854
track_0,1924,0.3876991868019104,588.4384155273438,476.23883056640625,0.20550012588500977,640.701171875,512.5781860351562,0.8192964196205139,657.050537109375,612.5582885742188,0.911787211894989
track_1,1924,0.3860287070274353,527.9979248046875,472.3440246582031,0.7774145603179932,600.1343383789062,448.5711975097656,0.8310010433197021,628.703857421875,405.45489501953125,0.6303912401199341
track_0,1925,0.38772493600845337,,,0.0,640.3271484375,512.4754028320312,0.8349345326423645,656.6337280273438,612.4545288085938,0.9172231554985046
track_1,1925,0.3792003393173218,528.073486328125,472.40496826171875,0.7909975647926331,600.234619140625,448.5692443847656,0.8208110928535461,628.76953125,405.52813720703125,0.6258049607276917
track_0,1926,0.38486242294311523,,,0.0,640.2560424804688,512.4251708984375,0.8382586240768433,656.4723510742188,612.4757080078125,0.9160043597221375
track_1,1926,0.3876592814922333,528.1156005859375,472.4482727050781,0.7949507236480713,600.4172973632812,448.698974609375,0.8282506465911865,628.9615478515625,405.553955078125,0.5819388628005981
track_0,1927,0.3710395395755768,,,0.0,640.1260986328125,512.6226196289062,0.8130025267601013,656.1771240234375,612.612060546875,0.8967693448066711
track_1,1927,0.3966154456138611,528.3257446289062,472.39990234375,0.793735921382904,600.5841064453125,448.6128845214844,0.8324357867240906,629.136962890625,405.4859924316406,0.5430448651313782
track_0,1928,0.368079274892807,535.7020263671875,464.7775573730469,0.8299391865730286,631.9686279296875,472.04510498046875,0.7800694704055786,672.4696044921875,468.89801025390625,0.6803504228591919
track_1,1928,0.3862922787666321,528.6492309570312,472.4161376953125,0.7457603216171265,600.5384521484375,448.55181884765625,0.8424795269966125,629.0465087890625,405.49420166015625,0.5834202766418457
track_0,1929,0.3701227307319641,535.9039916992188,464.74578857421875,0.8269906044006348,631.958740234375,471.99847412109375,0.7770305871963501,672.4129028320312,468.20562744140625,0.6928924322128296
track_1,1929,0.383385568857193,528.9757690429688,472.42156982421875,0.7186492085456848,600.6026000976562,448.51959228515625,0.8567713499069214,629.0624389648438,405.4580383300781,0.5762748718261719
track_0,1930,0.3733346462249756,536.2691650390625,464.48944091796875,0.8357649445533752,631.8152465820312,472.05419921875,0.7724640965461731,672.0919799804688,467.9777526855469,0.676919162273407
track_1,1930,0.3887338638305664,673.051025390625,469.1741943359375,0.6406025290489197,600.6345825195312,448.513427734375,0.8525285124778748,629.0723876953125,405.54217529296875,0.5603877902030945
track_0,1931,0.3580024838447571,660.7872314453125,459.9306640625,0.4918055832386017,633.2305297851562,520.3652954101562,0.7384475469589233,657.137939453125,612.55517578125,0.9589780569076538
track_1,1931,0.40657728910446167,676.531005859375,472.70147705078125,0.5381194353103638,607.9454345703125,448.5766906738281,0.7874711751937866,624.69873046875,405.3452453613281,0.41356295347213745
track_0,1932,0.35253700613975525,,,0.0,639.4193725585938,520.373046875,0.8385977149009705,655.6947021484375,613.0907592773438,0.9100746512413025
track_1,1932,0.4331866204738617,548.5570068359375,412.724609375,0.7639160752296448,608.2838745117188,448.5576171875,0.8105809688568115,625.02978515625,404.7909240722656,0.3782963156700134
track_0,1933,0.35774388909339905,557.990234375,471.903564453125,0.22524863481521606,633.2029418945312,520.1640014648438,0.7676176428794861,657.235107421875,612.6123046875,0.9652527570724487
track_1,1933,0.4265463054180145,548.8087158203125,415.9339294433594,0.8169278502464294,616.2093505859375,455.8343505859375,0.7113373875617981,624.7131958007812,407.6684265136719,0.6516028046607971
track_0,1934,0.36188581585884094,565.242919921875,472.1964416503906,0.2770298421382904,632.9642333984375,520.1259155273438,0.7892454266548157,657.1515502929688,612.5122680664062,0.9747769832611084
track_1,1934,0.4325735867023468,552.4356689453125,413.1026611328125,0.8523807525634766,616.5297241210938,453.1368408203125,0.7128400206565857,668.1920166015625,472.4273986816406,0.6630997061729431
track_0,1935,0.36566174030303955,564.94140625,471.8526611328125,0.33958154916763306,632.875244140625,520.0692138671875,0.7991918325424194,657.0699462890625,612.4876098632812,0.9697861671447754
track_1,1935,0.4247209131717682,556.2163696289062,412.75439453125,0.8261843919754028,616.6061401367188,456.01348876953125,0.7134742736816406,668.34130859375,471.8896179199219,0.6923632025718689
track_0,1936,0.36728325486183167,557.9744873046875,460.5579528808594,0.3796723186969757,632.85009765625,520.0889892578125,0.8077442646026611,657.0607299804688,612.489990234375,0.9669917821884155
track_1,1936,0.4202765226364136,556.0060424804688,416.5563659667969,0.8038979172706604,623.7305908203125,456.7441711425781,0.7932266592979431,667.795166015625,469.30084228515625,0.6038401126861572
track_0,1937,0.37387198209762573,656.8568725585938,460.0895080566406,0.4603802263736725,633.0081176757812,520.315185546875,0.850628674030304,657.1151733398438,612.5241088867188,0.9674287438392639
track_1,1937,0.396357923746109,560.3230590820312,416.21466064453125,0.7243284583091736,624.4461669921875,463.825439453125,0.7683264017105103,668.1973876953125,468.74212646484375,0.5976285934448242
track_0,1938,0.37522557377815247,561.7024536132812,460.61944580078125,0.3559841811656952,633.019287109375,520.1884765625,0.8175510764122009,657.1578979492188,612.48974609375,0.9637644290924072
track_1,1938,0.4045346677303314,560.6626586914062,416.3883056640625,0.7258286476135254,624.381103515625,460.8594665527344,0.7346991300582886,668.9458618164062,472.24224853515625,0.6758001446723938
track_0,1939,0.37383145093917847,561.8812255859375,460.528076171875,0.39931395649909973,633.1127319335938,520.2462158203125,0.8115531802177429,657.260498046875,612.5193481445312,0.9646274447441101
track_1,1939,0.3989996016025543,567.7097778320312,419.797607421875,0.5342942476272583,632.02001953125,468.7159729003906,0.800033688545227,672.354736328125,472.415771484375,0.7020546793937683
track_0,1940,0.37458789348602295,567.99169921875,471.767822265625,0.3226223886013031,639.5198974609375,520.327392578125,0.8745036125183105,655.861328125,612.9090576171875,0.9246329069137573
track_1,1940,0.3970275819301605,557.3269653320312,460.3774719238281,0.376038521528244,632.3864135742188,468.6355895996094,0.7929400205612183,673.03857421875,472.49395751953125,0.765775203704834
track_0,1941,0.37847933173179626,565.0654296875,464.23504638671875,0.44956597685813904,633.223876953125,520.3071899414062,0.7924530506134033,657.4232788085938,612.5601806640625,0.9670644998550415
track_1,1941,0.3924211263656616,560.4786376953125,465.3750305175781,0.2955246567726135,632.1148071289062,461.5881652832031,0.8005161881446838,676.1889038085938,473.0582580566406,0.6770467162132263
track_0,1942,0.3858274817466736,565.111572265625,464.2707824707031,0.48933330178260803,633.1751708984375,520.2489013671875,0.7947604060173035,657.390625,612.5671997070312,0.9638856053352356
track_1,1942,0.38970038294792175,560.5177612304688,460.61566162109375,0.33951541781425476,632.736572265625,471.9121398925781,0.7816898822784424,673.3722534179688,472.25201416015625,0.7799786925315857
track_0,1943,0.3904682993888855,567.7623901367188,472.3077087402344,0.40670356154441833,639.7046508789062,512.820556640625,0.8278634548187256,655.9270629882812,612.6011962890625,0.9118808507919312
track_1,1943,0.39428550004959106,560.9619140625,457.2113037109375,0.37687116861343384,632.5382080078125,469.01116943359375,0.7963529229164124,672.599365234375,473.14263916015625,0.704224705696106
track_0,1944,0.39494943618774414,567.9568481445312,472.12542724609375,0.38850080966949463,639.6763916015625,512.7625732421875,0.8291752934455872,655.9285888671875,612.5886840820312,0.9080026745796204
track_1,1944,0.40031835436820984,563.7061767578125,460.53546142578125,0.3277078866958618,632.3345947265625,469.1280822753906,0.8001201748847961,672.2408447265625,475.95361328125,0.6108324527740479
track_0,1945,0.3919616639614105,568.0277099609375,468.9043273925781,0.3258322775363922,639.6805419921875,512.7479248046875,0.8310465812683105,655.9173583984375,612.6173095703125,0.9090559482574463
track_1,1945,0.4080970883369446,564.4320068359375,461.0401611328125,0.3143901824951172,632.4010009765625,469.11688232421875,0.8019044995307922,672.5672607421875,476.65966796875,0.6644616723060608
track_0,1946,0.4015514850616455,580.839599609375,444.36572265625,0.47887036204338074,633.1672973632812,520.346923828125,0.7969928979873657,657.3619384765625,612.55712890625,0.9595968723297119
track_1,1946,0.4001542925834656,565.037353515625,461.0242919921875,0.3803163170814514,632.71630859375,469.2429504394531,0.7956883907318115,672.8754272460938,476.1746826171875,0.6696491837501526
track_0,1947,0.404365211725235,580.9461669921875,444.21136474609375,0.5118763446807861,633.2116088867188,520.3499755859375,0.7979694604873657,657.4456176757812,612.5987548828125,0.9634217619895935
track_1,1947,0.40322786569595337,564.261962890625,464.58074951171875,0.6551814079284668,639.7725830078125,480.525390625,0.8386297225952148,672.0169067382812,473.19573974609375,0.44623103737831116
track_0,1948,0.4105207622051239,581.31494140625,444.1181640625,0.4133424162864685,633.2081909179688,520.3684692382812,0.8006739020347595,657.4803466796875,612.6099243164062,0.9624540209770203
track_1,1948,0.4020238220691681,567.5104370117188,464.5531005859375,0.6518219113349915,639.909423828125,488.6838684082031,0.8580533266067505,667.8085327148438,472.062255859375,0.3620363771915436
track_0,1949,0.4213687777519226,564.932373046875,468.74383544921875,0.35925886034965515,640.0285034179688,512.8201904296875,0.8305791020393372,656.3275756835938,612.625,0.9087076187133789
track_0,1950,0.4195142090320587,587.7348022460938,440.434814453125,0.40749385952949524,640.1163330078125,512.8275756835938,0.8020689487457275,656.4297485351562,612.5703125,0.9137281179428101
track_1,1950,0.4194094240665436,564.9779052734375,464.8558044433594,0.6798915266990662,640.4215087890625,488.5721435546875,0.8552054762840271,675.8914794921875,476.397216796875,0.5283219218254089
track_0,1951,0.4187150001525879,587.79541015625,440.2028503417969,0.5650768876075745,640.1600341796875,512.8781127929688,0.7969803810119629,656.5345458984375,612.5350952148438,0.9163038730621338
track_1,1951,0.4202592670917511,565.0020751953125,464.814208984375,0.6686710715293884,640.5609741210938,488.5654602050781,0.8479058742523193,676.2109985351562,476.0179443359375,0.55601567029953
track_0,1952,0.4197981655597687,588.1325073242188,437.09088134765625,0.5892859101295471,640.3327026367188,512.883544921875,0.7961190938949585,656.71875,612.4931030273438,0.9116783142089844
track_1,1952,0.4171527326107025,565.1474609375,464.83306884765625,0.6704267263412476,640.8812866210938,488.6706848144531,0.8246367573738098,676.1688232421875,472.64129638671875,0.5073403120040894
track_0,1953,0.42370519042015076,588.38525390625,436.8959655761719,0.5369130969047546,640.3888549804688,512.8310546875,0.7931135892868042,656.8192138671875,612.408203125,0.906660258769989
track_1,1953,0.4213125705718994,565.14599609375,464.84832763671875,0.6942294239997864,640.8873291015625,488.63372802734375,0.8249387145042419,673.2919921875,472.496337890625,0.5175371170043945
track_0,1954,0.4324442148208618,588.4833984375,436.7872314453125,0.5104251503944397,640.4586181640625,512.83203125,0.8012192249298096,656.890625,612.4017944335938,0.9142594337463379
track_0,1955,0.4279870390892029,588.5302734375,436.5715026855469,0.424515962600708,640.4977416992188,512.7669067382812,0.7988284230232239,656.9315185546875,612.412109375,0.915296733379364
track_1,1955,0.42751866579055786,565.08251953125,464.85980224609375,0.7073026895523071,640.7922973632812,488.5683288574219,0.8565771579742432,676.5681762695312,475.97955322265625,0.5804242491722107
track_0,1956,0.42363211512565613,588.5425415039062,436.4482727050781,0.37223953008651733,640.4474487304688,512.7698974609375,0.8006225824356079,656.8855590820312,612.4110717773438,0.917786717414856
track_1,1956,0.4260689616203308,565.1000366210938,464.8265075683594,0.6854179501533508,640.8296508789062,488.50274658203125,0.8531759977340698,676.8232421875,475.92401123046875,0.5696679353713989
track_0,1957,0.4269634187221527,564.800048828125,468.45263671875,0.4067946970462799,640.4633178710938,512.8147583007812,0.8143442273139954,656.879638671875,612.4195556640625,0.9118559956550598
track_0,1958,0.43101251125335693,564.9656982421875,468.39215087890625,0.43915972113609314,640.4696044921875,512.7779541015625,0.8236467838287354,656.8690185546875,612.3546142578125,0.9094064831733704
track_0,1959,0.44275957345962524,565.2437744140625,468.72454833984375,0.3598356544971466,640.4022216796875,512.7160034179688,0.8305140733718872,656.8683471679688,612.290771484375,0.9088793992996216
track_0,1960,0.4466789662837982,564.9769287109375,468.153076171875,0.5146273374557495,640.5111083984375,504.8420715332031,0.8254130482673645,656.910400390625,608.1549072265625,0.6389257907867432
track_1,1961,0.44660481810569763,564.664794921875,464.475830078125,0.7432681322097778,640.30615234375,488.4277648925781,0.8683558106422424,675.458251953125,475.9046630859375,0.5431500673294067
track_1,1962,0.448386549949646,564.4718627929688,464.30108642578125,0.6732821464538574,640.2138671875,488.4211120605469,0.8639736175537109,672.390380859375,472.6155090332031,0.5483134388923645
track_1,1963,0.4550103545188904,567.4183959960938,464.4541931152344,0.7077118754386902,640.2900390625,488.33856201171875,0.8471589684486389,675.4940185546875,475.89947509765625,0.5244656205177307
track_1,1964,0.45357364416122437,596.5726318359375,408.45831298828125,0.5832832455635071,632.6826782226562,477.18798828125,0.8777624368667603,676.4501953125,480.032958984375,0.742192804813385
track_1,1965,0.4503897428512573,592.0994873046875,405.16204833984375,0.6014609932899475,632.177978515625,477.2195739746094,0.8719688653945923,675.8436889648438,480.6148376464844,0.7180318236351013
track_1,1966,0.4512380361557007,592.6528930664062,404.2961120605469,0.4386674165725708,631.9827270507812,476.9241943359375,0.8412876725196838,675.83837890625,480.82183837890625,0.7529416084289551
track_1,1967,0.4486013650894165,560.3893432617188,420.7593994140625,0.7090707421302795,624.3407592773438,468.8701477050781,0.8161237835884094,676.2536010742188,480.8187255859375,0.7758780717849731
track_1,1968,0.43902894854545593,548.7073974609375,468.6782531738281,0.7905675768852234,632.4647216796875,479.9441223144531,0.8406328558921814,676.2816162109375,476.85394287109375,0.7979903221130371
track_1,1969,0.43411827087402344,552.6075439453125,468.64166259765625,0.7882459759712219,632.6621704101562,480.1397399902344,0.8500971794128418,676.41943359375,476.0074462890625,0.7887950539588928
track_0,1970,0.4359603226184845,559.7862548828125,468.4345703125,0.8343395590782166,639.98291015625,488.5523986816406,0.8264608383178711,667.9688110351562,461.1573486328125,0.7017677426338196
track_0,1971,0.45596569776535034,564.3731689453125,468.5315856933594,0.5319727659225464,632.920166015625,488.2872314453125,0.8573983311653137,668.9852294921875,468.40716552734375,0.7509285807609558
track_0,1972,0.46724051237106323,564.0473022460938,469.025390625,0.5091925263404846,632.6044921875,488.3551025390625,0.8896970152854919,668.4888916015625,469.43585205078125,0.5138093829154968
track_0,1973,0.44899871945381165,564.2108154296875,472.169677734375,0.4793882668018341,632.8807983398438,488.1407470703125,0.8486864566802979,668.7723388671875,472.6858215332031,0.5848817825317383
track_1,1974,0.4384201169013977,564.52099609375,472.8099365234375,0.21792460978031158,632.4043579101562,477.21453857421875,0.8651095032691956,567.7308349609375,421.0659484863281,0.8830538988113403
track_1,1975,0.44423118233680725,564.333251953125,472.66339111328125,0.20397241413593292,632.4730834960938,477.0447998046875,0.8558152914047241,567.9468383789062,420.9638671875,0.8803687691688538
track_1,1976,0.43958166241645813,,,0.0,632.572265625,476.8401794433594,0.8528636693954468,568.4757080078125,420.55780029296875,0.8219314813613892
track_0,1977,0.4245803952217102,567.5086669921875,472.3142395019531,0.5028722882270813,640.300048828125,488.1253967285156,0.8229542970657349,572.5521850585938,424.17230224609375,0.7402224540710449
track_1,1978,0.4202346205711365,,,0.0,640.0860595703125,480.2889709472656,0.8216876983642578,568.1151733398438,424.91741943359375,0.7655346989631653
track_0,1979,0.43032747507095337,563.8707275390625,471.71929931640625,0.20676665008068085,640.1444702148438,476.7356872558594,0.8251803517341614,571.8583984375,424.521240234375,0.6560335159301758
track_0,1980,0.43628960847854614,563.3648681640625,472.7118225097656,0.2892577350139618,639.892578125,476.7734069824219,0.839287281036377,571.9075317382812,424.646240234375,0.623577892780304
track_0,1981,0.4318751096725464,563.1761474609375,472.77783203125,0.2223280668258667,639.6954345703125,480.2139892578125,0.8408206701278687,571.8245849609375,425.0282897949219,0.5941221714019775
track_0,1982,0.42041754722595215,563.4537963867188,472.6073913574219,0.46283361315727234,640.2177124023438,488.27099609375,0.8319495916366577,679.30859375,476.56988525390625,0.6289429068565369
track_0,1983,0.4214168190956116,563.4679565429688,472.4779357910156,0.4507248103618622,640.431884765625,488.3110046386719,0.8266304135322571,679.516357421875,476.3097839355469,0.6305559277534485
track_0,1984,0.42058849334716797,560.1989135742188,471.95245361328125,0.21046555042266846,640.0850219726562,480.3686828613281,0.8198856711387634,680.17431640625,480.1693420410156,0.6340538859367371
track_0,1985,0.4284149706363678,560.172119140625,471.78704833984375,0.269236296415329,639.983642578125,477.01702880859375,0.8346239924430847,680.075439453125,480.71771240234375,0.6147481203079224
track_0,1986,0.4414765238761902,562.77197265625,472.1269226074219,0.25705528259277344,639.6845092773438,480.24566650390625,0.8728036880493164,575.7589111328125,421.256103515625,0.4652482271194458
track_0,1987,0.4600220322608948,563.7568359375,472.7687072753906,0.5211448669433594,640.2268676757812,488.29132080078125,0.8324835300445557,575.9691772460938,424.65362548828125,0.48347291350364685
track_0,1988,0.47294744849205017,564.2511596679688,476.1007995605469,0.5646474957466125,640.5875244140625,496.1829528808594,0.8640218377113342,580.5321655273438,424.6126403808594,0.48601341247558594
track_0,1989,0.4605306386947632,564.1929321289062,476.18524169921875,0.578378438949585,640.4238891601562,496.39385986328125,0.8248401284217834,672.505615234375,480.5955810546875,0.5318555235862732
track_0,1990,0.4275490939617157,564.0463256835938,476.00482177734375,0.5752833485603333,640.33935546875,496.29840087890625,0.787510097026825,671.9405517578125,483.97430419921875,0.49465933442115784
track_0,1991,0.40088510513305664,,,0.0,640.4719848632812,520.2837524414062,0.740175187587738,659.9200439453125,612.8169555664062,0.9089537262916565
track_1,1991,0.42003583908081055,580.3411865234375,412.45538330078125,0.32036450505256653,631.9872436523438,469.4491271972656,0.6951209902763367,644.3047485351562,424.6552734375,0.7321335077285767
track_0,1992,0.39406871795654297,,,0.0,640.42236328125,520.2492065429688,0.7390944957733154,659.7513427734375,612.7098388671875,0.9176211357116699
track_1,1992,0.4273940324783325,580.3175659179688,409.7223815917969,0.32406091690063477,631.9134521484375,469.50860595703125,0.7099734544754028,644.2222290039062,424.3340148925781,0.7077997326850891
track_0,1993,0.38552454113960266,,,0.0,640.3739013671875,520.3192138671875,0.7365698218345642,659.615966796875,612.7339477539062,0.9131851196289062
track_1,1993,0.4303048849105835,580.5413208007812,409.57769775390625,0.33327654004096985,631.9461669921875,469.5262756347656,0.7375670075416565,644.2455444335938,424.24212646484375,0.7035171389579773
track_1,1994,0.4316827356815338,580.6061401367188,409.4020690917969,0.35546135902404785,631.8370971679688,469.56842041015625,0.7606005668640137,643.82666015625,421.5430603027344,0.6986408233642578
track_1,1995,0.430609792470932,580.2491455078125,409.2375183105469,0.2924017906188965,631.680908203125,469.6253662109375,0.7859683036804199,640.497802734375,421.3375244140625,0.7105485796928406
track_0,1996,0.39568257331848145,568.2805786132812,481.49560546875,0.2320844829082489,639.9305419921875,512.6114501953125,0.8019920587539673,659.4459838867188,612.526123046875,0.9009093046188354
track_1,1996,0.4210052490234375,583.5795288085938,412.2723083496094,0.38112673163414,632.28173828125,476.5101013183594,0.8049243092536926,636.7274169921875,420.792236328125,0.5589946508407593
track_0,1997,0.3924962878227234,571.794677734375,481.16326904296875,0.2041608840227127,640.033447265625,512.583984375,0.8045499324798584,659.5233154296875,612.6240844726562,0.8963759541511536
track_1,1997,0.4172461926937103,579.9566650390625,408.907958984375,0.22839440405368805,631.7869262695312,469.1468505859375,0.7793943285942078,636.16259765625,420.6210021972656,0.6467714905738831
track_0,1998,0.385471373796463,,,0.0,639.983642578125,512.5232543945312,0.7871665954589844,659.5303955078125,612.6533203125,0.9040689468383789
track_1,1998,0.4221459627151489,579.9994506835938,408.81768798828125,0.20458479225635529,631.8592529296875,468.90863037109375,0.7792907357215881,671.50390625,476.37054443359375,0.5937289595603943
track_0,1999,0.38335713744163513,,,0.0,639.8944091796875,520.16796875,0.736257791519165,659.4269409179688,613.0647583007812,0.9355380535125732
track_1,1999,0.4213242530822754,,,0.0,632.008544921875,468.7737121582031,0.7766842842102051,671.865478515625,475.9808654785156,0.6388941407203674
track_0,2000,0.4003337621688843,568.4351196289062,481.0907897949219,0.2963809370994568,639.976806640625,512.5568237304688,0.8144626021385193,659.5330810546875,612.538818359375,0.935030996799469
track_1,2000,0.40902477502822876,,,0.0,631.9642944335938,469.24749755859375,0.8119544982910156,672.5388793945312,476.2758483886719,0.5821906328201294
track_0,2001,0.42812496423721313,568.8445434570312,481.2204895019531,0.2835234999656677,640.3539428710938,512.4705810546875,0.785173237323761,659.9191284179688,612.471435546875,0.9224125146865845
track_0,2002,0.4365977346897125,568.9529418945312,481.27435302734375,0.2766922414302826,640.4976196289062,512.4208374023438,0.7859036326408386,660.093017578125,612.4302978515625,0.9099195003509521
track_0,2003,0.44082459807395935,569.3829345703125,480.91143798828125,0.3042171001434326,640.7327270507812,512.4434204101562,0.7713614702224731,660.349365234375,612.4365234375,0.9240886569023132
track_0,2004,0.4356715977191925,569.603759765625,481.043701171875,0.29914000630378723,641.0437622070312,512.49755859375,0.7621749043464661,660.6341552734375,612.4107055664062,0.9285182952880859
track_0,2005,0.44093406200408936,569.462158203125,480.76287841796875,0.331834614276886,640.9653930664062,512.56689453125,0.7811703681945801,660.6112060546875,612.419921875,0.9345057606697083
track_0,2006,0.4529758095741272,569.255859375,480.42138671875,0.3705836832523346,640.8592529296875,512.7021484375,0.7962599992752075,660.53515625,612.4473876953125,0.9395512938499451
track_0,2007,0.4573727548122406,568.9156494140625,480.06884765625,0.3967287838459015,640.6638793945312,512.6768798828125,0.8273935914039612,660.4187622070312,612.3630981445312,0.9304379224777222
track_0,2008,0.45864149928092957,668.3492431640625,464.0649719238281,0.5464453101158142,640.5430908203125,512.6903076171875,0.8444364070892334,660.2420654296875,612.3995361328125,0.9242162108421326
track_0,2009,0.46172991394996643,668.6803588867188,461.3595886230469,0.6181459426879883,640.563232421875,512.7508544921875,0.848738968372345,657.02734375,612.7064819335938,0.9292535781860352
track_0,2010,0.4582158029079437,668.4074096679688,461.291015625,0.6447291970252991,640.4740600585938,512.763671875,0.8438300490379333,656.9215087890625,612.7372436523438,0.9253170490264893
track_0,2011,0.45647695660591125,665.7432250976562,464.4710388183594,0.49548831582069397,640.4158935546875,512.7738037109375,0.8408843874931335,656.8754272460938,612.7828369140625,0.9295356869697571
track_0,2012,0.4570590555667877,568.5170288085938,480.0608825683594,0.3834226429462433,640.3821411132812,512.7781372070312,0.8415635228157043,656.847412109375,612.8052978515625,0.9355055093765259
track_0,2013,0.45857253670692444,568.5448608398438,480.01568603515625,0.3857326805591583,640.3406982421875,512.7900390625,0.8358704447746277,656.814453125,612.7461547851562,0.9264311194419861
track_0,2014,0.45830193161964417,664.9966430664062,464.5726013183594,0.40122926235198975,640.3187255859375,512.7703857421875,0.8356303572654724,656.7296752929688,612.751708984375,0.9244363903999329
track_0,2015,0.45560353994369507,664.8587036132812,464.40106201171875,0.45434388518333435,640.2984619140625,512.7960815429688,0.838773250579834,659.9583129882812,612.662353515625,0.9269046187400818
track_0,2016,0.4517349302768707,664.5052490234375,461.5135803222656,0.5054237246513367,640.3524780273438,512.8197631835938,0.8306057453155518,656.7027587890625,612.76806640625,0.925136923789978
track_0,2017,0.4516581892967224,664.5960693359375,464.2429504394531,0.41019073128700256,640.4047241210938,512.79345703125,0.8184666037559509,656.7327880859375,612.7581787109375,0.9283176064491272
track_0,2018,0.45310574769973755,568.7924194335938,480.3318786621094,0.36938977241516113,640.46337890625,512.773681640625,0.8072904348373413,656.7896728515625,612.7833251953125,0.9357292056083679
track_0,2019,0.4558734595775604,568.9284057617188,480.4652099609375,0.3522438704967499,640.5570068359375,512.6882934570312,0.798442542552948,656.8936767578125,612.75048828125,0.9371085166931152
track_0,2020,0.4571141004562378,568.8844604492188,480.3546142578125,0.3694840371608734,640.57861328125,512.6929321289062,0.794496476650238,656.9325561523438,612.7230834960938,0.927003026008606
track_0,2021,0.4465161859989166,568.5773315429688,480.3765869140625,0.3860640525817871,640.509521484375,512.621826171875,0.7947836518287659,656.8553466796875,612.7155151367188,0.9350235462188721
track_0,2022,0.4386490285396576,565.0376586914062,480.5821838378906,0.42366907000541687,640.4971923828125,512.6068115234375,0.8147315382957458,656.920166015625,612.649658203125,0.9367032647132874
track_0,2023,0.4313187301158905,564.34375,480.4593811035156,0.44914841651916504,640.4035034179688,512.565185546875,0.8263245820999146,656.8084716796875,612.5715942382812,0.93602055311203
track_0,2024,0.4266374707221985,561.24755859375,481.22918701171875,0.43023034930229187,640.4969482421875,512.540283203125,0.8129456043243408,656.933837890625,612.6004638671875,0.936184823513031
track_0,2025,0.41851603984832764,560.8998413085938,481.69244384765625,0.42109522223472595,640.5862426757812,512.5570678710938,0.7911747097969055,656.9991455078125,612.6131591796875,0.9383111596107483
track_1,2025,0.366072416305542,676.8294067382812,476.54473876953125,0.5068632960319519,605.535400390625,455.89642333984375,0.7370924949645996,633.3262329101562,412.98883056640625,0.830272912979126
track_0,2026,0.4204656779766083,560.3363647460938,481.7705383300781,0.42310667037963867,640.5833740234375,512.5953369140625,0.7973586916923523,657.0091552734375,612.619384765625,0.939296543598175
track_1,2026,0.3687998950481415,676.4659423828125,476.4468994140625,0.552483856678009,605.2843017578125,455.8689880371094,0.7345998287200928,632.8411254882812,415.8604431152344,0.8074879050254822
track_0,2027,0.41725364327430725,556.6593627929688,484.6164245605469,0.36958521604537964,640.5454711914062,512.7435913085938,0.802963137626648,656.9126586914062,612.686279296875,0.9383824467658997
track_1,2027,0.3823924660682678,676.059814453125,476.1139831542969,0.6432432532310486,604.8150634765625,452.80792236328125,0.7361767888069153,628.9718017578125,415.884765625,0.7741581797599792
track_0,2028,0.4187639653682709,663.9425048828125,461.6862487792969,0.30372855067253113,640.507080078125,512.8031616210938,0.8084242343902588,656.8798828125,612.6923828125,0.943384051322937
track_1,2028,0.4024987816810608,668.1433715820312,465.54998779296875,0.5094994306564331,596.764892578125,449.00567626953125,0.7943731546401978,628.1512451171875,413.637451171875,0.578701376914978
track_0,2029,0.41842836141586304,661.065673828125,461.1519775390625,0.4965357482433319,640.5127563476562,512.826171875,0.8298482298851013,656.799560546875,612.677978515625,0.9451817870140076
track_1,2029,0.4318545460700989,660.8187866210938,457.41204833984375,0.601020336151123,589.2051391601562,448.5032958984375,0.8050054311752319,624.1690673828125,413.5409851074219,0.6722477674484253
track_0,2030,0.4148094952106476,660.436767578125,460.43701171875,0.5865709781646729,640.615966796875,512.8485107421875,0.8259776830673218,656.7474365234375,612.6802978515625,0.9469320178031921
track_1,2030,0.45149096846580505,660.28271484375,456.8052673339844,0.6319572925567627,588.8148193359375,448.42608642578125,0.8045312166213989,620.1502685546875,415.9482116699219,0.7114017009735107
track_0,2031,0.41039565205574036,657.894775390625,457.0823669433594,0.6169517040252686,640.615478515625,520.4100341796875,0.8561044335365295,656.8245239257812,612.9122314453125,0.9393272399902344
track_1,2031,0.4628036618232727,659.7377319335938,456.4254455566406,0.6410722136497498,588.5595703125,448.2794494628906,0.7911714315414429,612.6466064453125,412.6993408203125,0.7663853168487549
track_0,2032,0.4009190797805786,657.5809326171875,457.043212890625,0.6330860257148743,640.4381713867188,520.440673828125,0.8339290022850037,656.8036499023438,612.9384155273438,0.9378025531768799
track_1,2032,0.47414663434028625,660.118408203125,456.2640380859375,0.6612580418586731,588.826904296875,448.14215087890625,0.7846146821975708,616.1372680664062,412.0220031738281,0.7676756381988525
track_0,2033,0.3953712582588196,657.5845947265625,459.9924621582031,0.5636084675788879,640.3765258789062,520.3565673828125,0.828722357749939,656.7647705078125,612.9285278320312,0.9385658502578735
track_1,2033,0.47708359360694885,660.5098876953125,456.4319763183594,0.6423640251159668,589.0609741210938,448.1341857910156,0.7915608882904053,620.4790649414062,412.1953430175781,0.7077932953834534
track_0,2034,0.39014121890068054,659.955078125,460.49102783203125,0.40858331322669983,640.3720703125,520.2855224609375,0.8332007527351379,656.7699584960938,612.917236328125,0.9391545653343201
track_1,2034,0.4820331335067749,660.8748779296875,456.8201904296875,0.5966024398803711,589.2816162109375,448.1385192871094,0.7923076152801514,624.6549682617188,412.3286437988281,0.6735271215438843
track_0,2035,0.38544315099716187,660.6834716796875,463.9938049316406,0.2763875424861908,640.389892578125,520.2694702148438,0.8173109292984009,656.8099365234375,612.9321899414062,0.9388737082481384
track_1,2035,0.49116483330726624,668.2522583007812,468.35968017578125,0.5450432896614075,599.7088623046875,448.44512939453125,0.8036443591117859,628.3634643554688,412.62548828125,0.5560669898986816
track_0,2036,0.38481074571609497,,,0.0,640.4805297851562,520.235107421875,0.8141246438026428,656.94677734375,612.9270629882812,0.9347153902053833
track_1,2036,0.5016160607337952,580.0452270507812,392.1851806640625,0.4049096703529358,599.8682250976562,448.4550476074219,0.8324323892593384,628.5481567382812,412.4894714355469,0.5495652556419373
track_0,2037,0.38642337918281555,,,0.0,640.49658203125,520.1194458007812,0.7884963750839233,657.0136108398438,612.8922729492188,0.9299781918525696
track_1,2037,0.5059298872947693,580.017578125,392.34332275390625,0.43211621046066284,599.8434448242188,448.661376953125,0.8860975503921509,668.7009887695312,469.2691650390625,0.5215754508972168
track_0,2038,0.4000001847743988,,,0.0,640.051513671875,512.4451293945312,0.8629785776138306,659.8789672851562,612.4774169921875,0.9197070598602295
track_1,2038,0.5013209581375122,661.038818359375,496.6370849609375,0.3234105706214905,589.556396484375,448.62176513671875,0.8819442391395569,624.85400390625,412.87994384765625,0.2972795367240906
track_0,2039,0.40261372923851013,,,0.0,640.0877685546875,512.4923095703125,0.9054989218711853,660.1776123046875,612.6536254882812,0.9294942617416382
track_1,2039,0.5259398221969604,661.06494140625,493.3555908203125,0.34753116965293884,592.3090209960938,448.75872802734375,0.920630693435669,620.3164672851562,413.2749938964844,0.2940678894519806
track_0,2040,0.3955811560153961,,,0.0,640.8429565429688,520.0919799804688,0.8549522757530212,660.9296875,613.03173828125,0.9395087957382202
track_1,2040,0.5586321353912354,660.3369750976562,489.2274169921875,0.40741729736328125,592.0892944335938,448.455078125,0.9427849650382996,616.5779418945312,412.4925537109375,0.24590225517749786
track_0,2041,0.3885583281517029,,,0.0,647.4609375,520.8031005859375,0.9071287512779236,659.8966064453125,616.5478515625,0.8881309628486633
track_1,2041,0.5960246324539185,653.602783203125,485.12310791015625,0.203236386179924,584.190673828125,440.87298583984375,0.9050052762031555,569.1181640625,392.439208984375,0.41992679238319397
track_0,2042,0.39793869853019714,,,0.0,647.7133178710938,520.891357421875,0.9035038352012634,660.3108520507812,616.5670166015625,0.882422924041748
track_1,2042,0.6133468747138977,628.1394653320312,516.8391723632812,0.21866153180599213,583.7908325195312,440.66436767578125,0.8903050422668457,571.45458984375,389.4630126953125,0.2726070284843445
track_0,2043,0.40161508321762085,,,0.0,647.8633422851562,520.8690795898438,0.8977692723274231,660.494384765625,616.562744140625,0.8837045431137085
track_1,2043,0.6174148917198181,560.6786499023438,384.85516357421875,0.2432619333267212,583.642822265625,440.5813293457031,0.8880608081817627,,,0.0
track_0,2044,0.4001026153564453,,,0.0,647.9056396484375,520.6881103515625,0.9015474915504456,660.4219970703125,616.4025268554688,0.8816664814949036
track_1,2044,0.6104635000228882,,,0.0,583.7696533203125,440.6521301269531,0.8908422589302063,,,0.0
track_0,2045,0.3887440264225006,,,0.0,647.9110107421875,520.7242431640625,0.885933518409729,660.2449951171875,616.4088134765625,0.8847247958183289
track_1,2045,0.6104478240013123,655.8931274414062,484.8826904296875,0.293043315410614,583.9744873046875,440.5567321777344,0.9098785519599915,571.84423828125,392.4067687988281,0.37056422233581543
track_0,2046,0.37870994210243225,,,0.0,648.0781860351562,527.9691162109375,0.8566144704818726,660.102783203125,615.859375,0.8279746174812317
track_1,2046,0.6047605872154236,656.3511962890625,485.8180236816406,0.29830795526504517,584.2688598632812,440.5572509765625,0.9405064582824707,573.1416015625,392.541748046875,0.6095911860466003
track_0,2047,0.3804842531681061,,,0.0,647.4546508789062,520.68115234375,0.8634094595909119,659.8566284179688,613.5772705078125,0.87717604637146
track_1,2047,0.581397533416748,656.62353515625,492.0326232910156,0.34133315086364746,592.07666015625,447.8734130859375,0.9443612694740295,,,0.0
track_0,2048,0.38677817583084106,,,0.0,640.7843017578125,520.23876953125,0.8154088258743286,660.8163452148438,612.9657592773438,0.9089608192443848
track_1,2048,0.565855085849762,656.9954833984375,488.9007568359375,0.33287009596824646,592.46044921875,448.06024169921875,0.9415698647499084,581.19384765625,393.124267578125,0.41144677996635437
track_0,2049,0.3853214979171753,,,0.0,640.373291015625,520.2774047851562,0.8290606737136841,660.4599609375,613.0401611328125,0.9135660529136658
track_1,2049,0.5510358214378357,579.8468017578125,389.5124816894531,0.4317052960395813,599.7510375976562,448.547119140625,0.9036096334457397,636.283203125,415.509521484375,0.20996198058128357
track_0,2050,0.38101279735565186,,,0.0,639.999755859375,520.4027709960938,0.8396357297897339,659.996337890625,613.0869750976562,0.9120488166809082
track_1,2050,0.5458447337150574,580.243896484375,389.31597900390625,0.4335669279098511,599.8385620117188,448.5294494628906,0.9033038020133972,637.3355102539062,417.00653076171875,0.5777468681335449
track_0,2051,0.3816761076450348,,,0.0,639.77783203125,520.4239501953125,0.8541862368583679,659.7489013671875,613.1143798828125,0.9146482944488525
track_1,2051,0.5395467281341553,580.9046020507812,389.17877197265625,0.4399177134037018,599.8637084960938,448.5679626464844,0.897062361240387,637.4036254882812,416.9656677246094,0.6160731315612793
track_0,2052,0.37948331236839294,,,0.0,639.6214599609375,520.4755249023438,0.8662779927253723,659.5756225585938,613.2007446289062,0.9163171648979187
track_1,2052,0.5394884347915649,581.0888061523438,389.0721435546875,0.43285071849823,599.827392578125,448.5816955566406,0.8876441717147827,637.2584228515625,417.1744384765625,0.595247209072113
track_0,2053,0.37899842858314514,,,0.0,639.60205078125,520.3800048828125,0.8569599390029907,656.2886962890625,616.2338256835938,0.9181755781173706
track_1,2053,0.5376781821250916,581.121337890625,389.16595458984375,0.4520981013774872,599.9483642578125,448.655029296875,0.9047747850418091,637.650390625,417.5316162109375,0.5204363465309143
track_0,2054,0.3814822733402252,,,0.0,639.5865478515625,520.3237915039062,0.8463656902313232,659.4761352539062,613.1246337890625,0.916674792766571
track_1,2054,0.532774806022644,583.541259765625,389.4504699707031,0.4666813611984253,599.9448852539062,448.7520751953125,0.9132116436958313,640.0048828125,420.8477783203125,0.4275987148284912
track_0,2055,0.3868285119533539,,,0.0,639.5574951171875,520.2762451171875,0.8561310768127441,659.4675903320312,613.0702514648438,0.9229148626327515
track_1,2055,0.5265502333641052,581.0131225585938,392.14459228515625,0.4776790738105774,599.830078125,448.884521484375,0.9072651267051697,639.892333984375,424.6874694824219,0.41149505972862244
track_0,2056,0.3881088197231293,,,0.0,632.7327270507812,512.2478637695312,0.8836365938186646,657.4187622070312,612.5050048828125,0.841388463973999
track_1,2056,0.5248303413391113,581.05419921875,392.389404296875,0.48829761147499084,599.8148193359375,448.9781494140625,0.9090664982795715,639.9115600585938,425.05010986328125,0.4226519763469696
track_0,2057,0.38958123326301575,,,0.0,633.19775390625,519.8408203125,0.8176918625831604,657.7963256835938,612.7367553710938,0.9113479256629944
track_1,2057,0.5225021839141846,581.030029296875,392.50042724609375,0.5101333856582642,599.8220825195312,448.9522399902344,0.8935011625289917,640.0440063476562,424.99334716796875,0.38625165820121765
track_0,2058,0.3947218358516693,,,0.0,632.6231689453125,512.2760009765625,0.8749914169311523,657.288330078125,612.5328369140625,0.846723198890686
track_1,2058,0.512021541595459,581.2279052734375,392.58795166015625,0.5740813612937927,599.9202880859375,448.8559875488281,0.8431061506271362,637.3839111328125,421.73260498046875,0.4301908314228058
track_0,2059,0.396141916513443,,,0.0,632.707275390625,512.279052734375,0.8482065796852112,657.2471313476562,612.50048828125,0.8551663756370544
track_1,2059,0.5052712559700012,581.2957153320312,392.53094482421875,0.5938969850540161,600.0533447265625,448.6744079589844,0.8051864504814148,637.2699584960938,420.2929992675781,0.46046996116638184
track_0,2060,0.39574068784713745,,,0.0,632.8565063476562,512.2667236328125,0.8389790058135986,657.31982421875,612.5131225585938,0.8558663725852966
track_1,2060,0.5021347403526306,581.3504638671875,392.44134521484375,0.5875614881515503,597.2611083984375,448.57275390625,0.7931427955627441,637.0386352539062,417.6138916015625,0.5192356109619141
track_0,2061,0.4002382159233093,,,0.0,632.88671875,512.2625732421875,0.8218629956245422,657.3297119140625,612.5214233398438,0.8567133545875549
track_1,2061,0.49300169944763184,581.4083862304688,392.2462463378906,0.6111547350883484,597.3173828125,448.3648681640625,0.7605558037757874,637.0068359375,417.3605651855469,0.47151991724967957
track_0,2062,0.40341612696647644,557.3670654296875,476.40814208984375,0.2568800747394562,632.8819580078125,512.2112426757812,0.8262090682983398,657.3777465820312,612.4721069335938,0.8553458452224731
track_1,2062,0.48114246129989624,581.570068359375,392.35894775390625,0.596491813659668,600.3267211914062,448.20709228515625,0.7576013803482056,641.5518188476562,456.55853271484375,0.3851408362388611
track_0,2063,0.4050133228302002,557.659912109375,476.5982971191406,0.22402140498161316,632.9537963867188,512.1542358398438,0.8053762912750244,657.4366455078125,612.4617309570312,0.8567847609519958
track_1,2063,0.4808562695980072,581.211181640625,392.5125732421875,0.5063421130180359,600.2982177734375,448.28509521484375,0.7633427977561951,641.6294555664062,456.95794677734375,0.35623955726623535
track_0,2064,0.4068439304828644,,,0.0,632.8165893554688,512.138671875,0.7909484505653381,657.3094482421875,612.4693603515625,0.8568189144134521
track_1,2064,0.48807260394096375,581.1392822265625,392.7325134277344,0.41259098052978516,597.284912109375,448.49853515625,0.7730585932731628,641.323486328125,457.3385925292969,0.3058883547782898
track_0,2065,0.4132055342197418,,,0.0,632.5177612304688,511.9686584472656,0.8282209038734436,657.054443359375,612.3748779296875,0.8519836664199829
track_1,2065,0.49463456869125366,581.19921875,393.0924072265625,0.399815171957016,600.0166625976562,448.9261474609375,0.8179489970207214,580.874267578125,396.65087890625,0.2145250141620636
track_1,2066,0.504366397857666,660.792724609375,484.8739013671875,0.48128628730773926,600.4600830078125,456.15045166015625,0.8096546530723572,,,0.0
track_1,2067,0.5056992769241333,660.7623291015625,485.0567626953125,0.5035771131515503,600.5155639648438,456.583984375,0.8502640128135681,581.1846313476562,397.2212219238281,0.2884666919708252
track_1,2068,0.5084887146949768,572.2611083984375,396.76983642578125,0.4137290418148041,607.6800537109375,464.2500305175781,0.7910371422767639,,,0.0
track_1,2069,0.49593034386634827,667.6261596679688,488.999755859375,0.32968124747276306,607.6649169921875,464.36114501953125,0.7952526807785034,,,0.0
track_1,2070,0.4882379472255707,667.8232421875,489.2342529296875,0.3552085757255554,607.88037109375,461.371826171875,0.7928368449211121,,,0.0
track_0,2071,0.43622902035713196,552.4891357421875,476.2293701171875,0.4740114212036133,632.1508178710938,504.1108093261719,0.9472060799598694,660.1636962890625,604.6429443359375,0.49619802832603455
track_1,2071,0.4841395318508148,668.1658325195312,489.07550048828125,0.4045684337615967,608.0678100585938,461.0285949707031,0.7905615568161011,,,0.0
track_0,2072,0.4237922132015228,552.7206420898438,476.3742370605469,0.49683526158332825,632.4254760742188,504.20416259765625,0.9096710681915283,660.325927734375,604.86279296875,0.5602100491523743
track_1,2072,0.4785032272338867,668.4398193359375,492.6837158203125,0.412079393863678,608.1566772460938,460.6041259765625,0.7928590774536133,,,0.0
track_0,2073,0.4042506515979767,,,0.0,633.1793212890625,512.0557250976562,0.8106372356414795,657.5650024414062,612.2420654296875,0.8963136672973633
track_1,2073,0.48486053943634033,664.152587890625,500.90869140625,0.30120837688446045,607.5645141601562,453.38543701171875,0.7772118449211121,652.3170166015625,464.9785461425781,0.3245329260826111
track_0,2074,0.39781928062438965,,,0.0,640.1575927734375,520.109375,0.8456562757492065,656.7177734375,612.9359130859375,0.9360271692276001
track_1,2074,0.48282089829444885,668.215087890625,504.24761962890625,0.3533162474632263,607.74072265625,452.9974670410156,0.7663890719413757,656.61083984375,468.75555419921875,0.4203677177429199
track_0,2075,0.3852311670780182,,,0.0,640.4306030273438,520.135986328125,0.8004266023635864,656.9293823242188,612.9693603515625,0.93667072057724
track_1,2075,0.4887147843837738,568.5897216796875,400.3721923828125,0.44900384545326233,607.9520874023438,452.769775390625,0.7670642137527466,664.5120239257812,472.630615234375,0.43908798694610596
track_0,2076,0.3817256987094879,,,0.0,640.731689453125,519.978271484375,0.7681206464767456,657.168701171875,612.9100341796875,0.934888482093811
track_1,2076,0.48309531807899475,568.7900390625,400.3722839355469,0.491515576839447,608.1679077148438,455.6308898925781,0.7768968939781189,668.6807861328125,472.4309997558594,0.5660742521286011
track_0,2077,0.3867727220058441,,,0.0,640.26904296875,512.30224609375,0.802425742149353,656.8084716796875,612.6166381835938,0.928290605545044
track_1,2077,0.4632113575935364,569.28173828125,400.3497314453125,0.4080209732055664,608.3492431640625,452.64715576171875,0.7798163294792175,669.1165771484375,471.4439392089844,0.7032650709152222
track_0,2078,0.396072119474411,,,0.0,640.04296875,512.3545532226562,0.8374012112617493,656.5989990234375,612.582275390625,0.9405073523521423
track_1,2078,0.42084601521492004,568.2892456054688,404.6583557128906,0.5729342103004456,615.9618530273438,453.12945556640625,0.7376181483268738,668.8472900390625,468.525390625,0.6415452361106873
track_0,2079,0.39947745203971863,556.2653198242188,472.92901611328125,0.28403186798095703,639.9208374023438,512.4286499023438,0.8451513648033142,656.4896240234375,612.5799560546875,0.9430160522460938
track_1,2079,0.3964167535305023,548.3662109375,460.8753967285156,0.7305474877357483,632.1052856445312,471.8927001953125,0.7613513469696045,668.5453491210938,464.3428649902344,0.6858243942260742
track_0,2080,0.40639442205429077,555.9697265625,475.8720703125,0.23976044356822968,640.008544921875,512.4371948242188,0.8120903968811035,656.52685546875,612.5578002929688,0.9418123364448547
track_0,2081,0.4097438454627991,,,0.0,640.04443359375,512.4524536132812,0.8106744289398193,656.429931640625,612.59619140625,0.9365745186805725
track_1,2081,0.38493087887763977,548.8306274414062,460.9559326171875,0.7263705730438232,632.49169921875,472.28668212890625,0.7652091383934021,664.4536743164062,460.959716796875,0.6320661306381226
track_0,2082,0.41490909457206726,,,0.0,640.0388793945312,512.4010620117188,0.831421971321106,656.4146118164062,612.609130859375,0.9374875426292419
track_0,2083,0.4193992614746094,552.5809326171875,473.1298828125,0.6861274242401123,639.8097534179688,504.71875,0.8065758943557739,656.4296875,608.3579711914062,0.6386640667915344
track_0,2084,0.42150047421455383,,,0.0,639.8301391601562,512.3428344726562,0.8072080612182617,656.21484375,612.6425170898438,0.9318187832832336
track_0,2085,0.4230719804763794,,,0.0,639.6580200195312,512.4617919921875,0.8244019150733948,656.1288452148438,612.7379760742188,0.9362546801567078
track_0,2086,0.41838911175727844,,,0.0,639.57568359375,512.490478515625,0.8217571377754211,656.00244140625,612.73779296875,0.9353183507919312
track_0,2087,0.417567640542984,556.8369140625,475.89239501953125,0.2121807187795639,633.328857421875,512.4786376953125,0.7623112797737122,657.3287963867188,612.3265380859375,0.9131299257278442
track_0,2088,0.4172803461551666,556.89599609375,475.9770202636719,0.2040019929409027,633.3314819335938,512.3920288085938,0.7718613743782043,657.3248291015625,612.3099975585938,0.9146862626075745
track_0,2089,0.4153694808483124,,,0.0,639.57421875,512.3551025390625,0.8181704878807068,655.8536376953125,612.630859375,0.9327762722969055
track_0,2090,0.4149317145347595,,,0.0,639.7533569335938,512.3006591796875,0.7885450124740601,655.9641723632812,612.633056640625,0.9355107545852661
track_0,2091,0.4194536805152893,,,0.0,639.7474365234375,512.3076171875,0.7785052061080933,655.9425048828125,612.5975341796875,0.9345945119857788
track_0,2092,0.42631134390830994,,,0.0,639.7864379882812,512.3872680664062,0.7937943339347839,656.0029296875,612.5784301757812,0.9375385642051697
track_0,2093,0.4278690218925476,,,0.0,639.7221069335938,512.3794555664062,0.8090233206748962,655.961181640625,612.5291748046875,0.9367930889129639
track_0,2094,0.4311196804046631,,,0.0,639.71923828125,512.4158935546875,0.8343003392219543,655.9540405273438,612.534423828125,0.9362517595291138
track_0,2095,0.43284156918525696,,,0.0,639.7617797851562,512.3823852539062,0.8399999737739563,655.98193359375,612.458984375,0.934648871421814
track_0,2096,0.43268847465515137,,,0.0,639.7437133789062,512.375,0.8485309481620789,655.9979248046875,612.4348754882812,0.9376343488693237
track_0,2097,0.4321291744709015,,,0.0,639.6658325195312,512.3533935546875,0.8562187552452087,655.9597778320312,612.4297485351562,0.942389726638794
track_0,2098,0.4322758913040161,552.3182983398438,473.18133544921875,0.6972113251686096,639.5392456054688,504.80145263671875,0.8090906143188477,656.0897216796875,608.4180297851562,0.6763480305671692
track_0,2099,0.4270191788673401,552.2680053710938,473.2684326171875,0.6879474520683289,639.4702758789062,504.771484375,0.8047991394996643,656.0411376953125,608.4098510742188,0.6731435060501099
track_0,2100,0.42816534638404846,554.2357177734375,472.6472473144531,0.3246289789676666,633.2003173828125,512.2991943359375,0.810217559337616,657.1658935546875,612.036376953125,0.9017142057418823
track_0,2101,0.4346001148223877,552.7508544921875,472.10638427734375,0.6316555738449097,632.9280395507812,504.72900390625,0.7710864543914795,657.4122314453125,605.0736083984375,0.6246022582054138
track_0,2102,0.4383479952812195,552.7131958007812,472.2080078125,0.6137693524360657,632.8521728515625,504.77081298828125,0.7644639015197754,657.3452758789062,605.1217041015625,0.6570371985435486
track_0,2103,0.4341786801815033,553.6856689453125,472.5675048828125,0.359574556350708,632.9447021484375,512.20849609375,0.820801854133606,656.9478759765625,611.9237060546875,0.8921509981155396
track_0,2104,0.42011570930480957,554.2120361328125,473.21697998046875,0.2557827830314636,632.9358520507812,512.330078125,0.776667594909668,656.9043579101562,611.933349609375,0.9030912518501282
track_0,2105,0.4170157015323639,553.656982421875,472.67913818359375,0.3163502812385559,632.7651977539062,512.43212890625,0.7868404388427734,656.7720947265625,611.9813232421875,0.9163580536842346
track_0,2106,0.42106661200523376,552.879638671875,471.868896484375,0.4363224506378174,632.5982055664062,512.4801635742188,0.7993102669715881,656.6311645507812,611.986083984375,0.9227717518806458
track_0,2107,0.4246843755245209,552.3707275390625,469.0989074707031,0.6571998596191406,632.5084228515625,504.867431640625,0.739915132522583,656.693359375,605.3301391601562,0.6697282195091248
track_0,2108,0.4243065416812897,552.9803466796875,469.12701416015625,0.444118469953537,632.5504150390625,512.3228149414062,0.8140725493431091,653.26318359375,612.2743530273438,0.9217169284820557
track_0,2109,0.4203376770019531,552.5288696289062,468.51580810546875,0.5378254652023315,632.4788818359375,512.3670654296875,0.8187450766563416,653.23681640625,612.3117065429688,0.9161581993103027
track_0,2110,0.41927996277809143,552.8512573242188,464.7785339355469,0.6795566082000732,632.4837646484375,512.4631958007812,0.837000846862793,653.2578735351562,612.3572998046875,0.918373167514801
track_0,2111,0.41375717520713806,552.9774169921875,464.5899963378906,0.7234774231910706,632.533447265625,512.4656982421875,0.8627346754074097,653.27685546875,612.4049072265625,0.923212468624115
track_0,2112,0.41007378697395325,553.052978515625,464.545166015625,0.7515844106674194,632.5192260742188,512.3612670898438,0.8668519854545593,653.270263671875,612.3924560546875,0.9278915524482727
track_0,2113,0.411243200302124,553.6431274414062,464.3685607910156,0.7177533507347107,632.6583862304688,512.3079223632812,0.8669412136077881,653.4644775390625,612.414794921875,0.9197656512260437
track_0,2114,0.41430652141571045,565.0343017578125,452.69427490234375,0.5182501673698425,632.9219360351562,512.3060302734375,0.8555918335914612,656.9328002929688,612.224853515625,0.9216195344924927
track_0,2115,0.4116825461387634,568.995849609375,440.5602111816406,0.3966676890850067,633.0140991210938,512.2940063476562,0.8399151563644409,657.0858764648438,612.3294677734375,0.9231205582618713
track_0,2116,0.41717076301574707,569.7144775390625,436.8622741699219,0.3351723253726959,633.1209716796875,512.3171997070312,0.8346863389015198,657.2119140625,612.1978149414062,0.916841447353363
track_0,2117,0.4331302046775818,585.2457885742188,416.35107421875,0.342699259519577,632.732177734375,504.3798828125,0.8028103113174438,657.3180541992188,605.0399169921875,0.6248265504837036
track_0,2118,0.4513545334339142,584.5034790039062,416.1914978027344,0.7516133189201355,632.3998413085938,496.38079833984375,0.8826000094413757,600.2998046875,404.6567077636719,0.3813856244087219
track_0,2119,0.4547272026538849,583.430419921875,412.9190979003906,0.7796548008918762,631.8748168945312,488.56365966796875,0.8728637099266052,595.5349731445312,404.1851806640625,0.33236321806907654
track_0,2120,0.45062482357025146,579.4782104492188,408.15191650390625,0.3837815225124359,624.1825561523438,472.4643859863281,0.8655796647071838,,,0.0
track_0,2121,0.4471466541290283,579.78759765625,405.1960144042969,0.40067678689956665,624.2942504882812,472.2095031738281,0.856966495513916,,,0.0
track_0,2122,0.4349152147769928,583.421142578125,403.879150390625,0.5113173127174377,623.8297119140625,464.267822265625,0.824803352355957,,,0.0
track_0,2123,0.4312613010406494,580.9498901367188,400.4756774902344,0.4671957790851593,624.25830078125,460.6959533691406,0.7505316138267517,660.96875,464.587890625,0.22691448032855988
track_1,2123,0.3679672181606293,568.1239013671875,477.4232177734375,0.3873916566371918,639.4172973632812,512.3544921875,0.7979170680046082,655.7679443359375,612.605224609375,0.9340036511421204
track_0,2124,0.43225395679473877,584.6344604492188,400.4104919433594,0.3576396405696869,624.1786499023438,453.5123291015625,0.7294052243232727,664.9675903320312,468.66766357421875,0.437956839799881
track_1,2124,0.3568151593208313,568.4658813476562,475.95416259765625,0.3105682134628296,639.522705078125,520.28369140625,0.764674961566925,655.8613891601562,612.9832153320312,0.9237106442451477
track_0,2125,0.4224187135696411,585.496826171875,400.4543762207031,0.39963722229003906,624.61865234375,453.49945068359375,0.7044734954833984,668.6986694335938,469.73272705078125,0.5441832542419434
track_1,2125,0.3563840389251709,567.9561767578125,472.3731689453125,0.3639499545097351,639.6329345703125,520.39306640625,0.7686415910720825,655.9122924804688,613.0189208984375,0.9268776774406433
track_0,2126,0.41636449098587036,584.4965209960938,403.5716857910156,0.649455189704895,632.0512084960938,460.69866943359375,0.753103494644165,671.6435546875,471.59466552734375,0.5029317736625671
track_1,2126,0.3564421534538269,568.0835571289062,472.3946228027344,0.40786999464035034,639.8257446289062,520.4747314453125,0.7612042427062988,656.0330200195312,613.0763549804688,0.9299532771110535
track_0,2127,0.4065662920475006,584.40966796875,400.791259765625,0.6258033514022827,632.08642578125,460.7523193359375,0.7507419586181641,668.5782470703125,468.37835693359375,0.5257347822189331
track_1,2127,0.3606553077697754,567.7362670898438,472.073974609375,0.4792869985103607,639.4220581054688,520.322998046875,0.7818136215209961,655.7883911132812,613.0343017578125,0.9287110567092896
track_0,2128,0.3987100422382355,584.3387451171875,400.95806884765625,0.6438849568367004,632.20849609375,463.89312744140625,0.7405489683151245,668.8671875,467.82733154296875,0.6796872615814209
track_1,2128,0.36471664905548096,565.3097534179688,468.4621276855469,0.46430879831314087,633.1197509765625,520.0467529296875,0.7586174607276917,657.1201171875,612.646728515625,0.9690729975700378
track_0,2129,0.3926655948162079,583.9818725585938,400.8516845703125,0.5394850373268127,632.353271484375,463.8226318359375,0.7577832341194153,672.3701782226562,467.8397216796875,0.7335892915725708
track_1,2129,0.3662201464176178,565.2139282226562,468.4258117675781,0.44646984338760376,632.9149780273438,520.1414184570312,0.7746913433074951,656.7778930664062,612.5885620117188,0.9573007822036743
track_0,2130,0.39491620659828186,583.7177124023438,403.9630126953125,0.5157065391540527,632.2802124023438,460.8290100097656,0.7742091417312622,669.160400390625,464.8607177734375,0.7186628580093384
track_1,2130,0.3703259527683258,565.3583984375,468.3689880371094,0.3567847013473511,633.0355224609375,520.0983276367188,0.7589802145957947,653.5511474609375,612.6650390625,0.9531353116035461
track_0,2131,0.3998839259147644,583.4590454101562,403.8698425292969,0.5032727718353271,631.8491821289062,460.8586730957031,0.7930783033370972,668.5025024414062,465.00146484375,0.7098778486251831
track_1,2131,0.37248262763023376,565.7178344726562,468.499755859375,0.30670395493507385,633.0088500976562,520.1236572265625,0.7614568471908569,653.556640625,612.7138061523438,0.9493349194526672
track_0,2132,0.40491804480552673,,,0.0,624.0861206054688,453.5792236328125,0.7675057053565979,667.9349365234375,468.4251708984375,0.6498503684997559
track_1,2132,0.3781856894493103,568.8433837890625,468.5794677734375,0.3694448471069336,633.0072021484375,520.0514526367188,0.7845491766929626,656.779052734375,612.348876953125,0.9433938264846802
track_0,2133,0.40975698828697205,,,0.0,623.64306640625,453.6512145996094,0.7721251249313354,664.095947265625,465.185791015625,0.615591824054718
track_1,2133,0.3860994279384613,569.0160522460938,472.85223388671875,0.5249588489532471,632.6844482421875,512.3264770507812,0.787352979183197,656.5773315429688,612.1395263671875,0.9219498634338379
track_0,2134,0.4109478294849396,,,0.0,623.735595703125,453.4003601074219,0.7661882042884827,664.437255859375,464.81512451171875,0.7002424597740173
track_1,2134,0.3781020939350128,569.0756225585938,472.825439453125,0.5517677068710327,632.7406616210938,512.4583129882812,0.7884119153022766,656.6189575195312,612.2125854492188,0.9213090538978577
track_0,2135,0.4093377888202667,579.8267822265625,396.0715637207031,0.22256456315517426,623.853759765625,456.2840270996094,0.7607609033584595,664.6658935546875,464.5472717285156,0.7283949851989746
track_1,2135,0.37381139397621155,569.0299072265625,471.7640380859375,0.46402475237846375,632.8592529296875,520.0302734375,0.7776342630386353,656.6341552734375,612.5278930664062,0.9511328339576721
track_0,2136,0.4087751805782318,580.2277221679688,396.0675964355469,0.23602445423603058,624.08837890625,453.1414794921875,0.7445687055587769,664.6041259765625,464.4654541015625,0.6940290927886963
track_1,2136,0.37218177318573,568.9373779296875,468.7139892578125,0.44479531049728394,632.9221801757812,520.1040649414062,0.7649719715118408,656.6851806640625,612.5732421875,0.9481797218322754
track_0,2137,0.3978857100009918,584.0372314453125,397.008056640625,0.35684213042259216,624.3271484375,453.3710021972656,0.7496821880340576,664.6785888671875,464.81622314453125,0.6153533458709717
track_1,2137,0.37764444947242737,568.6519165039062,468.2993469238281,0.41503921151161194,632.9503173828125,520.0325927734375,0.7815749049186707,656.7982177734375,612.5654296875,0.9474769234657288
track_0,2138,0.38745033740997314,583.9326171875,400.2338562011719,0.7724284529685974,631.51416015625,464.0880126953125,0.7811377048492432,663.6017456054688,464.505126953125,0.4018566608428955
track_1,2138,0.38045820593833923,573.0552368164062,440.88458251953125,0.4705501198768616,632.9605102539062,519.9866943359375,0.7862606048583984,653.6071166992188,612.6585083007812,0.9481096267700195
track_0,2139,0.3874724805355072,588.8587646484375,396.4677734375,0.4877096116542816,624.533447265625,456.4429931640625,0.766089677810669,664.8079223632812,464.85150146484375,0.6000319123268127
track_1,2139,0.3789581060409546,572.8400268554688,440.7469787597656,0.43282994627952576,632.9547119140625,519.9714965820312,0.78660649061203,653.6471557617188,612.551513671875,0.95200115442276
track_0,2140,0.3746533989906311,584.2765502929688,400.52606201171875,0.7515140175819397,632.035888671875,464.2396545410156,0.7935891151428223,664.6217041015625,464.4794921875,0.37121954560279846
track_1,2140,0.3856414258480072,572.8701782226562,440.3631591796875,0.4508560597896576,632.9676513671875,519.818115234375,0.7926910519599915,653.679443359375,612.3829345703125,0.9498956799507141
track_0,2141,0.3719288110733032,584.30712890625,404.3774108886719,0.6115891337394714,632.2150268554688,464.40240478515625,0.7855613827705383,664.255126953125,461.34136962890625,0.3471035361289978
track_1,2141,0.38858070969581604,569.5336303710938,440.4588317871094,0.43834275007247925,632.87744140625,519.833740234375,0.8262085914611816,653.656494140625,612.27783203125,0.9434149265289307
track_0,2142,0.37912532687187195,584.3720703125,408.3202209472656,0.7348430156707764,632.5234985351562,472.35791015625,0.7965431809425354,664.1383666992188,460.62286376953125,0.4008178412914276
track_1,2142,0.39017152786254883,561.968994140625,468.5677185058594,0.3426917791366577,632.8095703125,512.1605224609375,0.826269268989563,656.8888549804688,608.9939575195312,0.922152042388916
track_1,2143,0.3985341787338257,561.6533203125,468.4749755859375,0.364454060792923,632.7859497070312,512.0980224609375,0.8485630750656128,656.839599609375,608.906982421875,0.9223755598068237
track_1,2144,0.4094482958316803,561.6863403320312,468.4454650878906,0.3679202198982239,632.85693359375,512.0992431640625,0.8539909720420837,656.84033203125,608.8970947265625,0.9220772981643677
track_1,2145,0.41141000390052795,564.8465576171875,468.3514404296875,0.3759586215019226,632.94921875,512.2103881835938,0.8564452528953552,656.9517211914062,608.9979248046875,0.9236580729484558
track_1,2146,0.4131994843482971,564.8590087890625,468.2920837402344,0.384827196598053,632.8504028320312,512.3430786132812,0.8498700261116028,656.8648071289062,609.036376953125,0.9332958459854126
track_1,2147,0.41995787620544434,564.6187133789062,468.15625,0.41016918420791626,632.6841430664062,512.2980346679688,0.863459050655365,656.7977294921875,609.0829467773438,0.9327861070632935
track_1,2148,0.42567726969718933,564.230224609375,468.27435302734375,0.463049978017807,632.4147338867188,512.207275390625,0.8856170773506165,653.1417846679688,612.333740234375,0.9462690353393555
track_1,2149,0.42142513394355774,563.9208374023438,468.2843017578125,0.5082436800003052,632.1936645507812,512.1959838867188,0.8933516144752502,656.1714477539062,612.1588745117188,0.951557993888855
track_1,2150,0.4180610477924347,563.8435668945312,468.2940368652344,0.5107943415641785,632.0938110351562,512.2012939453125,0.89512038230896,656.1207275390625,612.222412109375,0.9607806205749512
track_1,2151,0.41620099544525146,563.9225463867188,468.2616882324219,0.5021089315414429,632.1612548828125,512.1788940429688,0.8998039960861206,656.2314453125,612.26416015625,0.9597908854484558
track_1,2152,0.4179202914237976,564.0548706054688,468.29302978515625,0.4833309054374695,632.2425537109375,512.1390380859375,0.9057567119598389,656.4340209960938,612.2937622070312,0.9658157825469971
track_1,2153,0.4190111458301544,564.1024169921875,468.38775634765625,0.5031788945198059,632.2269287109375,512.142822265625,0.913746178150177,656.3839721679688,612.232177734375,0.9655280709266663
track_1,2154,0.41459012031555176,580.7566528320312,424.60931396484375,0.4818611741065979,632.2721557617188,504.4694519042969,0.8839995265007019,652.984130859375,608.27685546875,0.6977621912956238
track_1,2155,0.4224511384963989,561.2959594726562,468.6250305175781,0.3347972631454468,632.1948852539062,504.33587646484375,0.8462083339691162,656.3204956054688,607.8566284179688,0.6508461833000183
track_1,2156,0.43825778365135193,580.6119384765625,420.7079162597656,0.6217249035835266,632.1222534179688,496.53497314453125,0.8829936981201172,619.8703002929688,408.6326599121094,0.46346208453178406
track_1,2157,0.4484710991382599,579.537109375,417.11810302734375,0.5749122500419617,631.6541748046875,488.7793884277344,0.8644170761108398,591.409423828125,408.7838134765625,0.358502596616745
track_1,2158,0.45256954431533813,577.263916015625,411.8715515136719,0.2826765179634094,624.7208862304688,480.37158203125,0.8256350159645081,624.37841796875,409.16400146484375,0.42655014991760254
track_1,2159,0.45115751028060913,580.1005249023438,411.730712890625,0.36326301097869873,624.8267211914062,480.19775390625,0.8220129609107971,625.5896606445312,411.89208984375,0.4453873336315155
track_0,2160,0.43531548976898193,583.6331176757812,407.98370361328125,0.4080785810947418,624.4791870117188,472.21270751953125,0.8286947011947632,629.056396484375,412.8746643066406,0.6009935140609741
track_0,2161,0.4203667640686035,583.8302001953125,405.1517333984375,0.45557963848114014,624.0153198242188,464.78094482421875,0.790863037109375,632.73681640625,413.3988037109375,0.6642146110534668
track_0,2162,0.41616812348365784,583.6693115234375,404.86572265625,0.49324432015419006,624.1461181640625,464.443603515625,0.7365097403526306,636.5313720703125,416.095458984375,0.6519197225570679
track_0,2163,0.4109008014202118,588.5472412109375,399.9373474121094,0.39343321323394775,616.5474853515625,456.45672607421875,0.7343955636024475,641.53173828125,413.23309326171875,0.7366322875022888
track_1,2163,0.37825194001197815,572.2131958007812,480.2227783203125,0.5058619379997253,639.8865356445312,512.3528442382812,0.8029136061668396,656.1400146484375,612.6173706054688,0.9305292367935181
track_0,2164,0.4235980808734894,591.590576171875,393.8118896484375,0.42146599292755127,616.0364379882812,449.2763977050781,0.7818992733955383,648.0609741210938,413.2293701171875,0.6890180110931396
track_1,2164,0.3625248968601227,575.935791015625,476.4685363769531,0.40825432538986206,640.139892578125,520.114990234375,0.7873621582984924,656.3131713867188,612.877197265625,0.9109426140785217
track_0,2165,0.4325067102909088,588.6912231445312,393.1389465332031,0.3790775239467621,615.8171997070312,448.777587890625,0.7862066030502319,652.0335083007812,413.0417785644531,0.7085025310516357
track_1,2165,0.34853821992874146,575.819091796875,476.3648681640625,0.4244726598262787,640.1701049804688,520.3482055664062,0.7597823143005371,656.2446899414062,612.9095458984375,0.9140825867652893
track_0,2166,0.44759273529052734,680.2093505859375,475.81689453125,0.42328035831451416,608.1624145507812,444.92279052734375,0.8054814338684082,592.1029663085938,396.0956726074219,0.5267018675804138
track_1,2166,0.33460113406181335,568.7037353515625,475.98565673828125,0.38857194781303406,640.2184448242188,520.6199951171875,0.7312705516815186,656.1826782226562,612.9900512695312,0.9196022748947144
track_0,2167,0.45555537939071655,648.4212036132812,504.29071044921875,0.32687506079673767,607.9072265625,447.7292785644531,0.8047693371772766,653.0304565429688,412.00958251953125,0.42171621322631836
track_1,2167,0.33034372329711914,659.7760009765625,456.3850402832031,0.5238839983940125,639.9696044921875,528.1170654296875,0.7691444754600525,655.9177856445312,612.9281005859375,0.861571729183197
track_0,2168,0.4497866630554199,644.9961547851562,501.6279296875,0.29273101687431335,605.0072631835938,447.9565124511719,0.7903038859367371,675.7722778320312,475.9231262207031,0.5629420876502991
track_1,2168,0.32880428433418274,568.5802612304688,472.9669494628906,0.2857769727706909,639.7506713867188,520.52587890625,0.7629415988922119,655.88671875,613.0467529296875,0.9126346707344055
track_0,2169,0.4296036958694458,645.3179931640625,501.05133056640625,0.22554242610931396,605.0306396484375,448.20050048828125,0.7812409996986389,672.38623046875,471.9610290527344,0.6366458535194397
track_1,2169,0.33537402749061584,575.2426147460938,472.68328857421875,0.3441554605960846,639.158447265625,520.1676635742188,0.7906462550163269,655.448486328125,612.8524169921875,0.915366530418396
track_0,2170,0.41080179810523987,668.1575927734375,500.602294921875,0.22344551980495453,605.1005249023438,448.60797119140625,0.7803869247436523,672.2982177734375,468.98309326171875,0.7100545763969421
track_1,2170,0.40877267718315125,,,0.0,623.91650390625,456.6783752441406,0.6901272535324097,668.5125122070312,465.06231689453125,0.780526340007782
track_0,2171,0.43800604343414307,668.3934936523438,500.4652099609375,0.21729955077171326,608.0001220703125,448.2837829589844,0.790438175201416,673.2531127929688,468.5107727050781,0.6732057929039001
track_0,2172,0.4571690559387207,677.1895751953125,463.8208312988281,0.2647787928581238,605.0797119140625,447.86529541015625,0.7704273462295532,548.7348022460938,472.6062927246094,0.5288800001144409
track_0,2173,0.4865962266921997,677.5367431640625,460.74560546875,0.38915202021598816,607.9049072265625,440.34130859375,0.780444860458374,648.6862182617188,404.0660400390625,0.5734629034996033
track_1,2173,0.29526740312576294,668.7847290039062,451.9031677246094,0.6757511496543884,632.9938354492188,528.0349731445312,0.8189215660095215,653.1629638671875,612.6202392578125,0.9066994786262512
track_0,2174,0.5261165499687195,656.1163330078125,503.9595947265625,0.2756325304508209,608.063232421875,436.504150390625,0.7408074736595154,652.32958984375,403.4251708984375,0.6900815963745117
track_1,2174,0.27867749333381653,665.2144775390625,456.8913879394531,0.6517630219459534,633.2521362304688,540.49462890625,0.7061724066734314,653.355712890625,612.6720581054688,0.8776035904884338
track_0,2175,0.5197321772575378,652.748291015625,502.05926513671875,0.24992099404335022,608.1159057617188,429.7164306640625,0.8216326236724854,652.7467041015625,397.5400695800781,0.6613293290138245
track_1,2175,0.2756277322769165,665.0067138671875,460.36383056640625,0.6836832165718079,633.2540283203125,543.9278564453125,0.7090044617652893,653.6170654296875,612.80078125,0.8835698962211609
track_0,2176,0.519061803817749,680.830078125,465.4049377441406,0.37064895033836365,608.2141723632812,429.5227355957031,0.7987155318260193,656.3395385742188,393.7849426269531,0.4932456314563751
track_1,2176,0.2693997621536255,662.444580078125,460.6482238769531,0.6493057012557983,633.281005859375,544.1705322265625,0.7126352190971375,653.6971435546875,612.9078369140625,0.8876802325248718
track_0,2177,0.5129424929618835,656.6304321289062,500.5057678222656,0.2699497938156128,615.8919677734375,429.56976318359375,0.7646077871322632,536.6260986328125,420.8193054199219,0.6245982050895691
track_1,2177,0.2682744562625885,665.1038818359375,464.0019836425781,0.6059790849685669,633.03955078125,544.46826171875,0.6914692521095276,653.4100341796875,615.7604370117188,0.8999306559562683
track_0,2178,0.5109514594078064,656.3761596679688,498.0102844238281,0.2711092233657837,615.8225708007812,429.66510009765625,0.8177536725997925,535.9398193359375,420.6490783691406,0.767336368560791
track_1,2178,0.26928049325942993,665.3807373046875,464.5244140625,0.7013475298881531,633.1942749023438,544.050048828125,0.7031797170639038,653.2410888671875,615.9351806640625,0.8912938237190247
track_0,2179,0.5082471966743469,656.76416015625,499.964599609375,0.21611060202121735,612.8282470703125,439.75140380859375,0.7404695749282837,535.7740478515625,419.7666015625,0.7945384979248047
track_1,2179,0.2686546742916107,665.8795166015625,464.214111328125,0.7218596339225769,633.2891845703125,540.6201782226562,0.7168533802032471,653.2470703125,615.9620361328125,0.8814830183982849
track_0,2180,0.49360191822052,657.006591796875,499.8683166503906,0.22266213595867157,612.850830078125,439.98468017578125,0.7227910161018372,535.939697265625,420.1575012207031,0.7522320747375488
track_1,2180,0.27879250049591064,667.0233764648438,461.0279235839844,0.7895106077194214,639.187255859375,540.0877685546875,0.7703859806060791,651.7926025390625,615.8450317382812,0.8318693041801453
track_0,2181,0.48867344856262207,660.0802001953125,500.3414306640625,0.26964133977890015,612.919677734375,439.99603271484375,0.685488224029541,536.2764282226562,420.546142578125,0.6788495182991028
track_1,2181,0.2857051193714142,664.154052734375,460.8997497558594,0.7821935415267944,639.4373779296875,540.0031127929688,0.7635102272033691,652.045166015625,615.7635498046875,0.8331838250160217
track_0,2182,0.4895329475402832,660.3438110351562,500.32220458984375,0.26270100474357605,613.0538330078125,440.1112060546875,0.6758323311805725,536.5504150390625,424.1346435546875,0.5605031251907349
track_1,2182,0.29029911756515503,663.8388671875,460.81201171875,0.7805216908454895,639.5781860351562,540.1843872070312,0.7483710050582886,652.1832275390625,615.6929931640625,0.8323954343795776
track_0,2183,0.4814282953739166,660.54541015625,497.6761474609375,0.24724893271923065,613.0123901367188,440.3133239746094,0.6713355779647827,536.6006469726562,424.9622497558594,0.6216940879821777
track_1,2183,0.29309365153312683,663.6783447265625,456.75946044921875,0.8370470404624939,639.4193725585938,528.6950073242188,0.7616930603981018,655.1306762695312,613.212890625,0.8664128184318542
track_0,2184,0.47027891874313354,660.3447875976562,497.7860107421875,0.2085755169391632,613.00048828125,440.58477783203125,0.7402147650718689,536.0797729492188,428.57672119140625,0.7479658722877502
track_1,2184,0.29015544056892395,663.791748046875,456.5806884765625,0.8482238054275513,639.2449340820312,528.78271484375,0.7662810683250427,654.9851684570312,615.7739868164062,0.8661923408508301
track_0,2185,0.4672551155090332,685.0197143554688,464.440673828125,0.312457799911499,612.9825439453125,440.64178466796875,0.7567911148071289,533.1097412109375,429.3857421875,0.6775755882263184
track_1,2185,0.28600963950157166,665.6912841796875,456.2328186035156,0.7818936705589294,633.2859497070312,528.6229248046875,0.751110315322876,653.531494140625,612.88427734375,0.9089503884315491
track_0,2186,0.4687187671661377,681.2161865234375,461.0516357421875,0.49189624190330505,612.9242553710938,440.53857421875,0.7582265138626099,532.8073120117188,432.49554443359375,0.6442580819129944
track_1,2186,0.28506574034690857,669.2252807617188,456.15655517578125,0.6933475732803345,632.9140625,528.2543334960938,0.8113247752189636,653.2295532226562,612.76416015625,0.9113683700561523
track_0,2187,0.474103718996048,680.63623046875,460.86651611328125,0.5577258467674255,612.7640991210938,440.3537902832031,0.7707347869873047,532.563232421875,432.71685791015625,0.5844032764434814
track_1,2187,0.28538021445274353,669.2078857421875,456.279541015625,0.5925040245056152,632.6619262695312,528.207275390625,0.8245574831962585,653.1521606445312,612.7573852539062,0.9055420756340027
track_0,2188,0.4797065258026123,677.0387573242188,461.1112060546875,0.6913044452667236,608.2811279296875,437.4029235839844,0.8427338600158691,541.0388793945312,465.33624267578125,0.5857078433036804
track_1,2188,0.2884228825569153,672.5582885742188,459.8627014160156,0.6097803711891174,632.4774169921875,528.3077392578125,0.8047951459884644,652.9854125976562,612.859375,0.9033901691436768
track_0,2189,0.48956242203712463,676.9410400390625,460.68682861328125,0.7135827541351318,608.2589721679688,437.13201904296875,0.8591881990432739,540.8851928710938,465.05621337890625,0.5898164510726929
track_1,2189,0.2858838140964508,672.66162109375,459.9374694824219,0.6085705161094666,632.4148559570312,528.4078369140625,0.7932271361351013,653.00634765625,615.7979736328125,0.9108952879905701
track_0,2190,0.5006025433540344,676.7183227539062,452.9301452636719,0.7709624171257019,608.1422119140625,436.94488525390625,0.8796863555908203,540.6671142578125,464.90203857421875,0.5836330652236938
track_1,2190,0.2785145044326782,680.6611328125,456.3519592285156,0.3253204822540283,632.1929931640625,528.2073364257812,0.813514769077301,652.8677368164062,615.99951171875,0.9133983254432678
track_0,2191,0.5154168009757996,676.5624389648438,452.11846923828125,0.7383000254631042,608.0404052734375,437.03143310546875,0.913777232170105,540.356689453125,464.68701171875,0.5334120988845825
track_1,2191,0.2758721709251404,688.2958374023438,455.8755187988281,0.21434667706489563,632.1378173828125,527.9778442382812,0.8169872164726257,652.7298583984375,615.85546875,0.9232880473136902
track_0,2192,0.520739734172821,676.4774780273438,451.99151611328125,0.7463988661766052,607.9032592773438,436.943603515625,0.9433489441871643,652.9322509765625,351.7482604980469,0.6245272159576416
track_1,2192,0.2769939601421356,576.5814819335938,460.2582702636719,0.2663726210594177,632.4762573242188,527.898193359375,0.7948116064071655,652.951171875,616.004150390625,0.9363207221031189
track_0,2193,0.5272483229637146,676.31494140625,452.47271728515625,0.6809595823287964,600.4814453125,439.7347717285156,0.9717130064964294,645.4396362304688,348.0904541015625,0.5173315405845642
track_1,2193,0.27675706148147583,685.6099853515625,456.5067443847656,0.39392170310020447,633.016357421875,527.9566040039062,0.7704143524169922,653.567138671875,616.2164306640625,0.9313442707061768
track_0,2194,0.5337197780609131,672.7225952148438,453.17431640625,0.7506123185157776,600.431640625,432.5743713378906,1.0154417753219604,536.606689453125,460.72930908203125,0.4447186589241028
track_1,2194,0.279674232006073,679.2850341796875,456.7398376464844,0.4814193546772003,639.1004638671875,527.9498291015625,0.8354021310806274,655.3455810546875,616.468505859375,0.9225865602493286
track_0,2195,0.5454227328300476,627.930908203125,344.439697265625,0.8633572459220886,600.15576171875,432.2886962890625,1.0145846605300903,536.0119018554688,457.02056884765625,0.45661625266075134
track_1,2195,0.28200605511665344,679.1141967773438,456.7316589355469,0.4599594473838806,639.3146362304688,527.99609375,0.83688884973526,655.5621337890625,616.4461669921875,0.928562581539154
track_0,2196,0.5481757521629333,624.0450439453125,340.8465576171875,0.8807100057601929,599.861328125,432.03167724609375,1.0111395120620728,535.7191772460938,460.2794189453125,0.45113304257392883
track_1,2196,0.2879914343357086,675.5458984375,456.54693603515625,0.42961013317108154,639.5652465820312,528.0232543945312,0.8447564244270325,655.747314453125,616.4818725585938,0.9407731294631958
track_0,2197,0.5541882514953613,620.9855346679688,340.1319580078125,0.8741127848625183,592.5216064453125,431.9101867675781,1.0032044649124146,536.40771484375,459.98980712890625,0.39660608768463135
track_1,2197,0.2941840887069702,664.0332641601562,456.6618957519531,0.4953509569168091,639.71044921875,528.1122436523438,0.850162923336029,656.14111328125,616.586669921875,0.9341368079185486
track_0,2198,0.5568404793739319,616.9329223632812,333.3266906738281,0.9166040420532227,592.3380737304688,424.5987548828125,1.0033905506134033,536.5863037109375,461.052001953125,0.42986053228378296
track_1,2198,0.29508647322654724,655.8175048828125,457.0185546875,0.4704968333244324,639.470458984375,528.373046875,0.855392336845398,655.9718627929688,616.7781372070312,0.933224081993103
track_0,2199,0.555152416229248,612.9187622070312,332.2244567871094,0.8167175650596619,591.9603881835938,424.08984375,0.9987478852272034,539.9893798828125,464.29400634765625,0.37805211544036865
track_1,2199,0.2874947786331177,651.2655639648438,460.40338134765625,0.2846856415271759,639.06689453125,535.86572265625,0.8806278109550476,655.6026611328125,616.3486328125,0.9318822622299194
track_0,2200,0.5536519885063171,607.905029296875,324.9283142089844,0.6865924596786499,591.6573486328125,416.49005126953125,0.9626147747039795,544.3124389648438,464.76446533203125,0.31488117575645447
track_1,2200,0.28188711404800415,645.594482421875,461.37158203125,0.21862396597862244,633.0533447265625,536.5677490234375,0.8552990555763245,656.9622802734375,616.6331787109375,0.9186187386512756
track_0,2201,0.5453760623931885,653.13720703125,449.55419921875,0.6049306392669678,584.9688720703125,408.9200744628906,0.9634295701980591,553.402587890625,468.85614013671875,0.28835633397102356
track_1,2201,0.2861103117465973,648.9278564453125,465.2017822265625,0.2129661589860916,632.4351196289062,543.7787475585938,0.889851987361908,656.8087158203125,616.2779541015625,0.8696649670600891
track_0,2202,0.533767819404602,656.322265625,452.6285095214844,0.5049026608467102,584.4720458984375,408.37677001953125,0.9425894021987915,560.0087890625,468.588623046875,0.34748733043670654
track_1,2202,0.2843168079853058,,,0.0,631.8008422851562,536.6197509765625,0.8838002681732178,655.9832153320312,616.6284790039062,0.803494393825531
track_0,2203,0.5321765542030334,629.3849487304688,480.503662109375,0.24993237853050232,585.0162353515625,392.7552185058594,0.9480229020118713,573.6671142578125,312.86920166015625,0.5032244324684143
track_1,2203,0.2885768413543701,,,0.0,625.3291015625,543.5501098632812,0.8584855794906616,656.9940185546875,616.042724609375,0.8038424849510193
track_0,2204,0.5398076772689819,628.9559326171875,488.84967041015625,0.33855846524238586,584.8936767578125,384.67047119140625,0.8907808661460876,576.8375244140625,304.6766357421875,0.23450446128845215
track_1,2204,0.2965119481086731,,,0.0,625.0380859375,543.885986328125,0.8788219690322876,653.388427734375,616.7115478515625,0.7892916202545166
track_0,2205,0.5501870512962341,560.213134765625,309.284912109375,0.2585032284259796,584.70556640625,376.7382507324219,0.9144576787948608,576.6028442382812,448.7913513183594,0.2506513297557831
track_1,2205,0.31491002440452576,,,0.0,625.275634765625,544.0404052734375,0.8997036814689636,653.22998046875,619.582763671875,0.7331620454788208
track_0,2206,0.570645272731781,548.8385620117188,304.96392822265625,0.5148075222969055,584.2086791992188,376.3524475097656,0.902694821357727,576.8466796875,448.6647033691406,0.2159077227115631
track_1,2206,0.3322416841983795,,,0.0,632.0746459960938,536.984619140625,0.8906378149986267,652.1970825195312,617.8651733398438,0.6085255742073059
track_0,2207,0.5976002812385559,536.448974609375,308.66552734375,0.7964824438095093,583.7225952148438,368.5255126953125,0.9075132608413696,,,0.0
track_1,2207,0.3508618175983429,,,0.0,631.9403076171875,544.3590087890625,0.9146798849105835,648.3482055664062,620.7596435546875,0.6506226658821106
track_0,2208,0.6221309304237366,529.5808715820312,308.5303955078125,0.7732625007629395,576.9909057617188,368.15570068359375,0.9176428318023682,581.111328125,440.92279052734375,0.2239844799041748
track_1,2208,0.36505764722824097,,,0.0,624.970703125,551.9189453125,0.9012402296066284,649.0252685546875,623.5684814453125,0.5728313326835632
track_0,2209,0.630466103553772,520.8438720703125,312.31890869140625,0.9513121843338013,576.3953247070312,368.00927734375,0.9175829291343689,581.0440673828125,440.303466796875,0.2543778717517853
track_1,2209,0.3511272370815277,,,0.0,631.854736328125,544.583251953125,0.9227197766304016,644.1272583007812,624.1172485351562,0.5499090552330017
track_0,2210,0.631182074546814,513.148193359375,313.028076171875,0.9541143774986267,569.1270141601562,360.6073303222656,0.9286786913871765,,,0.0
track_1,2210,0.360763281583786,554.0281982421875,465.4594421386719,0.2375149130821228,624.957275390625,544.7566528320312,0.9125275611877441,645.1848754882812,621.8056640625,0.6144912242889404
track_0,2211,0.6363651752471924,508.20025634765625,316.607177734375,1.0004732608795166,568.440185546875,360.54815673828125,0.9250735640525818,,,0.0
track_1,2211,0.37129834294319153,,,0.0,624.7315673828125,544.4501953125,0.924144446849823,644.6080322265625,621.2592163085938,0.6492137908935547
track_0,2212,0.6519022583961487,503.8945007324219,316.30377197265625,1.0081777572631836,567.6624755859375,360.2734069824219,0.9157175421714783,,,0.0
track_1,2212,0.39429208636283875,,,0.0,624.5477905273438,544.6542358398438,0.9527764916419983,644.2543334960938,621.6317138671875,0.6302399635314941
track_0,2213,0.69135582447052,500.2057800292969,312.5926513671875,0.9671118855476379,559.966796875,352.6322021484375,0.9380018711090088,,,0.0
track_1,2213,0.4200645089149475,,,0.0,624.88671875,544.6738891601562,0.9499170184135437,640.8668823242188,624.2897338867188,0.5985292792320251
track_0,2214,0.7383707761764526,493.2542724609375,311.66412353515625,0.9271062016487122,552.6893310546875,351.88397216796875,0.9429733753204346,,,0.0
track_1,2214,0.4572441577911377,705.8829956054688,552.8951416015625,0.2578665614128113,632.4404296875,544.6266479492188,0.925311803817749,644.5547485351562,624.9945068359375,0.4898478388786316
track_0,2215,0.7799320816993713,491.9033203125,309.34100341796875,0.9646340012550354,552.05126953125,344.65478515625,0.9698407649993896,588.3270874023438,412.485107421875,0.30529993772506714
track_1,2215,0.48399093747138977,,,0.0,632.4608764648438,552.4327392578125,0.9382075071334839,636.699462890625,496.92266845703125,0.3064514696598053
track_0,2216,0.8025428056716919,484.4340515136719,312.33831787109375,0.9780066013336182,551.9556884765625,344.251953125,0.9573394656181335,588.451904296875,408.3538818359375,0.5661652684211731
track_1,2216,0.4855337142944336,,,0.0,632.7286376953125,552.6239013671875,0.933712363243103,637.5830078125,629.058349609375,0.23848305642604828
track_0,2217,0.8110089302062988,480.33367919921875,312.4371032714844,1.0541354417800903,551.962158203125,344.0714111328125,0.9628435969352722,592.11181640625,404.69036865234375,0.8305990099906921
track_1,2217,0.4836995005607605,,,0.0,632.6016845703125,552.4719848632812,0.9386566877365112,596.5509643554688,612.4183349609375,0.26318520307540894
track_0,2218,0.7968541383743286,480.0660400390625,312.30084228515625,1.0518184900283813,552.1226196289062,343.8043212890625,0.9634075164794922,593.01513671875,404.24468994140625,0.8477529883384705
track_1,2218,0.46877163648605347,,,0.0,640.2117309570312,544.6390991210938,0.9409106373786926,596.154296875,609.188720703125,0.277275025844574
track_0,2219,0.7824393510818481,476.7194519042969,312.65948486328125,1.0593817234039307,552.1196899414062,336.6197814941406,0.9974330067634583,596.3031616210938,404.456787109375,0.7293389439582825
track_1,2219,0.4805051386356354,720.3956298828125,545.4447021484375,0.2124844640493393,640.0687866210938,544.3943481445312,0.9461678862571716,595.9527587890625,608.4990844726562,0.25310570001602173
track_0,2220,0.7677364945411682,472.90155029296875,309.0716552734375,1.019083023071289,552.21875,336.0699157714844,0.9926475882530212,596.9281005859375,396.3595275878906,0.6419636607170105
track_1,2220,0.5096315741539001,,,0.0,632.8216552734375,544.8749389648438,0.9733825922012329,636.5311889648438,626.012939453125,0.33359843492507935
track_0,2221,0.7540559768676758,471.92755126953125,308.9822998046875,1.0237821340560913,552.0215454101562,329.18988037109375,1.0147327184677124,596.5386352539062,393.22955322265625,0.6341351866722107
track_1,2221,0.5306773781776428,684.66015625,641.5924072265625,0.35936620831489563,632.8424072265625,544.85986328125,0.9689744114875793,636.6201782226562,628.2838134765625,0.2650546729564667
track_0,2222,0.7566186189651489,464.6445007324219,308.5101318359375,1.0383200645446777,551.9773559570312,328.77508544921875,1.0108956098556519,596.3153076171875,388.8317565917969,0.6278107762336731
track_1,2222,0.5529777407646179,712.72607421875,564.80078125,0.4407463073730469,640.5510864257812,544.7803955078125,0.9632031321525574,657.0533447265625,493.20452880859375,0.3730405569076538
track_0,2223,0.7638691663742065,456.9007873535156,305.156494140625,1.0319877862930298,544.522705078125,328.155517578125,1.0078942775726318,596.43994140625,384.02423095703125,0.6632472276687622
track_1,2223,0.5561019778251648,687.6347045898438,644.365966796875,0.35354694724082947,640.4226684570312,552.1301879882812,0.9419631361961365,656.477783203125,500.2021484375,0.3434390425682068
track_0,2224,0.7662672996520996,449.059814453125,305.1678161621094,1.067601203918457,536.3897705078125,321.15301513671875,0.995972216129303,596.2217407226562,380.7742919921875,0.7371504902839661
track_1,2224,0.5485223531723022,684.7479858398438,644.0045166015625,0.37143635749816895,640.30224609375,552.1473388671875,0.9320260882377625,591.9144287109375,612.6384887695312,0.35102105140686035
track_0,2225,0.7774052619934082,440.77227783203125,301.11639404296875,1.0279523134231567,528.534912109375,320.5915832519531,0.9854607582092285,589.0394897460938,373.3033447265625,0.7304671406745911
track_1,2225,0.5442538857460022,684.9152221679688,644.4656982421875,0.30921879410743713,632.6506958007812,552.4454956054688,0.9352285265922546,592.2664794921875,609.5767822265625,0.32770851254463196
track_0,2226,0.7772936224937439,432.314453125,300.0760498046875,1.0030111074447632,520.558349609375,320.19287109375,0.9855483770370483,584.5951538085938,368.891357421875,0.7646084427833557
track_1,2226,0.5307013988494873,684.1590576171875,641.0235595703125,0.4473808705806732,640.2182006835938,544.7423706054688,0.9304909110069275,720.9212646484375,545.3386840820312,0.368925541639328
track_0,2227,0.7652087807655334,421.2160949707031,296.7838439941406,1.0384000539779663,512.499755859375,319.9794921875,0.9907436370849609,576.3692626953125,367.54925537109375,0.7527778744697571
track_1,2227,0.49974820017814636,683.7698974609375,640.5667724609375,0.44463226199150085,640.0440673828125,544.2227172851562,0.9383180141448975,591.7394409179688,608.9278564453125,0.31472957134246826
track_0,2228,0.7536811828613281,413.19000244140625,296.69842529296875,1.0477265119552612,504.4670104980469,319.8871765136719,1.0056484937667847,568.8427734375,360.2459716796875,0.7789186239242554
track_1,2228,0.5099421739578247,683.6544189453125,640.4749755859375,0.41856709122657776,640.0645751953125,544.0994873046875,0.9426984786987305,592.0164794921875,608.346923828125,0.24267198145389557
track_0,2229,0.7535977959632874,408.1849365234375,299.47821044921875,1.0383236408233643,496.3746337890625,319.7491149902344,1.0056078433990479,564.0362548828125,352.1763916015625,0.6852933168411255
track_1,2229,0.5385791063308716,680.9234008789062,641.5330200195312,0.39008039236068726,632.6207275390625,544.4556884765625,0.9626471996307373,637.1636962890625,628.876220703125,0.4059756100177765
track_0,2230,0.7714981436729431,400.2134704589844,297.4446716308594,1.0965362787246704,488.2130126953125,312.8655090332031,0.9623687267303467,556.96337890625,345.2579345703125,0.6332381963729858
track_1,2230,0.5437393188476562,680.4799194335938,641.064208984375,0.47550228238105774,640.3300170898438,544.3555297851562,0.9439097046852112,591.933349609375,609.0286865234375,0.3520900309085846
track_0,2231,0.7748967409133911,392.35455322265625,300.6593322753906,1.049536943435669,480.4210510253906,312.3430480957031,0.9567077159881592,552.4075927734375,340.3798828125,0.7779842615127563
track_1,2231,0.5324040651321411,680.6612548828125,641.3535766601562,0.47996166348457336,640.5221557617188,544.6989135742188,0.931151807308197,592.0387573242188,609.5182495117188,0.2993234395980835
track_0,2232,0.7687672972679138,384.7032165527344,303.9115295410156,0.9996995329856873,480.1866760253906,311.822509765625,0.964056134223938,544.6547241210938,332.5513610839844,0.7609168887138367
track_1,2232,0.5291516184806824,680.7203369140625,641.5596313476562,0.4732758402824402,640.48583984375,544.96435546875,0.9387643933296204,592.00390625,612.8292236328125,0.2531581223011017
track_0,2233,0.7742404937744141,376.96759033203125,308.94281005859375,0.9493060111999512,472.1871337890625,304.6103820800781,0.9692777395248413,540.2144775390625,332.4151611328125,0.7431172728538513
track_1,2233,0.5042401552200317,680.8936157226562,644.9204711914062,0.3876578211784363,632.7944946289062,552.6820068359375,0.9225512742996216,592.8111572265625,613.6400146484375,0.22737421095371246
track_0,2234,0.7677136063575745,372.42108154296875,311.860595703125,0.9496031403541565,464.387939453125,304.1028137207031,0.9562809467315674,533.0110473632812,328.55145263671875,0.8731393814086914
track_1,2234,0.4732280373573303,680.9994506835938,644.992431640625,0.39281755685806274,632.919189453125,552.810546875,0.9135052561759949,592.8956298828125,616.7225341796875,0.20078133046627045
track_0,2235,0.7679088115692139,368.4590148925781,310.9194641113281,0.7453465461730957,464.032470703125,303.8822021484375,0.967715322971344,528.3970947265625,327.71026611328125,0.7962278723716736
track_1,2235,0.4633406102657318,680.6409301757812,641.6011352539062,0.4564121663570404,640.7022094726562,545.00390625,0.9355935454368591,592.7453002929688,616.6787109375,0.2552991807460785
track_0,2236,0.7606658339500427,360.8656005859375,308.17626953125,0.7164039611816406,456.0545959472656,304.0374755859375,0.9430944919586182,520.5501708984375,324.60980224609375,0.7292502522468567
track_1,2236,0.4976615607738495,680.2838745117188,641.42578125,0.4418013095855713,640.4523315429688,544.7157592773438,0.9439407587051392,680.5303955078125,489.5125427246094,0.22638505697250366
track_0,2237,0.7572402358055115,352.8116149902344,308.59442138671875,0.7707824110984802,448.0035400390625,304.2519836425781,0.9434115290641785,512.4163818359375,324.147705078125,0.685352623462677
track_1,2237,0.5435811877250671,680.2267456054688,643.9950561523438,0.42000794410705566,640.2189331054688,544.4594116210938,0.9401351809501648,676.8115844726562,496.7283630371094,0.4143335521221161
track_0,2238,0.7476170063018799,344.4591369628906,307.88946533203125,0.5250031352043152,440.10736083984375,304.47552490234375,0.9526772499084473,332.7135925292969,317.0378723144531,0.6379027962684631
track_1,2238,0.5662769675254822,720.1638793945312,561.0543823242188,0.4439414143562317,648.01708984375,544.1952514648438,0.9201517105102539,591.8936157226562,612.4342651367188,0.4356614053249359
track_0,2239,0.7432355284690857,332.2707214355469,309.1639709472656,1.0191086530685425,424.5203857421875,304.99212646484375,0.9651544690132141,492.5694885253906,320.752685546875,0.769670844078064
track_1,2239,0.5416054129600525,681.1119384765625,644.9862060546875,0.42764270305633545,640.572265625,552.5865478515625,0.9386176466941833,721.00341796875,536.8678588867188,0.44197550415992737
track_0,2240,0.7337009310722351,321.02191162109375,309.30987548828125,0.9672610759735107,416.173828125,305.2845153808594,0.9654696583747864,480.3279113769531,317.9631652832031,0.6764085292816162
track_1,2240,0.523017168045044,680.7305908203125,644.5582275390625,0.44519662857055664,648.1231689453125,552.2047729492188,0.8890260457992554,591.8235473632812,616.687255859375,0.494705468416214
track_0,2241,0.729069173336029,312.19903564453125,309.404296875,1.0649851560592651,400.4241943359375,305.3526916503906,0.9439484477043152,468.8714599609375,317.6939392089844,0.7520198225975037
track_1,2241,0.5230206251144409,680.4904174804688,641.5475463867188,0.4703446328639984,656.19140625,544.6466674804688,0.901585578918457,588.6336059570312,616.320556640625,0.5522878170013428
track_0,2242,0.7509398460388184,303.5159912109375,312.3442077636719,0.9262616038322449,392.1392822265625,304.615966796875,0.9536891579627991,456.4991455078125,313.3680114746094,0.6735449433326721
track_1,2242,0.5308765172958374,680.45556640625,641.1145629882812,0.50902259349823,656.2974853515625,544.2059326171875,0.8813647627830505,588.3465576171875,612.7640991210938,0.5201102495193481
track_0,2243,0.7536107301712036,289.15081787109375,312.2642517089844,1.0311959981918335,376.45263671875,304.01983642578125,0.9417251944541931,444.71405029296875,311.8152770996094,0.6529797315597534
track_1,2243,0.529927134513855,680.8107299804688,637.5030517578125,0.49103155732154846,664.1721801757812,536.820068359375,0.9090188145637512,588.6902465820312,608.8125610351562,0.43549007177352905
track_0,2244,0.7523330450057983,284.4043884277344,320.90228271484375,0.9902901649475098,376.064453125,297.2151794433594,0.942133903503418,432.8392333984375,305.5153503417969,0.5572296380996704
track_1,2244,0.5641717314720154,676.7760620117188,641.1104736328125,0.4807409644126892,648.3015747070312,544.4476928710938,0.9545184969902039,592.61328125,613.0264892578125,0.4405469596385956
track_0,2245,0.764769971370697,277.0885009765625,325.11968994140625,0.9167378544807434,360.5920715332031,296.98260498046875,0.9573683142662048,424.6347351074219,301.32647705078125,0.737531840801239
track_1,2245,0.5911855101585388,680.578857421875,644.507568359375,0.41017502546310425,648.2432861328125,544.48388671875,0.9311556220054626,676.7927856445312,504.4285583496094,0.5826598405838013
track_0,2246,0.774665892124176,275.9063415527344,328.6463317871094,0.8808844089508057,360.10638427734375,296.5171203613281,0.9766208529472351,416.12628173828125,300.75604248046875,0.6344730257987976
track_1,2246,0.5971410870552063,708.5225219726562,572.3584594726562,0.4575054943561554,648.5209350585938,544.8250122070312,0.9633172154426575,684.562255859375,644.389892578125,0.44787511229515076
track_0,2247,0.761147141456604,268.48223876953125,329.04254150390625,0.8224706649780273,352.1552734375,296.4590759277344,0.9814539551734924,408.14013671875,296.7535400390625,0.59102863073349
track_1,2247,0.6067442893981934,709.4921875,579.4465942382812,0.3336946666240692,648.2411499023438,551.9527587890625,0.9616758227348328,736.18798828125,556.7926635742188,0.7077627778053284
track_0,2248,0.7551493644714355,264.2515869140625,337.1722717285156,0.8657526969909668,344.2962341308594,296.8302307128906,0.9785761833190918,400.7091979980469,293.1236572265625,0.5320892333984375
track_1,2248,0.575951099395752,687.6585693359375,648.6387939453125,0.221854567527771,648.130126953125,552.7542114257812,0.920637845993042,729.004150390625,557.1679077148438,0.7512876391410828
track_0,2249,0.7324285507202148,256.70379638671875,340.59429931640625,0.8407475352287292,336.3655700683594,304.12261962890625,0.9926751255989075,388.25787353515625,280.8876037597656,0.6682212352752686
track_1,2249,0.5411941409111023,684.7899169921875,648.7897338867188,0.39743778109550476,640.4776000976562,560.1580810546875,0.9011972546577454,724.6990966796875,556.4354858398438,0.6808585524559021
track_0,2250,0.7141433954238892,252.53797912597656,345.01055908203125,0.9202771186828613,336.36676025390625,305.0028076171875,0.9874801635742188,392.4869689941406,309.4896545410156,0.4815225303173065
track_1,2250,0.5423545241355896,684.3936157226562,645.398193359375,0.5166197419166565,656.2064208984375,552.2499389648438,0.905539333820343,588.3402099609375,615.878662109375,0.5177309513092041
track_0,2251,0.7050386071205139,245.06007385253906,348.3656311035156,0.8641301989555359,328.5420837402344,312.2650146484375,1.0076287984848022,388.0882263183594,312.97265625,0.48585590720176697
track_1,2251,0.5405684113502502,684.338623046875,644.93994140625,0.5666566491127014,664.0774536132812,544.4825439453125,0.9229325652122498,588.2186279296875,612.7769775390625,0.5612164735794067
track_0,2252,0.6951969861984253,244.31460571289062,352.69775390625,0.9416634440422058,328.3574523925781,312.757568359375,1.0045751333236694,384.216064453125,313.1717834472656,0.5176047682762146
track_1,2252,0.5458433628082275,684.2915649414062,644.9990844726562,0.5467390418052673,656.3253173828125,544.4024047851562,0.9049851298332214,588.44482421875,612.1394653320312,0.5436461567878723
track_0,2253,0.6891610026359558,244.5459747314453,358.0614929199219,0.8809393644332886,320.76251220703125,313.385498046875,0.9863957762718201,380.53167724609375,309.1415100097656,0.6273650527000427
track_1,2253,0.5423563122749329,684.052001953125,644.5421752929688,0.5519079566001892,656.0831298828125,544.04541015625,0.9047880172729492,588.6409912109375,611.8812255859375,0.5679420232772827
track_0,2254,0.6898429989814758,245.10354614257812,365.66278076171875,0.8578121066093445,320.6444091796875,313.2042236328125,0.9846750497817993,376.5816650390625,301.7085266113281,0.5868886113166809
track_1,2254,0.5352005362510681,680.7337036132812,644.8262939453125,0.5137667655944824,648.40966796875,544.69873046875,0.9193447828292847,588.8866577148438,612.647216796875,0.5154539942741394
track_0,2255,0.6956146955490112,248.38580322265625,372.15057373046875,0.7085509300231934,320.5352478027344,312.6280822753906,0.978403627872467,373.0105895996094,296.5650329589844,0.6331720352172852
track_1,2255,0.5421261191368103,680.6553344726562,644.7247314453125,0.5061401128768921,648.2327270507812,544.4813842773438,0.9397048950195312,588.4108276367188,612.608154296875,0.5378488302230835
track_0,2256,0.6955245733261108,253.08477783203125,375.46026611328125,0.4590548574924469,320.391845703125,311.9229736328125,0.9832683801651001,372.236083984375,291.92041015625,0.6695985794067383
track_1,2256,0.5425716042518616,683.9693603515625,644.7735595703125,0.506873369216919,647.964111328125,544.2489013671875,0.9389891624450684,588.2127685546875,612.4569091796875,0.5706939101219177
track_0,2257,0.7017730474472046,260.1209411621094,377.2554931640625,0.4839015603065491,320.60076904296875,305.12213134765625,0.9624294638633728,372.75537109375,289.404052734375,0.6051530241966248
track_1,2257,0.5378127098083496,680.7050170898438,645.019287109375,0.4855286777019501,640.429931640625,544.8041381835938,0.9467286467552185,589.0543212890625,612.8167724609375,0.2981328070163727
track_0,2258,0.709317147731781,259.9957275390625,376.50982666015625,0.510571300983429,320.42181396484375,304.5825500488281,0.9674781560897827,371.82904052734375,285.3323974609375,0.5816452503204346
track_1,2258,0.5133278369903564,680.3012084960938,644.5465087890625,0.4873875379562378,640.0028076171875,544.3707275390625,0.9421547055244446,591.584228515625,612.4517211914062,0.33101126551628113
track_0,2259,0.712332010269165,260.6015625,376.8339538574219,0.40430566668510437,312.8916015625,304.59576416015625,0.9549161195755005,365.29095458984375,281.30975341796875,0.7799364924430847
track_1,2259,0.49440839886665344,680.1156005859375,644.2864379882812,0.49723634123802185,639.8692016601562,544.1687622070312,0.9453037977218628,591.6913452148438,612.4542236328125,0.33733657002449036
track_0,2260,0.7179918885231018,264.7734375,376.7745666503906,0.2836889326572418,312.6737060546875,304.11505126953125,0.9617504477500916,365.058349609375,280.4490966796875,0.7894615530967712
track_1,2260,0.4907722473144531,673.41796875,644.7296752929688,0.463127076625824,632.8623657226562,544.8375244140625,0.9373372793197632,,,0.0
track_0,2261,0.7197007536888123,264.39752197265625,377.4233093261719,0.4868462085723877,312.8315124511719,297.31976318359375,0.9536163210868835,365.28558349609375,280.9624328613281,0.7020973563194275
track_1,2261,0.5134972333908081,677.1492919921875,645.108642578125,0.4455590844154358,632.8995361328125,544.8414916992188,0.9376364946365356,632.5042724609375,632.6766967773438,0.2676887810230255
track_0,2262,0.7299230694770813,265.0812683105469,377.40887451171875,0.45893093943595886,312.64080810546875,296.97625732421875,0.964255154132843,364.62188720703125,277.7180480957031,0.686100959777832
track_1,2262,0.5198307037353516,677.2261962890625,645.1990966796875,0.460191011428833,632.8978881835938,544.9131469726562,0.9455924034118652,681.43359375,496.9444580078125,0.26228252053260803
track_0,2263,0.7324150800704956,265.20416259765625,377.3045654296875,0.45045146346092224,312.5517578125,296.8507995605469,0.9651980996131897,364.228515625,277.56353759765625,0.6707547903060913
track_1,2263,0.5408409237861633,680.8551025390625,645.2408447265625,0.4748052656650543,632.7184448242188,544.65771484375,0.9509901404380798,592.7847290039062,612.851806640625,0.45847585797309875
track_0,2264,0.7307243347167969,265.3537292480469,377.230712890625,0.4426918625831604,312.5113525390625,296.8426513671875,0.9652127623558044,364.03411865234375,277.5502014160156,0.6542736887931824
track_1,2264,0.5470283627510071,677.0802612304688,644.942626953125,0.472585529088974,632.6824951171875,544.5745849609375,0.935172438621521,589.1233520507812,612.9457397460938,0.5908378958702087
track_0,2265,0.7280721068382263,268.005859375,377.3082275390625,0.42637205123901367,312.4579772949219,296.8570861816406,0.9655644297599792,361.169677734375,277.443359375,0.659063458442688
track_1,2265,0.5116817951202393,676.985107421875,644.808349609375,0.4791993498802185,632.6077270507812,544.6063232421875,0.9336242079734802,589.1430053710938,612.9114379882812,0.5554985404014587
track_0,2266,0.7277343273162842,267.9919738769531,377.2110595703125,0.4350593686103821,312.451416015625,296.8468017578125,0.966391921043396,364.27197265625,280.4676513671875,0.6969634294509888
track_1,2266,0.491080641746521,676.6190185546875,644.4945068359375,0.4737951457500458,632.2910766601562,544.3193359375,0.9414838552474976,592.5130004882812,612.3872680664062,0.5222020745277405
track_0,2267,0.7302908301353455,268.12750244140625,377.2838134765625,0.4323298931121826,312.5127258300781,296.8179016113281,0.9652680158615112,364.7574462890625,280.50775146484375,0.7229093313217163
track_1,2267,0.5109505653381348,669.3907470703125,644.798828125,0.4664708375930786,624.7965087890625,544.7802124023438,0.9914688467979431,632.55078125,628.4983520507812,0.5711399912834167
track_0,2268,0.7278966903686523,268.0612487792969,377.34307861328125,0.4783438444137573,312.6028137207031,296.918701171875,0.9606825113296509,368.2352294921875,281.0028991699219,0.7300187945365906
track_1,2268,0.5274838209152222,664.98291015625,644.928955078125,0.45570817589759827,624.675537109375,544.690673828125,0.9974638819694519,629.325439453125,625.7607421875,0.6298772096633911
track_0,2269,0.7237993478775024,268.3598327636719,377.4831237792969,0.4556856155395508,312.7900390625,297.1636047363281,0.9551959037780762,368.7418212890625,281.6170959472656,0.7406625151634216
track_1,2269,0.5012826323509216,665.306640625,647.56884765625,0.35518786311149597,632.2766723632812,544.0724487304688,0.9640926718711853,668.389892578125,479.8983459472656,0.3865538239479065
track_0,2270,0.7151083946228027,267.8643493652344,377.42401123046875,0.5828458070755005,320.26177978515625,296.99371337890625,0.9523399472236633,372.447998046875,285.469482421875,0.6891102194786072
track_1,2270,0.4962734878063202,717.3441162109375,548.46923828125,0.29681825637817383,632.701171875,544.361572265625,0.9590079188346863,632.9845581054688,629.6548461914062,0.3340885639190674
track_0,2271,0.7100157737731934,269.2247314453125,380.231689453125,0.34046706557273865,312.8770446777344,304.2050476074219,0.9491534233093262,368.7676696777344,284.1194763183594,0.7878082394599915
track_1,2271,0.5093029737472534,683.9513549804688,652.1533203125,0.38199666142463684,640.1415405273438,544.3639526367188,0.9370474815368652,652.4384155273438,647.3739013671875,0.2727266550064087
track_0,2272,0.7113259434700012,264.2095947265625,376.37347412109375,0.5155733823776245,320.4591979980469,303.98614501953125,0.9613565802574158,372.0521240234375,284.4220275878906,0.7589194178581238
track_1,2272,0.4955248534679413,684.0584716796875,652.421875,0.4016200602054596,640.27978515625,544.74365234375,0.9165477156639099,651.1981811523438,645.7098388671875,0.24430632591247559
track_0,2273,0.708429753780365,257.32049560546875,376.2709045410156,0.5910307168960571,320.698486328125,304.43511962890625,0.9557240009307861,372.50360107421875,284.7576904296875,0.7755143642425537
track_1,2273,0.4921618103981018,683.8421630859375,652.1798706054688,0.4186649024486542,640.01904296875,544.4555053710938,0.9024608731269836,588.35986328125,612.8068237304688,0.3058275282382965
track_0,2274,0.7030522227287292,255.788330078125,372.6590576171875,0.7841796875,328.2618713378906,304.3382873535156,0.9596114754676819,376.090576171875,288.30816650390625,0.7636876106262207
track_1,2274,0.5139467120170593,661.5003051757812,647.937255859375,0.36735770106315613,632.0966796875,544.4537353515625,0.9423347115516663,724.5924072265625,552.427001953125,0.2119191288948059
track_0,2275,0.7024611830711365,252.70367431640625,369.124267578125,0.8017473816871643,328.4169921875,304.6688537597656,0.9607602953910828,376.4903564453125,288.7062683105469,0.7754833102226257
track_1,2275,0.5625923275947571,661.16357421875,648.2076416015625,0.3397492468357086,624.5987548828125,544.5631713867188,0.9625969529151917,627.7744140625,630.1296997070312,0.20018088817596436
track_0,2276,0.7004530429840088,249.15740966796875,368.5630187988281,0.7915067672729492,328.5037841796875,304.8797302246094,0.9611942172050476,376.6968994140625,288.916259765625,0.781497597694397
track_1,2276,0.597298264503479,661.1609497070312,648.224365234375,0.2716367244720459,624.33056640625,544.2645263671875,0.9572106003761292,656.100341796875,492.77593994140625,0.41154465079307556
track_0,2277,0.6989155411720276,248.4652099609375,365.42974853515625,0.8505271077156067,328.588623046875,305.061767578125,0.9659935832023621,376.92572021484375,289.1374816894531,0.7865810394287109
track_1,2277,0.5993513464927673,685.1436157226562,568.4512939453125,0.32952889800071716,624.5928955078125,544.30908203125,0.9553090333938599,716.72216796875,540.0579833984375,0.5306892991065979
track_0,2278,0.6975924372673035,244.94918823242188,365.4052734375,0.8166553378105164,328.6634216308594,305.22418212890625,0.971849799156189,377.1153259277344,289.3612976074219,0.7843412756919861
track_1,2278,0.6272218823432922,697.005615234375,572.4840698242188,0.270151287317276,632.125,544.1131591796875,0.9730581045150757,713.0340576171875,545.1499633789062,0.7459419965744019
track_0,2279,0.6962047815322876,244.28582763671875,365.67913818359375,0.7725797295570374,328.66375732421875,305.27008056640625,0.9742386341094971,377.1122741699219,289.40863037109375,0.7898772358894348
track_1,2279,0.627537727355957,698.0277099609375,572.456298828125,0.26040205359458923,632.0823974609375,544.5311279296875,0.9574689269065857,712.9237060546875,548.1394653320312,0.7376509308815002
track_0,2280,0.6948444247245789,241.3607177734375,366.16082763671875,0.7241501808166504,328.6474609375,305.2894287109375,0.9707915782928467,376.99993896484375,289.4787292480469,0.7875580787658691
track_1,2280,0.6188470125198364,704.5374755859375,569.8502197265625,0.39438992738723755,632.2020263671875,544.9550170898438,0.9516082406044006,653.34228515625,501.1952819824219,0.4064333736896515
track_0,2281,0.6917361617088318,240.79176330566406,366.310302734375,0.660114049911499,328.57525634765625,305.31500244140625,0.9695676565170288,376.6207275390625,289.4768371582031,0.78964763879776
track_1,2281,0.6225512623786926,705.05224609375,573.63818359375,0.45322543382644653,632.2741088867188,544.967041015625,0.9489946365356445,653.00537109375,501.83697509765625,0.3594106435775757
track_0,2282,0.6908820271492004,236.95770263671875,368.56500244140625,0.8226528763771057,320.78387451171875,312.04718017578125,0.9613133072853088,372.69049072265625,288.011474609375,0.8123345375061035
track_1,2282,0.6420465111732483,708.03955078125,576.8045654296875,0.5270432829856873,632.2239990234375,544.634765625,0.942948579788208,572.55078125,605.1749267578125,0.4567241370677948
track_0,2283,0.6905685067176819,233.47817993164062,372.26129150390625,0.8438118100166321,320.65142822265625,312.12969970703125,0.9641868472099304,372.2899169921875,288.3119201660156,0.8268700242042542
track_1,2283,0.6552469730377197,656.6248779296875,644.908935546875,0.4929790198802948,632.1058349609375,544.1446533203125,0.929324746131897,572.4641723632812,604.4874267578125,0.4475240409374237
track_0,2284,0.6912903189659119,233.24029541015625,376.29345703125,0.8196491003036499,320.5692138671875,312.20672607421875,0.9664905071258545,368.73846435546875,288.2093200683594,0.8157514333724976
track_1,2284,0.6740326881408691,656.560791015625,644.5928344726562,0.49111905694007874,632.080078125,543.896728515625,0.9229362607002258,576.3292236328125,604.63671875,0.5443208813667297
track_0,2285,0.6835761070251465,233.04359436035156,377.07684326171875,0.7929126024246216,320.29986572265625,312.406005859375,0.9621040225028992,367.91436767578125,288.72430419921875,0.7644830346107483
track_1,2285,0.6537413597106934,692.604248046875,581.827880859375,0.32842662930488586,631.9967651367188,544.609375,0.9435502290725708,580.3206787109375,608.3973999023438,0.42324790358543396
track_0,2286,0.6731762290000916,232.5362091064453,377.372802734375,0.7333964109420776,312.8294677734375,313.169189453125,0.9555624127388,360.88055419921875,289.19781494140625,0.786108136177063
track_1,2286,0.6328930854797363,704.6460571289062,588.9807739257812,0.5508725643157959,632.1533813476562,552.0167236328125,0.9760202169418335,656.2437133789062,648.076416015625,0.6017370820045471
track_0,2287,0.6715129613876343,228.43809509277344,375.9314880371094,0.6742942929267883,312.12103271484375,319.54864501953125,0.952401876449585,356.11883544921875,288.0351867675781,0.7731534838676453
track_1,2287,0.6233718395233154,708.5458984375,589.435302734375,0.42113009095191956,632.25244140625,552.72705078125,0.966881513595581,656.437255859375,648.9151611328125,0.6290711760520935
track_0,2288,0.6716954112052917,225.2589874267578,376.2167663574219,0.6245361566543579,304.7271423339844,320.0931396484375,0.9421793818473816,352.7774658203125,288.5307312011719,0.8132218718528748
track_1,2288,0.6246897578239441,,,0.0,632.0840454101562,553.0794067382812,0.9701948761940002,712.2450561523438,593.9551391601562,0.6158550381660461
track_0,2289,0.6745409965515137,224.4735565185547,376.41619873046875,0.6197909712791443,304.43292236328125,319.9307861328125,0.9559264183044434,352.13580322265625,288.6932678222656,0.8008327484130859
track_1,2289,0.6545006632804871,688.6115112304688,656.66796875,0.21212777495384216,624.4129028320312,552.9139404296875,0.9934435486793518,705.245361328125,592.6796264648438,0.7745503783226013
track_0,2290,0.6725521683692932,220.4329376220703,375.9361572265625,0.6734687089920044,304.1271667480469,319.84576416015625,0.9638848304748535,348.0992736816406,288.43865966796875,0.8088704943656921
track_1,2290,0.6827560067176819,688.3079833984375,656.192626953125,0.34869423508644104,624.3435668945312,552.3987426757812,0.9685190320014954,705.4136962890625,588.2090454101562,0.6684914827346802
track_0,2291,0.6727010607719421,213.2496795654297,373.0421142578125,0.5942173600196838,296.61834716796875,320.1640625,0.9442680478096008,344.4126281738281,288.06597900390625,0.8420853614807129
track_1,2291,0.7150542736053467,,,0.0,632.1454467773438,545.0272216796875,0.9732085466384888,572.5542602539062,601.28369140625,0.3365309536457062
track_0,2292,0.6619844436645508,209.05381774902344,376.13671875,0.5764555931091309,296.19378662109375,319.9474182128906,0.9462537169456482,336.86407470703125,284.7969055175781,0.8433638215065002
track_1,2292,0.7126620411872864,708.373291015625,581.9883422851562,0.3491695821285248,632.291015625,544.463134765625,0.9941944479942322,580.4139404296875,608.3018798828125,0.5293455123901367
track_0,2293,0.6501021981239319,204.57452392578125,377.21826171875,0.5397214889526367,288.4811096191406,320.26910400390625,0.9402370452880859,332.41583251953125,284.9945983886719,0.8673738837242126
track_1,2293,0.6773960590362549,656.0662841796875,644.5894165039062,0.45203539729118347,632.3213500976562,544.3897705078125,0.9591478705406189,583.8710327148438,608.3473510742188,0.4930742681026459
track_0,2294,0.6386621594429016,201.33370971679688,380.79150390625,0.4672602713108063,280.7756042480469,320.51605224609375,0.933479905128479,325.4100036621094,285.1240539550781,0.8791242241859436
track_1,2294,0.6494549512863159,693.0767822265625,581.6602783203125,0.4681575298309326,632.2426147460938,544.7726440429688,0.9419865012168884,584.2374877929688,608.9437255859375,0.5004144906997681
track_0,2295,0.6266691088676453,200.07745361328125,380.64190673828125,0.5896823406219482,280.1383056640625,320.0406494140625,0.9318839907646179,323.74212646484375,284.73077392578125,0.8703842759132385
track_1,2295,0.6290760040283203,704.5838623046875,588.5435791015625,0.5668940544128418,632.0906372070312,551.769775390625,0.9110908508300781,651.7694091796875,648.5585327148438,0.40280112624168396
track_0,2296,0.624066174030304,200.2593231201172,380.8775329589844,0.34705302119255066,272.7251281738281,320.5642395019531,0.9220787286758423,320.4822082519531,285.1720275878906,0.8693567514419556
track_1,2296,0.6337364912033081,704.5357055664062,587.7250366210938,0.5237398743629456,632.138671875,551.9027099609375,0.9200003147125244,584.4082641601562,608.772216796875,0.3596220314502716
track_0,2297,0.6258825063705444,200.6600341796875,380.4206237792969,0.3428962528705597,272.7586975097656,320.6753234863281,0.9294133186340332,320.47930908203125,285.4171447753906,0.8648333549499512
track_1,2297,0.6596246361732483,700.4041137695312,588.708251953125,0.5701243281364441,624.3478393554688,551.9899291992188,0.9208767414093018,669.4600830078125,523.5296630859375,0.39231449365615845
track_0,2298,0.6368676424026489,200.72134399414062,380.45489501953125,0.5246362090110779,280.26556396484375,320.46270751953125,0.9319450259208679,320.73638916015625,288.54644775390625,0.8907908201217651
track_1,2298,0.7045489549636841,697.2681884765625,588.8721923828125,0.47419291734695435,624.2213134765625,551.5272827148438,0.8862963914871216,572.570556640625,599.5723876953125,0.48824501037597656
track_0,2299,0.6375375390052795,200.81846618652344,377.2898864746094,0.47288137674331665,280.48095703125,320.6719055175781,0.9449593424797058,324.0198059082031,289.5638427734375,0.8553059697151184
track_1,2299,0.6702596545219421,688.1485595703125,655.7611694335938,0.4143510162830353,632.2427368164062,551.7660522460938,0.8789867162704468,708.709228515625,587.5269775390625,0.5061643719673157
track_0,2300,0.6413105130195618,200.24729919433594,372.7489318847656,0.7478502988815308,280.5289611816406,320.5745544433594,0.960989236831665,324.4361877441406,292.537841796875,0.8595679402351379
track_1,2300,0.6412409543991089,688.1514892578125,655.88427734375,0.4474804401397705,640.215576171875,552.0204467773438,0.9056373238563538,576.9487915039062,603.9654541015625,0.4582494795322418
track_0,2301,0.6469727754592896,197.16578674316406,368.23260498046875,0.8141657114028931,280.54107666015625,320.3206787109375,0.9745749831199646,325.0301818847656,292.6533508300781,0.8449096083641052
track_1,2301,0.6431604027748108,656.3598022460938,647.5791015625,0.5921102166175842,640.2340087890625,551.66455078125,0.9030575752258301,580.487060546875,604.4457397460938,0.5239444971084595
track_0,2302,0.6410841941833496,197.01727294921875,364.32806396484375,0.8446618318557739,280.490234375,319.8813781738281,0.9714306592941284,328.262451171875,292.67315673828125,0.8169581294059753
track_1,2302,0.6308190822601318,656.5504150390625,647.5798950195312,0.5169304013252258,640.2274780273438,551.7304077148438,0.9097718000411987,584.2310791015625,608.4107055664062,0.47562283277511597
track_0,2303,0.6402433514595032,200.20037841796875,364.9869384765625,0.7596449851989746,288.08758544921875,312.85552978515625,0.9819738864898682,332.38677978515625,296.779296875,0.7684502005577087
track_1,2303,0.6257648468017578,688.2400512695312,655.7396240234375,0.493451863527298,640.15478515625,551.7431030273438,0.9101881980895996,584.8935546875,611.6885986328125,0.4924381971359253
track_0,2304,0.6431161761283875,197.24435424804688,365.2687683105469,0.7857549786567688,280.74761962890625,313.03472900390625,0.9831945300102234,329.2922058105469,293.32342529296875,0.8050932884216309
track_1,2304,0.6309990286827087,696.7985229492188,588.146484375,0.4675142467021942,632.3465576171875,551.8804931640625,0.9084174633026123,584.7644653320312,608.992431640625,0.346265584230423
track_0,2305,0.6429238319396973,196.85951232910156,368.4742431640625,0.7815625667572021,280.6193542480469,312.72576904296875,0.9851254820823669,329.120361328125,293.13702392578125,0.7985307574272156
track_1,2305,0.6429116725921631,705.3348999023438,587.5560302734375,0.5144338011741638,632.183349609375,551.7009887695312,0.906317412853241,676.5682373046875,520.3577270507812,0.376460462808609
track_0,2306,0.6430022716522217,196.37741088867188,368.76513671875,0.7863311171531677,280.56097412109375,312.61114501953125,0.9809182286262512,328.90802001953125,293.17413330078125,0.7867423892021179
track_1,2306,0.6659312844276428,704.2102661132812,585.3709716796875,0.4970901310443878,632.1347045898438,544.9192504882812,0.8955748677253723,580.5034790039062,609.6156005859375,0.4484698176383972
track_0,2307,0.6408453583717346,193.2086944580078,372.2969970703125,0.743576169013977,280.49114990234375,312.6119079589844,0.9839636087417603,328.71685791015625,293.37255859375,0.7827882766723633
track_1,2307,0.7084548473358154,701.6564331054688,581.3858032226562,0.31393277645111084,632.1753540039062,544.4020385742188,0.9128066301345825,652.8878173828125,649.0391845703125,0.3760923445224762
track_0,2308,0.6352737545967102,192.9873046875,372.8034973144531,0.7399391531944275,280.5099792480469,312.77105712890625,0.9734665751457214,328.6922302246094,296.593505859375,0.7759556174278259
track_1,2308,0.6555199027061462,684.1219482421875,652.8577880859375,0.2521255910396576,640.3026733398438,544.6187744140625,0.88184654712677,652.3445434570312,649.03857421875,0.4196227788925171
track_0,2309,0.6311230659484863,193.23243713378906,373.5252990722656,0.7203183770179749,280.5349426269531,312.9178466796875,0.9720037579536438,328.67413330078125,296.8796691894531,0.7706501483917236
track_1,2309,0.6450430750846863,,,0.0,640.3285522460938,544.6744384765625,0.9077087640762329,652.201904296875,648.7803344726562,0.4306895434856415
track_0,2310,0.6201863884925842,193.33526611328125,378.0867919921875,0.7014859318733215,280.60589599609375,313.26776123046875,0.9647733569145203,328.43682861328125,297.3311462402344,0.7675009965896606
track_1,2310,0.6425772309303284,,,0.0,640.321044921875,544.6590576171875,0.9110547304153442,652.338623046875,648.524169921875,0.49901604652404785
track_0,2311,0.6205624341964722,192.4759063720703,384.28216552734375,0.8823866248130798,280.203369140625,319.77044677734375,0.9687750935554504,324.4921569824219,296.0418701171875,0.8048399686813354
track_1,2311,0.6368916630744934,684.0928344726562,652.9762573242188,0.26161330938339233,640.2885131835938,544.6079711914062,0.9309042096138,651.9542846679688,648.6563720703125,0.42321860790252686
track_0,2312,0.6225995421409607,192.62606811523438,384.8450012207031,0.9132815599441528,280.2469787597656,320.1224060058594,0.9729275703430176,324.29437255859375,296.50494384765625,0.8220342993736267
track_1,2312,0.6464008688926697,700.927490234375,581.7679443359375,0.467039555311203,632.4048461914062,544.5138549804688,0.9179638028144836,649.0338134765625,648.7189331054688,0.3913969099521637
track_0,2313,0.6200225949287415,192.32778930664062,385.0926513671875,0.8947276473045349,280.2637939453125,320.3564147949219,0.976148784160614,324.13775634765625,296.8637390136719,0.8188007473945618
track_1,2313,0.6502214670181274,705.0655517578125,581.5220947265625,0.3425408601760864,632.3540649414062,544.4143676757812,0.9190939664840698,652.2991333007812,649.0136108398438,0.4155251085758209
track_0,2314,0.6209874153137207,188.98800659179688,384.6536865234375,0.5881619453430176,280.27484130859375,320.52288818359375,0.9821019768714905,323.924560546875,297.1062316894531,0.8033115267753601
track_1,2314,0.6588343381881714,704.7044677734375,581.1490478515625,0.3634975254535675,632.2982788085938,544.3896484375,0.9257378578186035,648.46826171875,648.5980834960938,0.3602893650531769
track_0,2315,0.6229048371315002,188.62144470214844,380.69390869140625,0.273592472076416,280.233154296875,320.58349609375,0.9871029853820801,324.03753662109375,300.3261413574219,0.7729711532592773
track_1,2315,0.6682912111282349,701.2045288085938,580.4034423828125,0.376695454120636,632.0896606445312,544.300048828125,0.9193093180656433,648.6138916015625,648.446044921875,0.35863766074180603
track_0,2316,0.6238363981246948,,,0.0,280.1685485839844,320.5550842285156,0.9976101517677307,323.9546203613281,300.64678955078125,0.7568655610084534
track_1,2316,0.7105793356895447,679.9900512695312,652.3352661132812,0.3448057472705841,632.1950073242188,543.936767578125,0.9035323262214661,641.5050048828125,620.941162109375,0.2631288170814514
track_0,2317,0.6221480965614319,,,0.0,280.07501220703125,320.54632568359375,0.997848629951477,323.89404296875,300.9129638671875,0.7471722364425659
track_1,2317,0.6608049273490906,701.9453125,577.3729248046875,0.22124560177326202,632.5410766601562,544.3605346679688,0.8791624307632446,652.4796142578125,648.9159545898438,0.49148029088974
track_0,2318,0.6198540925979614,184.9447784423828,373.43292236328125,0.6253195405006409,272.7015075683594,321.0023498535156,0.9878140687942505,320.8853759765625,301.00238037109375,0.7666518688201904
track_1,2318,0.6367074847221375,701.7725219726562,577.7953491210938,0.30408504605293274,632.4493408203125,544.5869140625,0.9117749929428101,652.6124267578125,648.708251953125,0.5631372332572937
track_0,2319,0.6205765604972839,184.91281127929688,373.76031494140625,0.5939081907272339,272.5987243652344,320.8683776855469,0.9920660853385925,320.75946044921875,301.0478210449219,0.7683396339416504
track_1,2319,0.6388349533081055,705.075927734375,581.2442626953125,0.3946341276168823,632.411865234375,544.627685546875,0.9227652549743652,652.5987548828125,648.8573608398438,0.49132993817329407
track_0,2320,0.6207307577133179,184.65687561035156,377.1788330078125,0.5513261556625366,272.5110168457031,320.78253173828125,0.9979602694511414,320.5198669433594,301.1767883300781,0.7592877745628357
track_1,2320,0.6555092930793762,704.9300537109375,584.1832885742188,0.3274318277835846,632.3464965820312,544.5467529296875,0.9439411163330078,652.1251220703125,648.970703125,0.411425918340683
track_0,2321,0.6172155737876892,184.05955505371094,381.7691345214844,0.6248779296875,272.4222106933594,320.78961181640625,0.9936550259590149,320.38201904296875,304.5876770019531,0.724007248878479
track_1,2321,0.6634904742240906,680.544189453125,653.0783081054688,0.28485867381095886,632.18603515625,544.5435180664062,0.9422531723976135,651.9357299804688,648.8626708984375,0.3876752555370331
track_0,2322,0.6098062992095947,183.69943237304688,385.15191650390625,0.6891619563102722,272.29742431640625,320.85113525390625,0.9950366020202637,319.9773254394531,304.8680419921875,0.7087493538856506
track_1,2322,0.6694145202636719,696.593505859375,588.5162963867188,0.2942734658718109,624.421142578125,544.813720703125,0.9394790530204773,653.15771484375,649.3241577148438,0.43178001046180725
track_0,2323,0.6051391363143921,181.1676025390625,385.4696044921875,0.6941388249397278,272.25604248046875,321.09710693359375,0.9850119948387146,316.8447265625,304.914306640625,0.7019096612930298
track_1,2323,0.6795207262039185,696.3945922851562,585.9208374023438,0.3673166036605835,624.3024291992188,544.7649536132812,0.9408632516860962,652.689208984375,649.0762939453125,0.4361649751663208
track_0,2324,0.6057817935943604,180.96324157714844,384.57916259765625,0.896986722946167,264.4618225097656,327.8502197265625,0.9752974510192871,308.80377197265625,299.9593811035156,0.7881300449371338
track_1,2324,0.7142365574836731,696.2716064453125,585.242431640625,0.42084863781929016,624.3056640625,544.2610473632812,0.9205657839775085,636.4658813476562,621.293701171875,0.3449695408344269
track_0,2325,0.6102704405784607,181.13760375976562,384.7422790527344,0.9035323858261108,264.46527099609375,328.0237731933594,0.977595865726471,308.750244140625,300.25592041015625,0.8300978541374207
track_1,2325,0.6973926424980164,680.5272216796875,652.7945556640625,0.2824254035949707,632.4222412109375,544.3402709960938,0.8866114616394043,652.074462890625,648.993408203125,0.4138462245464325
track_0,2326,0.6112387776374817,183.95736694335938,384.873046875,0.9037122130393982,264.4179382324219,328.0917053222656,0.9757239818572998,308.621826171875,300.4667663574219,0.8522354364395142
track_1,2326,0.6544089317321777,,,0.0,632.3671264648438,544.8432006835938,0.9190165996551514,652.6886596679688,649.1460571289062,0.5142859816551208
track_0,2327,0.611506998538971,183.92352294921875,388.00140380859375,0.9199928045272827,264.3919372558594,328.086181640625,0.9772902131080627,308.4994201660156,300.4905090332031,0.8561676740646362
track_1,2327,0.6386643648147583,,,0.0,632.351806640625,545.0346069335938,0.9428996443748474,648.9964599609375,646.0400390625,0.6065201759338379
track_0,2328,0.6109506487846375,183.96495056152344,388.02874755859375,0.9304555058479309,264.3711242675781,328.06378173828125,0.9762629270553589,308.3839111328125,300.4743347167969,0.8555380702018738
track_1,2328,0.6531480550765991,704.0206298828125,585.061767578125,0.23298591375350952,632.353271484375,544.972900390625,0.9414886236190796,652.8836059570312,649.5731811523438,0.4307366907596588
track_0,2329,0.6118190288543701,184.1474609375,384.7719421386719,0.9320014119148254,264.378662109375,328.055419921875,0.976563036441803,308.37640380859375,300.4891662597656,0.8547646999359131
track_1,2329,0.6699168682098389,,,0.0,632.2615966796875,544.86181640625,0.9276245832443237,652.4124755859375,649.337158203125,0.4278331696987152
track_0,2330,0.6122560501098633,184.2442626953125,384.39593505859375,0.8638936877250671,264.3776550292969,328.0465087890625,0.9787242412567139,308.3746337890625,300.4958801269531,0.8541814684867859
track_1,2330,0.6753128170967102,680.3118286132812,653.3106689453125,0.23276452720165253,632.14013671875,544.7971801757812,0.9404870271682739,651.9480590820312,649.2240600585938,0.40418708324432373
track_0,2331,0.61332768201828,184.58743286132812,380.2978515625,0.6854790449142456,264.3786315917969,328.03277587890625,0.9781250357627869,308.40997314453125,300.53753662109375,0.8537397980690002
track_1,2331,0.6763700246810913,696.5523071289062,589.4575805664062,0.3939247727394104,624.3433837890625,544.8953247070312,0.9377896189689636,652.8974609375,649.5137939453125,0.435825377702713
track_0,2332,0.613504946231842,184.9095458984375,380.19329833984375,0.6432076692581177,264.3861389160156,328.0287780761719,0.9798412322998047,308.3898620605469,300.52093505859375,0.8501191735267639
track_1,2332,0.6850215196609497,696.9302368164062,589.3115844726562,0.46743911504745483,624.3806762695312,544.835205078125,0.941297173500061,653.07666015625,649.6586303710938,0.3945348858833313
track_0,2333,0.6132758259773254,185.10760498046875,380.2282409667969,0.6462799906730652,264.365478515625,327.9884338378906,0.9799946546554565,308.38397216796875,300.48516845703125,0.8488525152206421
track_1,2333,0.6835492253303528,704.7333984375,581.8945922851562,0.23228640854358673,632.3619384765625,544.92431640625,0.9244995713233948,652.9207153320312,649.40234375,0.444174587726593
track_0,2334,0.6120587587356567,187.96658325195312,376.8038330078125,0.6183490753173828,264.3429870605469,327.96368408203125,0.9779295921325684,308.3941955566406,300.4357604980469,0.8519651293754578
track_1,2334,0.6651179194450378,684.5625610351562,655.575439453125,0.4277788996696472,632.3038330078125,551.611572265625,0.918403685092926,580.2322998046875,607.2989501953125,0.33067449927330017
track_0,2335,0.6113134026527405,188.22784423828125,380.03106689453125,0.6002699732780457,264.32666015625,327.9595947265625,0.9761809706687927,308.38507080078125,300.4146423339844,0.8538280129432678
track_1,2335,0.6589701175689697,652.350341796875,644.2491455078125,0.4860917031764984,632.3031616210938,551.646728515625,0.9102410078048706,580.8310546875,608.0028076171875,0.33998191356658936
track_0,2336,0.6100457906723022,188.89942932128906,380.59979248046875,0.5416976809501648,264.33709716796875,327.9493408203125,0.9764493107795715,308.4075927734375,300.38226318359375,0.8538258075714111
track_1,2336,0.6488043665885925,684.7716064453125,655.9580078125,0.40890660881996155,632.3527221679688,548.8390502929688,0.9054186344146729,581.0823364257812,607.8763427734375,0.31938040256500244
track_0,2337,0.6084886789321899,191.88037109375,380.4462890625,0.5000903010368347,264.2723388671875,327.8162841796875,0.9698213338851929,308.3378601074219,300.25079345703125,0.8512095808982849
track_1,2337,0.6569374203681946,701.6083984375,586.1444702148438,0.24656668305397034,632.4178466796875,545.0918579101562,0.9448659420013428,652.7857666015625,649.1976928710938,0.45408281683921814
track_0,2338,0.6073026657104492,191.991943359375,380.56011962890625,0.5129088163375854,264.257568359375,327.707763671875,0.9772412180900574,308.38861083984375,300.142578125,0.8428052663803101
track_1,2338,0.6709250211715698,,,0.0,632.1743774414062,544.902587890625,0.9541773200035095,652.0225219726562,649.156982421875,0.40622538328170776
track_0,2339,0.6076206564903259,191.93948364257812,380.77410888671875,0.5232428312301636,264.2761535644531,327.71435546875,0.9755697250366211,308.40875244140625,300.1502685546875,0.8431346416473389
track_1,2339,0.6763408780097961,696.3914184570312,589.7890625,0.35507336258888245,624.3833618164062,545.055419921875,0.9448676705360413,652.6962890625,649.33935546875,0.4231535792350769
track_0,2340,0.6079300045967102,192.0336456298828,383.9940185546875,0.5636800527572632,264.2986755371094,327.7421875,0.9784191846847534,308.45330810546875,300.16796875,0.8426942229270935
track_1,2340,0.6695480942726135,696.4615478515625,589.8516845703125,0.4475836455821991,624.345458984375,545.0472412109375,0.9459397196769714,652.805908203125,649.4075927734375,0.4201163947582245
track_0,2341,0.6083449125289917,191.84786987304688,384.15087890625,0.6102866530418396,264.28668212890625,327.7775573730469,0.974012017250061,308.414306640625,300.23382568359375,0.8432723879814148
track_1,2341,0.7102642059326172,656.1404418945312,645.1217041015625,0.24990791082382202,632.1880493164062,544.7996826171875,0.9558716416358948,705.55615234375,593.5857543945312,0.2806106209754944
track_0,2342,0.608287513256073,189.0640869140625,384.26885986328125,0.6403607130050659,264.28179931640625,327.80322265625,0.9703462719917297,308.38629150390625,300.280029296875,0.8428032994270325
track_1,2342,0.7010573744773865,653.087646484375,641.9271850585938,0.24109937250614166,632.234375,545.0560302734375,0.9664133787155151,579.8104858398438,606.1656494140625,0.34819653630256653
track_0,2343,0.6086864471435547,188.92918395996094,384.52740478515625,0.7650492191314697,264.28631591796875,327.8284606933594,0.9702393412590027,308.3956604003906,300.3134765625,0.8442280888557434
track_1,2343,0.698209285736084,656.5115356445312,640.9585571289062,0.31338781118392944,632.2400512695312,545.0902709960938,0.9675015211105347,579.9840698242188,609.1326904296875,0.4333038926124573
track_0,2344,0.6093226671218872,188.41622924804688,384.29736328125,0.7464272379875183,264.29449462890625,327.8551025390625,0.976776123046875,308.43255615234375,300.3446350097656,0.8449608087539673
track_1,2344,0.6987376809120178,704.8256225585938,585.9960327148438,0.29372331500053406,632.2930908203125,545.0203857421875,0.9770056009292603,580.3594970703125,609.2219848632812,0.4625525176525116
track_0,2345,0.6115976572036743,188.14697265625,384.3836669921875,0.7569358944892883,264.31060791015625,327.889404296875,0.9774171113967896,308.41058349609375,300.42431640625,0.8460743427276611
track_1,2345,0.6960743069648743,705.350341796875,585.1212158203125,0.4156404137611389,632.3783569335938,544.9716796875,0.9813064932823181,676.7734985351562,653.7774658203125,0.33912786841392517
track_0,2346,0.6114697456359863,185.145263671875,384.49139404296875,0.7722525000572205,264.3043212890625,327.9283752441406,0.9745580554008484,308.36309814453125,300.49993896484375,0.8467865586280823
track_1,2346,0.6961708664894104,705.0148315429688,584.6114501953125,0.4086947441101074,632.4365234375,544.6953735351562,0.9588422775268555,649.5855712890625,649.7921752929688,0.3129905164241791
track_0,2347,0.6137624382972717,185.12228393554688,384.57177734375,0.7765296697616577,264.3155517578125,327.9910888671875,0.9731966257095337,308.33270263671875,300.59771728515625,0.8482286334037781
track_1,2347,0.6950060129165649,680.0630493164062,652.8746948242188,0.31269046664237976,632.275146484375,544.540771484375,0.9554421305656433,580.3513793945312,605.2012939453125,0.3334331810474396
track_0,2348,0.6132898330688477,185.14898681640625,384.6378479003906,0.7862638831138611,264.3113098144531,328.0462951660156,0.9758979678153992,308.3127136230469,300.681396484375,0.8485704064369202
track_1,2348,0.6852751970291138,701.6522827148438,581.414306640625,0.3529056906700134,632.1676635742188,544.5242919921875,0.9506521224975586,579.9150390625,605.2334594726562,0.4224925637245178
track_0,2349,0.6152702569961548,185.10003662109375,384.73919677734375,0.8114557862281799,264.3404846191406,328.091552734375,0.9756998419761658,308.3033447265625,300.7230224609375,0.845656156539917
track_1,2349,0.7032126188278198,653.20068359375,645.173583984375,0.3834283947944641,632.2037963867188,544.3931884765625,0.9467422366142273,579.9842529296875,605.3196411132812,0.4371996223926544
track_0,2350,0.6155529618263245,185.14007568359375,384.6890869140625,0.7921670079231262,264.3452453613281,328.1205749511719,0.9755802750587463,308.2845153808594,300.74853515625,0.8432668447494507
track_1,2350,0.7111671566963196,701.6309814453125,583.71875,0.4225861132144928,632.2034912109375,544.3643798828125,0.9453510046005249,580.4235229492188,608.8851318359375,0.3991950750350952
track_0,2351,0.6159639358520508,185.1382598876953,384.68927001953125,0.7937050461769104,264.3515625,328.12957763671875,0.975630521774292,308.2681884765625,300.764892578125,0.8405468463897705
track_1,2351,0.7222924828529358,704.6725463867188,581.5465087890625,0.4235951006412506,632.2521362304688,544.191650390625,0.9362906217575073,580.130126953125,608.884521484375,0.40332385897636414
track_0,2352,0.6155048608779907,185.1300048828125,384.67913818359375,0.7961989045143127,264.352783203125,328.13555908203125,0.9766048192977905,308.2645263671875,300.7760314941406,0.8369719982147217
track_1,2352,0.7263999581336975,648.812255859375,644.8585815429688,0.43049758672714233,632.2462768554688,544.1030883789062,0.9450197219848633,580.0746459960938,609.3116455078125,0.3759263753890991
track_0,2353,0.6165749430656433,185.135986328125,384.6611022949219,0.7981675267219543,264.3575439453125,328.1217041015625,0.9763155579566956,308.2502746582031,300.7890625,0.8345131874084473
track_1,2353,0.7266289591789246,648.94921875,644.7706909179688,0.4792126417160034,632.3458251953125,543.987548828125,0.9686697125434875,580.4607543945312,612.0327758789062,0.40004605054855347
track_0,2354,0.6166157126426697,185.12704467773438,384.642822265625,0.796588122844696,264.35198974609375,328.1086120605469,0.9768465757369995,308.239013671875,300.794921875,0.8332111239433289
track_1,2354,0.7078338265419006,653.3724975585938,647.9344482421875,0.41610297560691833,632.4175415039062,544.0341796875,0.972866952419281,720.1731567382812,568.2305908203125,0.3918420672416687
track_0,2355,0.6164462566375732,188.09347534179688,384.7882995605469,0.7959759831428528,264.34637451171875,328.12017822265625,0.9762723445892334,308.22027587890625,300.80389404296875,0.8344223499298096
track_1,2355,0.7007458806037903,672.591552734375,651.7872924804688,0.38236427307128906,632.368896484375,543.916259765625,0.9458920955657959,712.8104858398438,568.508056640625,0.43557727336883545
track_0,2356,0.6157710552215576,188.66835021972656,387.8081970214844,0.8127254843711853,264.34979248046875,328.12603759765625,0.9771651029586792,308.212158203125,300.8369445800781,0.8303829431533813
track_1,2356,0.7008759379386902,652.8814697265625,645.1023559570312,0.41325101256370544,632.1963500976562,544.0560913085938,0.9474196434020996,580.1322631835938,608.5394287109375,0.4340170621871948
track_0,2357,0.6154346466064453,188.87440490722656,388.163818359375,0.7922189831733704,264.36181640625,328.09320068359375,0.9729029536247253,308.17633056640625,300.8338623046875,0.8224037289619446
track_1,2357,0.7081882953643799,701.1054077148438,580.3892822265625,0.44272512197494507,624.3563232421875,544.2743530273438,0.9474754333496094,712.4411010742188,572.6802368164062,0.5218213200569153
track_0,2358,0.6153534054756165,192.45797729492188,388.4337158203125,0.6805558800697327,264.37255859375,328.06646728515625,0.9726194143295288,308.137451171875,300.80963134765625,0.8154006600379944
track_1,2358,0.7137187719345093,704.400634765625,580.3491821289062,0.4020121991634369,632.135009765625,544.0139770507812,0.9491575360298157,712.472412109375,568.88818359375,0.5069186091423035
track_0,2359,0.6145157217979431,195.99334716796875,391.8404541015625,0.5882790684700012,264.32647705078125,327.91583251953125,0.9684574007987976,308.31201171875,303.8267822265625,0.8048076629638672
track_1,2359,0.7228089570999146,648.8680419921875,644.7467041015625,0.45926791429519653,632.1649780273438,544.0393676757812,0.9572453498840332,715.9890747070312,568.1682739257812,0.5111768245697021
track_0,2360,0.6094730496406555,196.5834503173828,392.146728515625,0.6940265893936157,264.2508544921875,327.8172607421875,0.9693849682807922,308.1793518066406,303.80523681640625,0.801934003829956
track_1,2360,0.725922167301178,648.743408203125,644.8740234375,0.4926946759223938,632.193359375,544.1637573242188,0.9814841151237488,717.2589111328125,564.2720336914062,0.3877823054790497
track_0,2361,0.6093278527259827,196.93434143066406,395.8139953613281,0.6744231581687927,264.2505187988281,327.7283020019531,0.9674416184425354,308.14794921875,303.778076171875,0.804726779460907
track_1,2361,0.723152220249176,649.1044921875,647.8654174804688,0.4881766140460968,632.3731079101562,544.2822265625,1.017699122428894,721.38232421875,564.4721069335938,0.31948423385620117
track_0,2362,0.6103308200836182,196.58656311035156,396.1979675292969,0.7330968976020813,264.22296142578125,327.7804260253906,0.9662625193595886,304.863525390625,300.38555908203125,0.8051437139511108
track_1,2362,0.7146716713905334,652.9002685546875,648.2401123046875,0.4767206013202667,632.4797973632812,544.2353515625,1.0130999088287354,720.81494140625,565.137939453125,0.4070482552051544
track_0,2363,0.6142987608909607,193.325927734375,397.19964599609375,0.6741249561309814,256.7127990722656,328.3544616699219,0.9583406448364258,304.6952819824219,301.121826171875,0.8638660311698914
track_1,2363,0.7058256268501282,656.8007202148438,648.417724609375,0.4451443552970886,632.34521484375,544.0767822265625,0.9782630205154419,713.0313720703125,564.7747802734375,0.49952346086502075
track_0,2364,0.6169245839118958,189.10194396972656,401.0940246582031,0.8545352816581726,256.7393798828125,328.5793762207031,0.964674174785614,301.34735107421875,301.06365966796875,0.8505791425704956
track_1,2364,0.7062526345252991,652.9549560546875,647.890380859375,0.4320369362831116,632.1804809570312,544.1597900390625,0.9783689975738525,712.4225463867188,568.836181640625,0.527260959148407
track_0,2365,0.621027410030365,185.08897399902344,405.0008544921875,0.9583377242088318,256.69854736328125,328.98809814453125,0.9596834182739258,301.0718994140625,301.6466369628906,0.8591033220291138
track_1,2365,0.7097892761230469,652.9678955078125,648.28759765625,0.3975907266139984,624.3055419921875,544.29931640625,0.9566396474838257,712.6993408203125,572.3078002929688,0.6477059721946716
track_0,2366,0.6286701560020447,180.83851623535156,405.1055908203125,0.8786242008209229,248.7288818359375,336.0281982421875,0.9163156151771545,297.1683654785156,304.17510986328125,0.8840445280075073
track_1,2366,0.7215761542320251,649.0736083984375,647.9173583984375,0.4384264349937439,624.2620239257812,544.2440795898438,0.9639748334884644,712.652099609375,572.2014770507812,0.6677591800689697
track_0,2367,0.6494886875152588,177.48094177246094,409.2730407714844,0.9887101650238037,248.698974609375,336.36627197265625,0.93394535779953,296.783935546875,305.2624816894531,0.9089421629905701
track_1,2367,0.7281246781349182,649.0694580078125,648.533447265625,0.42498672008514404,624.2766723632812,544.5637817382812,0.9787561297416687,713.14453125,569.0470581054688,0.5388046503067017
track_0,2368,0.6548230648040771,177.15765380859375,412.7681884765625,1.022397756576538,248.71426391601562,336.5631103515625,0.9387855529785156,296.61248779296875,308.2451477050781,0.905049741268158
track_1,2368,0.7190017104148865,652.6384887695312,648.9905395507812,0.46302932500839233,632.234130859375,544.6463012695312,0.9900336861610413,720.5641479492188,565.2828369140625,0.3128216564655304
track_0,2369,0.6544471979141235,177.21751403808594,413.041748046875,1.0335032939910889,248.74136352539062,336.5969543457031,0.9376053810119629,296.541259765625,305.4886779785156,0.9062631130218506
track_1,2369,0.7063567638397217,652.7772827148438,648.8690185546875,0.4973430335521698,640.3226928710938,544.5213623046875,0.985944390296936,583.1234741210938,612.857421875,0.3465633690357208
track_0,2370,0.6539032459259033,180.55026245117188,413.12353515625,1.018696665763855,248.72775268554688,336.5909423828125,0.9373844861984253,296.55169677734375,305.4468994140625,0.9094839692115784
track_1,2370,0.6957187056541443,660.695068359375,652.0570068359375,0.43801766633987427,632.2897338867188,544.7792358398438,1.0070258378982544,585.2922973632812,613.2135009765625,0.41138917207717896
track_0,2371,0.6515191793441772,181.369384765625,413.4372863769531,0.9942122101783752,248.74911499023438,336.5107421875,0.934384286403656,296.67767333984375,305.41461181640625,0.91221684217453
track_1,2371,0.6699098348617554,,,0.0,632.2114868164062,544.9429931640625,0.9592239260673523,656.42626953125,652.913818359375,0.44075092673301697
track_0,2372,0.6481692790985107,185.18336486816406,416.65826416015625,0.9941798448562622,248.75457763671875,336.45147705078125,0.9338499903678894,296.77008056640625,305.352783203125,0.9118584394454956
track_1,2372,0.6790026426315308,656.8951416015625,652.804931640625,0.429570734500885,624.3087158203125,551.8361206054688,0.9156497120857239,584.5814819335938,612.1801147460938,0.3714729845523834
track_0,2373,0.6436988711357117,188.97012329101562,417.41748046875,1.015747308731079,248.71490478515625,336.4541015625,0.9290010929107666,296.7734069824219,305.33038330078125,0.9086887836456299
track_1,2373,0.6960020065307617,656.580810546875,653.0682983398438,0.4761960804462433,624.1336059570312,552.156005859375,0.9454033970832825,584.422119140625,612.7884521484375,0.3736830949783325
track_0,2374,0.6410408020019531,192.31210327148438,420.5224304199219,0.9834024906158447,248.70291137695312,336.447265625,0.9312716722488403,296.73773193359375,305.32379150390625,0.9085584878921509
track_1,2374,0.7249459624290466,652.708740234375,652.8307495117188,0.4577172100543976,624.2913208007812,551.8910522460938,0.9718144536018372,707.6796264648438,592.2149047851562,0.3128548860549927
track_0,2375,0.6436731219291687,192.45164489746094,420.6641540527344,0.9885227084159851,248.70718383789062,336.579345703125,0.9317212104797363,296.6119384765625,305.4016418457031,0.912349283695221
track_1,2375,0.7406097650527954,597.7831420898438,609.0819702148438,0.2095726877450943,631.969970703125,545.3165893554688,1.020876169204712,711.9481201171875,589.2963256835938,0.5506096482276917
track_0,2376,0.645339846611023,188.90530395507812,420.90179443359375,1.0628070831298828,248.78408813476562,336.7218017578125,0.9244558215141296,296.50537109375,305.4684753417969,0.9078395962715149
track_1,2376,0.7407599687576294,652.2242431640625,652.3561401367188,0.4872814118862152,632.1165161132812,551.7758178710938,0.9681762456893921,712.7874145507812,584.5997314453125,0.49187371134757996
track_0,2377,0.6576887965202332,184.55870056152344,417.3826904296875,1.0787180662155151,256.22088623046875,336.4424743652344,0.9370558857917786,296.41680908203125,308.2756042480469,0.9138302206993103
track_1,2377,0.7233356833457947,672.318603515625,655.9595336914062,0.42420366406440735,632.1364135742188,552.1065673828125,1.0286060571670532,716.9737548828125,584.5646362304688,0.35445258021354675
track_0,2378,0.6608500480651855,180.79977416992188,417.44622802734375,1.0973165035247803,256.2999267578125,336.7880554199219,0.9390785098075867,296.3799743652344,308.6119384765625,0.9250718355178833
track_1,2378,0.6805180907249451,660.3600463867188,652.67138671875,0.6946208477020264,632.071533203125,552.6046142578125,1.013740062713623,719.815185546875,592.3770751953125,0.3009752333164215
track_0,2379,0.6650338172912598,179.9073486328125,417.2132873535156,1.072188377380371,256.2833557128906,336.901123046875,0.9452962875366211,296.3294982910156,308.9233703613281,0.9293938279151917
track_1,2379,0.6433950662612915,660.6776733398438,648.827880859375,0.42873433232307434,632.2359619140625,552.7067260742188,0.9672966003417969,592.1212768554688,616.4683837890625,0.24972666800022125
track_0,2380,0.6668618321418762,176.84519958496094,416.5560302734375,1.014266848564148,248.3899688720703,343.8263244628906,0.9029854536056519,292.6158447265625,308.124267578125,0.8813773393630981
track_1,2380,0.632271945476532,701.4317626953125,600.7937622070312,0.36591437458992004,632.3607177734375,552.7492065429688,0.948620080947876,649.2127075195312,653.110595703125,0.27555903792381287
track_0,2381,0.6664042472839355,177.0381622314453,416.68792724609375,1.0095340013504028,248.34954833984375,343.7738342285156,0.9010035395622253,292.5675048828125,308.08197021484375,0.8791316151618958
track_1,2381,0.6502740383148193,704.2139282226562,613.2499389648438,0.5573230981826782,632.0035400390625,552.8460083007812,0.951921284198761,591.4347534179688,612.996826171875,0.3975929319858551
track_0,2382,0.6620916724205017,180.89523315429688,420.53106689453125,1.012913703918457,248.32400512695312,343.67041015625,0.8937263488769531,292.3930358886719,307.9981689453125,0.8875897526741028
track_1,2382,0.6603959202766418,696.7369384765625,601.4202270507812,0.5219525694847107,624.2239379882812,552.7989501953125,0.9419341683387756,588.3397827148438,610.1994018554688,0.30130907893180847
track_0,2383,0.6596793532371521,184.73143005371094,424.1750793457031,1.052499532699585,248.313232421875,343.5931396484375,0.8914855718612671,292.1830139160156,307.8780212402344,0.8930575847625732
track_1,2383,0.7120352387428284,696.5601806640625,600.67724609375,0.4750658869743347,624.3225708007812,552.0421142578125,0.9233026504516602,,,0.0
track_0,2384,0.6576042175292969,187.94041442871094,424.52752685546875,1.0410878658294678,248.29054260253906,343.6441650390625,0.8868840336799622,292.0623474121094,307.8548889160156,0.900178074836731
track_1,2384,0.7142956256866455,684.1981201171875,655.9746704101562,0.4452693462371826,632.1359252929688,551.708251953125,0.9471231698989868,564.4690551757812,567.828369140625,0.5000184774398804
track_0,2385,0.6555167436599731,188.32052612304688,424.83624267578125,1.0558384656906128,248.26290893554688,343.71087646484375,0.8891366720199585,292.0111083984375,307.86737060546875,0.8954088687896729
track_1,2385,0.7133432030677795,656.4449462890625,651.6494140625,0.4674794673919678,632.1095581054688,551.6986083984375,0.9471567869186401,580.9926147460938,608.2239990234375,0.43239864706993103
track_0,2386,0.6552767753601074,192.0688934326172,427.8664245605469,1.0134308338165283,248.24888610839844,343.77508544921875,0.8902006149291992,291.9969787597656,307.97137451171875,0.8945403099060059
track_1,2386,0.6941349506378174,652.6375732421875,648.2239379882812,0.5915286540985107,632.1741943359375,551.9266357421875,0.9583460688591003,584.0925903320312,611.88623046875,0.4340924620628357
track_0,2387,0.6535093784332275,200.15574645996094,428.7729187011719,0.9784079194068909,248.25242614746094,343.75616455078125,0.8939311504364014,291.993896484375,307.9347839355469,0.8951993584632874
track_1,2387,0.6577682495117188,648.711181640625,644.86865234375,0.5502994656562805,632.2947998046875,552.0917358398438,0.9401399493217468,588.1270751953125,612.190673828125,0.45865148305892944
track_0,2388,0.6514708995819092,204.941650390625,431.9046630859375,0.9092069268226624,248.18927001953125,343.6202697753906,0.8873963952064514,291.74395751953125,307.76239013671875,0.8960285186767578
track_1,2388,0.641810953617096,653.134765625,644.64306640625,0.39786601066589355,632.2906494140625,552.1443481445312,0.939545750617981,588.6057739257812,609.1581420898438,0.48692288994789124
track_0,2389,0.6460368633270264,208.89434814453125,432.5951232910156,0.8738000392913818,248.07745361328125,343.5877685546875,0.8811628818511963,288.71697998046875,307.60028076171875,0.8964926600456238
track_1,2389,0.6452498435974121,648.8372802734375,645.347900390625,0.6107320785522461,632.261962890625,552.4235229492188,0.9711880087852478,588.37451171875,609.2521362304688,0.5617148280143738
track_0,2390,0.6427774429321289,212.11952209472656,432.74822998046875,0.8503736257553101,247.9932861328125,343.53564453125,0.8781594634056091,288.6065673828125,307.404296875,0.8852493166923523
track_1,2390,0.6471831798553467,648.57763671875,645.5882568359375,0.6423330307006836,632.0193481445312,552.8486938476562,0.9846850037574768,587.7428588867188,609.837890625,0.5493327379226685
track_0,2391,0.6414984464645386,213.58041381835938,433.36749267578125,0.7242559194564819,240.5174560546875,344.22882080078125,0.87107253074646,289.10687255859375,305.16680908203125,0.7962520122528076
track_1,2391,0.6448706388473511,652.4681396484375,648.56103515625,0.5078305006027222,624.324462890625,559.6930541992188,0.9293066263198853,585.351806640625,612.6433715820312,0.4112353026866913
track_0,2392,0.6384227871894836,217.51751708984375,432.77581787109375,0.7125954031944275,240.43988037109375,344.17022705078125,0.8722729086875916,288.99285888671875,304.839599609375,0.791075587272644
track_1,2392,0.659956157207489,649.3889770507812,648.1123046875,0.44246190786361694,624.3802490234375,559.6921997070312,0.9387057423591614,588.1362915039062,615.9140014648438,0.3064174950122833
track_0,2393,0.6374555826187134,221.49896240234375,432.62225341796875,0.6948463916778564,240.37506103515625,344.13531494140625,0.8879661560058594,288.74920654296875,304.688232421875,0.8108054399490356
track_1,2393,0.6568597555160522,660.4700317382812,651.7443237304688,0.699629008769989,632.1378173828125,559.797607421875,0.997398853302002,564.3327026367188,572.4429931640625,0.4405018389225006
track_0,2394,0.6382854580879211,224.22235107421875,432.76611328125,0.7108491063117981,240.40139770507812,344.21142578125,0.9017879962921143,288.5839538574219,304.6346130371094,0.8247430920600891
track_1,2394,0.6445702314376831,668.4185791015625,652.0556640625,0.6488925814628601,632.132568359375,559.8658447265625,0.9923467636108398,588.5982055664062,613.2770385742188,0.524121880531311
track_0,2395,0.6389936208724976,224.23220825195312,432.74609375,0.6886035203933716,240.4478302001953,344.27362060546875,0.9029293656349182,288.4875183105469,304.60107421875,0.8326370716094971
track_1,2395,0.6363832354545593,668.4713134765625,652.3851928710938,0.6325162053108215,632.1482543945312,560.0430297851562,0.9739338755607605,592.2306518554688,613.480712890625,0.5209265351295471
track_0,2396,0.6437651515007019,221.42550659179688,433.03668212890625,0.6855572462081909,240.51327514648438,344.3935241699219,0.9018017053604126,288.56756591796875,304.7663269042969,0.8318940997123718
track_1,2396,0.6198498606681824,664.5738525390625,652.59228515625,0.5157022476196289,632.1739501953125,560.3632202148438,0.9887140393257141,588.7640991210938,612.497802734375,0.33479970693588257
track_0,2397,0.6441441178321838,217.6033935546875,433.17657470703125,0.6998428702354431,240.55770874023438,344.5008850097656,0.8977100253105164,288.6596984863281,304.93597412109375,0.8324435353279114
track_1,2397,0.6133618354797363,664.40869140625,652.7808837890625,0.40291643142700195,632.155029296875,560.722412109375,1.0331844091415405,,,0.0
track_0,2398,0.6458457112312317,212.5687255859375,436.04339599609375,0.8128056526184082,247.85452270507812,343.938720703125,0.877162516117096,288.0191650390625,304.71820068359375,0.9040650725364685
track_1,2398,0.6343006491661072,681.2529296875,621.6426391601562,0.2985183596611023,624.5480346679688,560.7459716796875,0.992888331413269,,,0.0
track_0,2399,0.6523984670639038,207.82498168945312,433.1552429199219,0.9167210459709167,247.9188232421875,344.0585632324219,0.880104660987854,288.0038757324219,307.634521484375,0.8904599547386169
track_1,2399,0.6491661071777344,687.8317260742188,625.095458984375,0.2803955376148224,624.380859375,560.625732421875,0.9940640926361084,,,0.0
track_0,2400,0.6583068370819092,203.9144287109375,433.31561279296875,0.9514739513397217,248.01792907714844,344.219482421875,0.8830621838569641,287.94683837890625,307.94464111328125,0.9016337394714355
track_1,2400,0.6583842039108276,656.5885009765625,652.6466674804688,0.5508335828781128,624.3934326171875,560.44384765625,0.9728623032569885,,,0.0
track_0,2401,0.660376787185669,200.81588745117188,436.1179504394531,0.9672542214393616,248.03045654296875,344.25,0.8883569836616516,287.87127685546875,308.1172180175781,0.9104076027870178
track_1,2401,0.6695398092269897,657.2109375,652.347412109375,0.5578969717025757,624.475830078125,560.3006591796875,0.9633867740631104,,,0.0
track_0,2402,0.6586641669273376,200.12881469726562,436.13037109375,0.9945188164710999,248.0522003173828,344.25653076171875,0.8857654333114624,287.87158203125,308.11627197265625,0.9097827076911926
track_1,2402,0.6654928922653198,668.9160766601562,652.43408203125,0.42632487416267395,624.415771484375,560.3035888671875,0.9599854350090027,,,0.0
track_0,2403,0.6559464931488037,196.73922729492188,433.2351379394531,1.0137351751327515,248.07363891601562,344.2574157714844,0.8859127759933472,287.8763732910156,308.1123352050781,0.9103657007217407
track_1,2403,0.6582180857658386,680.5123901367188,652.8654174804688,0.49283120036125183,632.1395263671875,560.2733154296875,0.9850747585296631,564.4841918945312,584.1707763671875,0.28913602232933044
track_0,2404,0.6527997851371765,192.09869384765625,432.2901611328125,1.0335655212402344,248.09022521972656,344.27972412109375,0.8828573822975159,287.8553161621094,308.0889587402344,0.9092046618461609
track_1,2404,0.6433384418487549,668.4761352539062,652.6060791015625,0.5767825841903687,632.1360473632812,560.3281860351562,0.9983869194984436,592.987548828125,617.1260986328125,0.29823288321495056
track_0,2405,0.658550500869751,184.6467742919922,428.79913330078125,1.0421160459518433,248.09423828125,344.2171936035156,0.8887696862220764,287.8743591308594,308.1014404296875,0.911726176738739
track_1,2405,0.6410485506057739,660.2909545898438,652.01416015625,0.7475245594978333,632.0737915039062,560.0982666015625,0.9761800169944763,592.3087158203125,615.8486938476562,0.3025624752044678
track_0,2406,0.6623193621635437,180.26087951660156,424.9982604980469,1.059566617012024,248.11392211914062,344.25152587890625,0.8930263519287109,287.8276672363281,308.14404296875,0.913041353225708
track_1,2406,0.6655242443084717,653.211181640625,648.8471069335938,0.5093885064125061,624.4171142578125,559.9813842773438,0.9606747031211853,591.5895385742188,612.8225708007812,0.23350413143634796
track_0,2407,0.6671175360679626,176.1490020751953,420.9544677734375,1.0443087816238403,248.10128784179688,344.2565612792969,0.899718165397644,287.78424072265625,308.15606689453125,0.9124311208724976
track_1,2407,0.6591304540634155,653.2108154296875,652.4928588867188,0.4045603275299072,624.22802734375,560.373779296875,0.9551315903663635,588.7440185546875,613.5728759765625,0.3110935688018799
track_0,2408,0.6713873744010925,175.78341674804688,417.1167297363281,1.0156991481781006,248.0555419921875,344.13201904296875,0.9049410820007324,287.804443359375,308.1610107421875,0.9163704514503479
track_1,2408,0.6610514521598816,656.6664428710938,652.5546875,0.4899004101753235,624.251953125,560.396728515625,0.9650567770004272,591.5081176757812,616.3616943359375,0.3156554102897644
track_0,2409,0.671153724193573,173.5819549560547,417.28955078125,0.9747300148010254,240.79608154296875,344.6137390136719,0.9196935892105103,285.2644958496094,308.5290832519531,0.8690166473388672
track_1,2409,0.6681429147720337,657.1351928710938,652.2681884765625,0.5513070225715637,624.3568725585938,560.2449951171875,0.9641964435577393,591.8934936523438,616.7162475585938,0.289831280708313
track_0,2410,0.669228196144104,176.44821166992188,417.10345458984375,0.9681174159049988,240.77835083007812,344.53619384765625,0.9117448925971985,285.2390441894531,308.2947082519531,0.8598546385765076
track_1,2410,0.6701503992080688,664.9197387695312,652.1770629882812,0.4066604971885681,624.4112548828125,560.0152587890625,0.9556025862693787,589.3514404296875,617.2706298828125,0.2108713835477829
track_0,2411,0.6667959094047546,173.50534057617188,416.8135681152344,0.9632163643836975,240.76797485351562,344.5111999511719,0.9122022390365601,285.26934814453125,305.47076416015625,0.8452082872390747
track_1,2411,0.6682774424552917,660.6223754882812,652.1612548828125,0.4733828008174896,632.1382446289062,559.7151489257812,0.9688687920570374,592.2471923828125,616.6470336914062,0.25854459404945374
track_0,2412,0.6677091121673584,176.5926513671875,416.7137451171875,0.9595422148704529,240.77734375,344.5133361816406,0.9117380380630493,285.3030700683594,305.4997863769531,0.8451973795890808
track_1,2412,0.6664401292800903,660.5296630859375,653.67529296875,0.37405338883399963,632.2200927734375,552.8338623046875,0.9613271355628967,596.1296997070312,614.0338134765625,0.3784998953342438
track_0,2413,0.6678606867790222,176.78475952148438,416.67083740234375,0.9729129672050476,240.79327392578125,344.52520751953125,0.9119269251823425,285.30828857421875,305.48382568359375,0.8479403257369995
track_1,2413,0.6626240015029907,656.6722412109375,652.75927734375,0.4579247534275055,632.2045288085938,552.6943969726562,0.952921450138092,592.32275390625,613.2210083007812,0.30923646688461304
track_0,2414,0.667182981967926,176.9251251220703,416.6081848144531,0.9698217511177063,240.81651306152344,344.5257873535156,0.9096405506134033,285.46783447265625,305.4669494628906,0.8471639156341553
track_1,2414,0.6875395178794861,693.68115234375,604.2691650390625,0.33252713084220886,624.4400634765625,552.3970336914062,0.9493309855461121,694.073486328125,617.685546875,0.2132716327905655
track_0,2415,0.6691119074821472,176.4157257080078,412.440673828125,1.003189206123352,248.01751708984375,343.9020690917969,0.8984084129333496,287.7938537597656,307.5643310546875,0.9104486107826233
track_1,2415,0.6898729801177979,693.40234375,604.7411499023438,0.3791907727718353,624.1874389648438,552.4768676757812,0.9609095454216003,692.19580078125,617.3829345703125,0.29886379837989807
track_0,2416,0.669865071773529,176.3119659423828,411.79937744140625,0.9940556883811951,248.0172119140625,343.8984069824219,0.9001877307891846,287.8011169433594,307.54327392578125,0.9102869033813477
track_1,2416,0.707243025302887,680.4024047851562,657.040771484375,0.32355034351348877,624.174560546875,552.496337890625,0.9775101542472839,692.4999389648438,616.7528686523438,0.43476906418800354
track_0,2417,0.6711930632591248,175.9820556640625,408.3998718261719,0.9741562008857727,248.019775390625,343.8909912109375,0.9017695188522339,287.8258056640625,307.5054626464844,0.9111030697822571
track_1,2417,0.7231854796409607,656.7763061523438,656.7709350585938,0.2931392192840576,624.2197875976562,552.455810546875,0.993172824382782,696.234375,612.2335205078125,0.5729451179504395
track_0,2418,0.6721834540367126,175.966552734375,408.1107177734375,0.959108829498291,248.0191650390625,343.8673095703125,0.9000688195228577,287.8246765136719,307.4921569824219,0.9122329950332642
track_1,2418,0.7229683995246887,652.9821166992188,656.3609008789062,0.247593492269516,624.2355346679688,552.342529296875,0.9903163313865662,705.2776489257812,600.7571411132812,0.21480990946292877
track_0,2419,0.6725617051124573,173.56063842773438,405.46820068359375,0.9331439137458801,240.793701171875,344.4539794921875,0.9129368662834167,285.56988525390625,305.2956848144531,0.8454593420028687
track_1,2419,0.7234861254692078,656.4566040039062,653.0618896484375,0.4250018894672394,631.9271850585938,552.1212768554688,0.9920396208763123,,,0.0
track_0,2420,0.6708378195762634,172.6715850830078,404.13763427734375,0.9446408152580261,248.01214599609375,343.8294982910156,0.899848461151123,287.81488037109375,307.39398193359375,0.9101264476776123
track_1,2420,0.7246454954147339,656.2725830078125,656.0084838867188,0.47369542717933655,631.9728393554688,552.0862426757812,0.9929612278938293,,,0.0
track_0,2421,0.6724518537521362,171.8480224609375,400.4710693359375,0.9691287279129028,248.01333618164062,343.8734130859375,0.9055641293525696,287.8372802734375,307.46600341796875,0.9111064076423645
track_1,2421,0.7206101417541504,652.6351928710938,653.1045532226562,0.5322918891906738,632.0802612304688,552.053955078125,0.9757335782051086,712.3947143554688,596.6600341796875,0.27507394552230835
track_0,2422,0.6752185821533203,171.86807250976562,400.507080078125,0.9559015035629272,248.06875610351562,343.9686279296875,0.9063025712966919,287.9188232421875,307.5254211425781,0.9118303060531616
track_1,2422,0.7289437651634216,652.7936401367188,653.3248901367188,0.4725327491760254,624.295166015625,552.05029296875,0.9846143126487732,705.2796020507812,599.4037475585938,0.3562922775745392
track_0,2423,0.6765994429588318,171.92587280273438,400.56793212890625,0.9590958952903748,248.13619995117188,344.0603942871094,0.9059496521949768,288.008544921875,307.5775146484375,0.9113017320632935
track_1,2423,0.7349223494529724,652.536865234375,653.0595703125,0.4945288300514221,624.0767822265625,551.9654541015625,0.9758210182189941,704.0335083007812,600.2703857421875,0.3563518226146698
track_0,2424,0.6772143840789795,171.9835205078125,400.5985412597656,0.9510638117790222,248.161376953125,344.05413818359375,0.9072173833847046,288.1708984375,307.6527404785156,0.9085114598274231
track_1,2424,0.7427050471305847,652.3943481445312,652.9775390625,0.48740655183792114,623.9952392578125,551.8901977539062,0.9835237860679626,700.4514770507812,600.0748291015625,0.5112283229827881
track_0,2425,0.6784824132919312,172.018310546875,400.5688171386719,0.9652563333511353,248.18408203125,344.00677490234375,0.9101701378822327,288.28985595703125,307.66473388671875,0.905025064945221
track_1,2425,0.741712749004364,648.7672119140625,652.8611450195312,0.47201424837112427,624.046142578125,552.0619506835938,0.9950287342071533,700.992919921875,596.804931640625,0.6757793426513672
track_0,2426,0.6763755679130554,172.04571533203125,400.5248107910156,0.9655444622039795,248.19735717773438,343.938720703125,0.9033286571502686,288.31195068359375,307.47454833984375,0.8985459804534912
track_1,2426,0.74590003490448,648.7167358398438,652.5748291015625,0.48902544379234314,624.0557250976562,551.9163208007812,0.988544762134552,704.9271240234375,592.596923828125,0.4545135498046875
track_0,2427,0.6735133528709412,172.07542419433594,400.52545166015625,0.9719850420951843,248.22145080566406,343.9525451660156,0.9030535817146301,288.5472412109375,304.6649169921875,0.8982338309288025
track_1,2427,0.7429637908935547,648.7671508789062,652.4996337890625,0.4806489050388336,624.1204223632812,551.8263549804688,0.9854432940483093,712.1843872070312,588.1527099609375,0.2126111388206482
track_0,2428,0.6746749877929688,172.179443359375,400.6405944824219,0.9791579246520996,248.25262451171875,344.074951171875,0.9018011093139648,288.7283630371094,304.713623046875,0.8830857276916504
track_1,2428,0.7334757447242737,648.7785034179688,652.497802734375,0.4865168035030365,624.2759399414062,551.6761474609375,0.9533262252807617,,,0.0
track_0,2429,0.6759897470474243,172.29605102539062,400.74676513671875,0.979539692401886,248.29783630371094,344.15472412109375,0.9033584594726562,288.94390869140625,304.7136535644531,0.8576845526695251
track_1,2429,0.724148154258728,656.1812744140625,652.9730224609375,0.3169286549091339,632.10205078125,545.0590209960938,0.9469921588897705,591.95556640625,613.2579345703125,0.5437385439872742
track_0,2430,0.6778659224510193,172.27459716796875,400.75946044921875,0.9695296883583069,248.28179931640625,344.1358947753906,0.9034269452095032,288.9859619140625,304.8184814453125,0.8442015647888184
track_1,2430,0.7266260981559753,656.189208984375,652.8380737304688,0.35225534439086914,632.0444946289062,544.7899169921875,0.9436190128326416,591.9149780273438,612.95947265625,0.5354474782943726
track_0,2431,0.6769868731498718,172.24847412109375,400.6898498535156,0.9716796278953552,248.293701171875,344.0822448730469,0.9037190675735474,288.9947814941406,304.7735900878906,0.8468120098114014
track_1,2431,0.7369033098220825,652.6099243164062,652.4469604492188,0.39208024740219116,624.3229370117188,544.8562622070312,0.9599317312240601,704.9991455078125,581.497802734375,0.4373931884765625
track_0,2432,0.6736089587211609,172.2772979736328,400.639892578125,0.9855568408966064,248.2828369140625,344.0553283691406,0.900060772895813,291.96478271484375,304.3628845214844,0.8197129964828491
track_1,2432,0.7471147179603577,652.4915771484375,652.397705078125,0.38140591979026794,624.1580810546875,544.7888793945312,0.9593582153320312,704.378173828125,585.0028076171875,0.43700429797172546
track_0,2433,0.6696363091468811,172.31353759765625,400.5940246582031,0.9886026382446289,248.3291015625,344.0272216796875,0.8997746706008911,292.54443359375,304.2029724121094,0.811464250087738
track_1,2433,0.7537533044815063,652.4713134765625,652.3803100585938,0.37356844544410706,624.1478271484375,544.7484130859375,0.9638720750808716,704.97412109375,581.3956909179688,0.3607177734375
track_0,2434,0.668962836265564,172.38070678710938,400.56201171875,0.9836724996566772,248.329833984375,343.9747619628906,0.8992151021957397,292.91461181640625,304.1778564453125,0.8079833984375
track_1,2434,0.751368522644043,652.6019897460938,652.3060302734375,0.3976956903934479,624.3097534179688,544.6549072265625,0.9518547654151917,568.8748168945312,596.755859375,0.20418478548526764
track_0,2435,0.6678999662399292,172.39285278320312,400.4932861328125,0.9825692772865295,248.30120849609375,343.9148254394531,0.8979063034057617,292.92822265625,304.13922119140625,0.8043941855430603
track_1,2435,0.7382097244262695,652.5381469726562,652.0537109375,0.44975823163986206,632.2031860351562,544.40625,0.920214056968689,588.1904296875,608.7845458984375,0.4185711145401001
track_0,2436,0.6685338616371155,172.31985473632812,400.4742431640625,0.9768561124801636,248.30758666992188,343.8882751464844,0.8975338339805603,292.848876953125,304.12164306640625,0.8049861788749695
track_1,2436,0.7277010083198547,648.7791748046875,648.935302734375,0.4826527535915375,632.2940673828125,544.2314453125,0.9147902131080627,592.0314331054688,612.3616943359375,0.5317376255989075
track_0,2437,0.669012188911438,172.26748657226562,400.4612731933594,0.980193018913269,248.2953338623047,343.8922119140625,0.8984917998313904,292.83050537109375,304.1501770019531,0.8048474192619324
track_1,2437,0.7193329334259033,648.7316284179688,648.571044921875,0.49373677372932434,632.1761474609375,543.9627685546875,0.9175302982330322,592.3366088867188,612.3629150390625,0.5498924851417542
track_0,2438,0.6659277081489563,172.91036987304688,401.26092529296875,0.9554978013038635,256.1806640625,336.9381408691406,0.9265943169593811,296.2960205078125,304.80694580078125,0.9121081233024597
track_1,2438,0.7278275489807129,648.66162109375,648.9563598632812,0.3375392556190491,624.2297973632812,544.1696166992188,0.9480040073394775,712.9765014648438,572.3158569335938,0.42326870560646057
track_0,2439,0.6634995937347412,172.94773864746094,401.2300720214844,0.9683937430381775,256.26611328125,336.97052001953125,0.9307761192321777,296.62176513671875,304.97344970703125,0.9207985997200012
track_1,2439,0.7389683723449707,700.37060546875,583.8862915039062,0.5143070220947266,624.1180419921875,544.1688232421875,0.9230934381484985,584.1940307617188,607.9818115234375,0.3152819275856018
track_0,2440,0.6652784943580627,172.9981689453125,401.22698974609375,0.9679456353187561,256.27862548828125,336.9967041015625,0.9313944578170776,296.6278381347656,305.1863708496094,0.9323630928993225
track_1,2440,0.7538936138153076,645.10400390625,648.7354736328125,0.36409181356430054,616.47607421875,544.4134521484375,0.9385290145874023,700.9459228515625,589.2035522460938,0.23604720830917358
track_0,2441,0.6668553352355957,172.47409057617188,400.40826416015625,1.003771424293518,248.42359924316406,344.0085144042969,0.8970916867256165,296.13214111328125,304.5867919921875,0.8437567949295044
track_1,2441,0.7692064642906189,644.938232421875,648.690673828125,0.35875433683395386,616.3679809570312,544.3363037109375,0.9443740248680115,699.91845703125,592.2589111328125,0.30510440468788147
track_0,2442,0.6694324016571045,172.52401733398438,400.478759765625,1.0020854473114014,248.39883422851562,344.0147705078125,0.8975651860237122,293.27886962890625,304.7101135253906,0.8375114798545837
track_1,2442,0.7729806303977966,697.4024658203125,588.2259521484375,0.4555628001689911,624.0641479492188,544.062744140625,0.9524106383323669,564.9730834960938,588.2218017578125,0.3901636302471161
track_0,2443,0.6708142757415771,172.5768280029297,400.55621337890625,1.0028047561645508,248.3846893310547,344.022705078125,0.898073673248291,293.11572265625,304.7247314453125,0.8404500484466553
track_1,2443,0.7654606103897095,652.3751831054688,651.5878295898438,0.4536985158920288,631.9573974609375,544.0068359375,0.9341375231742859,568.30322265625,588.2197265625,0.5493923425674438
track_0,2444,0.6709265112876892,172.55319213867188,400.55047607421875,1.002036213874817,248.3834686279297,344.019287109375,0.8982526063919067,293.09417724609375,304.73681640625,0.84786057472229
track_1,2444,0.752570390701294,652.3101196289062,651.9885864257812,0.4205027222633362,632.0682983398438,544.1043090820312,0.9131145477294922,572.0786743164062,592.1431274414062,0.5433779358863831
track_0,2445,0.6696763038635254,172.5362091064453,400.5467224121094,1.0023213624954224,248.3965606689453,344.0106201171875,0.8990222215652466,293.2001953125,304.75311279296875,0.848198413848877
track_1,2445,0.7486793994903564,707.761474609375,584.031005859375,0.30063381791114807,631.9576416015625,544.2431030273438,0.9173704981803894,572.4459228515625,592.6332397460938,0.38718488812446594
track_0,2446,0.6686212420463562,172.80303955078125,400.60211181640625,0.9928518533706665,248.4193115234375,344.01007080078125,0.8960138559341431,293.3283386230469,304.7803649902344,0.8370248675346375
track_1,2446,0.7355470657348633,696.9918212890625,585.1090087890625,0.4863455593585968,624.3333129882812,544.564453125,0.9501162767410278,568.7031860351562,589.703125,0.2797608971595764
track_0,2447,0.6690152287483215,176.46437072753906,401.5340881347656,0.9861770868301392,256.32159423828125,337.0325012207031,0.9333561658859253,296.4927978515625,305.50994873046875,0.9414201974868774
track_1,2447,0.7480961680412292,692.8306274414062,595.9307861328125,0.3404768407344818,624.0283203125,544.4844360351562,0.9581563472747803,567.9793701171875,589.16064453125,0.29547473788261414
track_0,2448,0.6700358390808105,176.177978515625,404.0068054199219,0.9519487619400024,248.45751953125,344.04241943359375,0.8964390158653259,293.30096435546875,304.90362548828125,0.8397774696350098
track_1,2448,0.7648212313652039,692.5131225585938,604.1201782226562,0.4585653841495514,616.3388671875,544.6553955078125,0.95699143409729,564.5228271484375,589.6346435546875,0.21549473702907562
track_0,2449,0.6698647737503052,176.33004760742188,404.22283935546875,0.9597964286804199,248.47140502929688,344.0811767578125,0.8957840800285339,293.2957763671875,304.9753112792969,0.8380762338638306
track_1,2449,0.7665737271308899,693.1212768554688,596.7247924804688,0.43724071979522705,616.3718872070312,544.64794921875,0.9511092901229858,,,0.0
track_0,2450,0.6718489527702332,176.13775634765625,404.25067138671875,0.9602479934692383,248.45819091796875,344.09405517578125,0.895732581615448,293.1872253417969,305.05767822265625,0.8421817421913147
track_1,2450,0.7494418621063232,699.9630126953125,592.5572509765625,0.4408753216266632,624.1435546875,544.4204711914062,0.9278668165206909,572.3388671875,596.8862915039062,0.27876386046409607
track_0,2451,0.6741119027137756,172.51416015625,400.8809814453125,0.9830751419067383,248.43063354492188,344.09466552734375,0.8965235948562622,293.0685119628906,307.701904296875,0.85079026222229
track_1,2451,0.7302150726318359,648.577880859375,648.8274536132812,0.44038671255111694,631.982666015625,544.1421508789062,0.9083539843559265,572.5524291992188,596.6248168945312,0.35864368081092834
track_0,2452,0.6772614121437073,172.3280029296875,400.54632568359375,0.9547694325447083,248.40074157714844,344.08209228515625,0.8990311622619629,293.0125732421875,307.7633972167969,0.8565941452980042
track_1,2452,0.7243315577507019,648.659912109375,648.3363647460938,0.45963943004608154,632.0298461914062,543.877197265625,0.9086431264877319,568.886962890625,592.5303955078125,0.34221217036247253
track_0,2453,0.6786043047904968,172.3191375732422,400.3197326660156,0.9336838126182556,248.38873291015625,344.0065612792969,0.9041698575019836,292.99188232421875,307.77001953125,0.8617767691612244
track_1,2453,0.7317526340484619,644.9652099609375,647.9139404296875,0.44704997539520264,624.1920776367188,543.8364868164062,0.9055454134941101,568.8898315429688,592.4705810546875,0.320869505405426
track_0,2454,0.6782309412956238,172.4833526611328,400.3973388671875,0.9332166910171509,248.3955078125,343.9288024902344,0.9047154784202576,292.94061279296875,307.7406005859375,0.870480477809906
track_1,2454,0.7428605556488037,696.9398193359375,584.2095336914062,0.5626887679100037,624.0850219726562,543.7078247070312,0.9117726683616638,568.4363403320312,592.3597412109375,0.34136679768562317
track_0,2455,0.6781988739967346,172.71592712402344,400.4716491699219,0.9318708777427673,248.40194702148438,343.9306640625,0.9029070138931274,292.9088439941406,307.75860595703125,0.8709620833396912
track_1,2455,0.7434956431388855,696.9393310546875,587.7498168945312,0.6189678907394409,624.0210571289062,543.7626953125,0.90916508436203,564.9668579101562,592.0048828125,0.3303002119064331
track_0,2456,0.6794784069061279,176.18753051757812,400.64569091796875,0.8927438259124756,248.42269897460938,343.95965576171875,0.9053855538368225,292.8697204589844,307.80255126953125,0.8732604384422302
track_1,2456,0.7418449521064758,697.4002685546875,587.8964233398438,0.5756167769432068,624.1144409179688,543.8326416015625,0.9077345132827759,568.586181640625,592.5841064453125,0.330975741147995
track_0,2457,0.6797981262207031,176.66848754882812,400.7232971191406,0.8654196858406067,248.41900634765625,343.9844055175781,0.9101477265357971,292.8411865234375,307.83251953125,0.873732328414917
track_1,2457,0.7447576522827148,697.708984375,588.0059814453125,0.5272744297981262,624.1243286132812,543.9437866210938,0.9148878455162048,568.6549682617188,592.6715698242188,0.3231847286224365
track_0,2458,0.681093156337738,177.07945251464844,400.8337097167969,0.7997221350669861,248.44903564453125,344.00201416015625,0.9118490815162659,292.8006896972656,307.8773193359375,0.8753795027732849
track_1,2458,0.7585479617118835,644.7181396484375,648.5404663085938,0.4300844371318817,624.0037231445312,544.1029663085938,0.9233090281486511,568.6901245117188,592.98779296875,0.350248247385025
track_0,2459,0.6820132732391357,176.94781494140625,400.8892822265625,0.8185106515884399,248.44985961914062,344.0370788574219,0.9107005596160889,292.7535400390625,307.9269714355469,0.875617504119873
track_1,2459,0.7598989009857178,644.6798095703125,648.6143798828125,0.43578511476516724,624.0453491210938,544.1690673828125,0.915758490562439,568.6484375,593.0753173828125,0.33609840273857117
track_0,2460,0.6861935257911682,176.45948791503906,400.681884765625,0.8607178926467896,248.47027587890625,344.15869140625,0.9118608832359314,292.7261962890625,308.0485534667969,0.8760119676589966
track_1,2460,0.749167263507843,644.7749633789062,648.4806518554688,0.4569435715675354,624.1324462890625,544.1366577148438,0.9115690588951111,568.798828125,593.028076171875,0.34440359473228455
track_0,2461,0.6887606382369995,172.9889678955078,400.34478759765625,0.849459707736969,248.47091674804688,344.2033996582031,0.9144386649131775,292.7088928222656,308.1194152832031,0.8753029704093933
track_1,2461,0.7445353865623474,644.7413940429688,648.4500122070312,0.46072351932525635,624.140380859375,544.1103515625,0.911834716796875,568.762939453125,593.0174560546875,0.33384081721305847
track_0,2462,0.6895810961723328,172.46588134765625,400.22698974609375,0.8196207880973816,248.41046142578125,344.1609802246094,0.9158215522766113,292.6181640625,308.1152648925781,0.8740479946136475
track_1,2462,0.7444331645965576,697.5187377929688,588.2276611328125,0.4953577518463135,624.06982421875,543.9820556640625,0.9076254367828369,568.7302856445312,592.94482421875,0.3433488607406616
track_0,2463,0.6902942657470703,168.89779663085938,396.8973083496094,0.7912978529930115,248.37066650390625,344.04083251953125,0.9190056324005127,292.4696044921875,308.06195068359375,0.8785295486450195
track_1,2463,0.7459737062454224,644.5676879882812,648.2299194335938,0.45044246315956116,624.0030517578125,543.8414306640625,0.9071210622787476,568.2884521484375,592.558349609375,0.3496057987213135
track_0,2464,0.6917614936828613,164.97482299804688,392.1715087890625,0.7366006374359131,248.30723571777344,343.97967529296875,0.9252967238426208,292.24884033203125,308.0379638671875,0.8780085444450378
track_1,2464,0.7461386919021606,644.5396728515625,648.3240966796875,0.41017770767211914,624.0869140625,543.7598266601562,0.9029977917671204,568.48779296875,592.4417724609375,0.34559106826782227
track_0,2465,0.6924397349357605,164.15512084960938,388.19097900390625,0.6597801446914673,248.25112915039062,343.91473388671875,0.935878336429596,292.09112548828125,307.99615478515625,0.8764869570732117
track_1,2465,0.7497450709342957,644.5736083984375,648.232177734375,0.437112957239151,624.038818359375,543.7877807617188,0.9115803241729736,568.5928955078125,592.440673828125,0.34767910838127136
track_0,2466,0.6929000616073608,164.44520568847656,387.93218994140625,0.7465308308601379,248.21034240722656,343.87518310546875,0.9422383308410645,292.0603332519531,307.9974670410156,0.8763556480407715
track_1,2466,0.7480361461639404,644.609130859375,648.0695190429688,0.45990443229675293,624.0029296875,543.7733154296875,0.9091260433197021,568.5581665039062,592.4005737304688,0.3664628565311432
track_0,2467,0.6929023861885071,164.4789581298828,387.88714599609375,0.7366354465484619,248.20443725585938,343.8648986816406,0.943259596824646,292.035400390625,308.0087890625,0.87424635887146
track_1,2467,0.7473612427711487,696.99951171875,588.3080444335938,0.4965870976448059,623.9906005859375,543.747802734375,0.9109471440315247,568.240234375,592.2465209960938,0.3571256399154663
track_0,2468,0.6942420601844788,164.56439208984375,387.8971862792969,0.7816968560218811,248.2020721435547,343.8809814453125,0.9452546238899231,292.03253173828125,308.079345703125,0.8745893239974976
track_1,2468,0.7494068145751953,697.009033203125,588.5374755859375,0.5359370708465576,623.9682006835938,543.7479248046875,0.912347137928009,568.2047729492188,592.2276000976562,0.36646512150764465
track_0,2469,0.6956151127815247,164.57809448242188,384.6235046386719,0.8326206207275391,248.19418334960938,343.9306640625,0.9483176469802856,292.021728515625,308.14788818359375,0.8719362616539001
track_1,2469,0.7519114017486572,644.5164794921875,648.156982421875,0.4340367019176483,623.9632568359375,543.7359619140625,0.9091029763221741,568.2242431640625,592.22607421875,0.3777143359184265
track_0,2470,0.6982073783874512,164.74411010742188,384.30615234375,0.8707097768783569,248.19114685058594,343.9316711425781,0.9583538770675659,291.99267578125,308.22344970703125,0.8796486258506775
track_1,2470,0.7539961934089661,644.5758666992188,648.35693359375,0.43047523498535156,624.0714111328125,543.8433837890625,0.9100109338760376,568.5324096679688,592.4423828125,0.3658994138240814
track_0,2471,0.7006276249885559,164.7637939453125,384.34600830078125,0.871967077255249,248.1880645751953,343.942138671875,0.9650757908821106,291.973876953125,308.3019104003906,0.8809807300567627
track_1,2471,0.7515465617179871,644.6253662109375,648.345703125,0.45900458097457886,624.08251953125,543.940185546875,0.9152138233184814,568.6929931640625,592.644775390625,0.3494507670402527
track_0,2472,0.6989772319793701,168.23553466796875,388.04388427734375,0.8715029358863831,248.19570922851562,343.8724060058594,0.9648172855377197,291.98052978515625,308.3331298828125,0.8867093920707703
track_1,2472,0.7504522800445557,641.097900390625,648.1072998046875,0.46173161268234253,624.0537719726562,543.9946899414062,0.9197348952293396,568.4766845703125,592.6917724609375,0.3546336591243744
track_0,2473,0.6965579390525818,168.8354034423828,400.228515625,0.8163500428199768,248.2364959716797,343.8764343261719,0.9320800304412842,289.0119934082031,308.4165954589844,0.8746622204780579
track_1,2473,0.7507082223892212,641.0234985351562,648.0643920898438,0.4707789719104767,624.037353515625,543.99267578125,0.9199082255363464,568.4586181640625,592.7080078125,0.3604247570037842
track_0,2474,0.6964677572250366,175.8325653076172,408.01654052734375,0.868911623954773,248.24130249023438,343.9982604980469,0.9281173944473267,288.8123474121094,308.6124267578125,0.8767474889755249
track_1,2474,0.7507488131523132,641.0667114257812,648.0462646484375,0.46893739700317383,624.0388793945312,543.9835205078125,0.9184262156486511,568.5198974609375,592.7374267578125,0.36668866872787476
track_0,2475,0.6978131532669067,176.38616943359375,412.336181640625,0.9396311044692993,248.26309204101562,344.2093505859375,0.9254141449928284,288.54827880859375,309.02899169921875,0.8829352259635925
track_1,2475,0.7491574287414551,641.0921020507812,648.0135498046875,0.4738810360431671,624.0776977539062,544.002685546875,0.9173683524131775,568.5947265625,592.7838134765625,0.3715941607952118
track_0,2476,0.6991479396820068,176.56192016601562,413.313232421875,0.9991359114646912,248.2852783203125,344.4206848144531,0.9269328713417053,288.4658508300781,312.1185302734375,0.8976025581359863
track_1,2476,0.7494578957557678,641.0866088867188,647.9794921875,0.47438785433769226,624.0743408203125,543.9617919921875,0.9201763868331909,568.6802368164062,592.7796630859375,0.36079615354537964
track_0,2477,0.6990769505500793,176.27198791503906,416.75213623046875,1.0308802127838135,248.36123657226562,344.483154296875,0.9257133603096008,288.5018310546875,312.20147705078125,0.9021251201629639
track_1,2477,0.7544811964035034,641.0166015625,648.0435180664062,0.46289852261543274,624.0342407226562,543.9176635742188,0.9220213890075684,568.4183959960938,592.66650390625,0.37129101157188416
track_0,2478,0.6947536468505859,172.951171875,420.44329833984375,1.0182851552963257,248.37445068359375,344.51287841796875,0.9265561699867249,288.5473327636719,312.251953125,0.9027740359306335
track_1,2478,0.7570270895957947,641.1100463867188,648.2994995117188,0.41304123401641846,624.1091918945312,543.9826049804688,0.922501802444458,568.3894653320312,592.572509765625,0.3782281279563904
track_0,2479,0.6913723945617676,172.71533203125,420.8118896484375,1.053270697593689,248.3739013671875,344.55645751953125,0.9268707036972046,288.5676574707031,312.2842712402344,0.9005358219146729
track_1,2479,0.7502124905586243,644.642822265625,648.6364135742188,0.44592174887657166,624.1905517578125,544.036865234375,0.9278000593185425,572.4578857421875,596.385498046875,0.34451380372047424
track_0,2480,0.6909732818603516,171.96665954589844,420.65435791015625,1.0245517492294312,248.34852600097656,344.5733337402344,0.9267919063568115,288.4495544433594,312.3349609375,0.9075537323951721
track_1,2480,0.7456123232841492,644.7196044921875,648.451416015625,0.4782503843307495,624.198486328125,544.0648193359375,0.9272295832633972,572.5247192382812,596.427978515625,0.35535764694213867
track_0,2481,0.6930512189865112,168.73040771484375,417.3006591796875,1.0185205936431885,248.31646728515625,344.5693359375,0.9301012754440308,288.34033203125,312.3433837890625,0.9118726849555969
track_1,2481,0.7468531131744385,644.6001586914062,648.3114624023438,0.47781410813331604,624.0562133789062,543.9617919921875,0.9261075258255005,572.2421875,596.39013671875,0.38677188754081726
track_0,2482,0.6933618187904358,168.5050048828125,416.97784423828125,1.0131185054779053,248.28652954101562,344.5360107421875,0.9307642579078674,288.330810546875,312.3599853515625,0.9105640053749084
track_1,2482,0.7488284111022949,644.5482788085938,648.105224609375,0.47790437936782837,624.0231323242188,543.8233642578125,0.9234212040901184,568.6051635742188,592.7823486328125,0.38656505942344666
track_0,2483,0.6944911479949951,168.28395080566406,416.6692199707031,1.0117202997207642,248.27928161621094,344.5397644042969,0.9328535795211792,288.173095703125,312.430908203125,0.9227173328399658
track_1,2483,0.743818998336792,640.9979248046875,647.6445922851562,0.48048272728919983,624.0293579101562,543.7105102539062,0.9163085222244263,568.6253662109375,592.6188354492188,0.3947737216949463
track_0,2484,0.6948757767677307,168.05706787109375,413.29840087890625,0.981294572353363,248.21775817871094,344.5376281738281,0.9351755380630493,287.96923828125,312.4715576171875,0.9183340668678284
track_1,2484,0.7403566837310791,641.0210571289062,647.6044921875,0.4831545352935791,624.0469360351562,543.6700439453125,0.9142782092094421,572.2108764648438,596.0361938476562,0.3921511173248291
track_0,2485,0.6959733963012695,164.7745361328125,409.3539733886719,0.9163961410522461,248.166259765625,344.54888916015625,0.9357301592826843,287.7707214355469,312.5,0.9081854820251465
track_1,2485,0.7397217154502869,641.0247802734375,647.6262817382812,0.4824102818965912,624.0543823242188,543.6734008789062,0.9163690209388733,572.236572265625,596.0662841796875,0.40126290917396545
track_0,2486,0.6964541673660278,163.88165283203125,405.23797607421875,0.8552597761154175,248.07273864746094,344.523193359375,0.9368600845336914,284.8578186035156,312.54876708984375,0.9066165089607239
track_1,2486,0.7442333698272705,640.992919921875,647.758544921875,0.4706997275352478,624.030029296875,543.672607421875,0.9176766872406006,568.465576171875,592.464111328125,0.3782755136489868
track_0,2487,0.7009407877922058,161.1596221923828,404.767578125,0.8627941608428955,240.71038818359375,344.9103698730469,0.9481801986694336,284.9246520996094,312.84735107421875,0.8779595494270325
track_1,2487,0.7447867393493652,641.1339721679688,648.076171875,0.4501096308231354,624.1177978515625,543.7655029296875,0.9185170531272888,568.5211791992188,592.5194702148438,0.3915248513221741
track_0,2488,0.7071803212165833,160.96527099609375,401.32073974609375,0.8866998553276062,240.6446533203125,344.76171875,0.9507828950881958,284.77911376953125,312.7897033691406,0.882888674736023
track_1,2488,0.7413564920425415,644.6755981445312,648.4847412109375,0.4622376561164856,624.1837768554688,543.9339599609375,0.9210940599441528,572.4064331054688,596.415771484375,0.4012971818447113
track_0,2489,0.708371102809906,160.38429260253906,400.8316650390625,0.8822020292282104,240.57861328125,344.7183837890625,0.9549151659011841,284.7221984863281,312.7558288574219,0.8808208107948303
track_1,2489,0.7397031784057617,644.7638549804688,648.529296875,0.4774532616138458,624.197265625,544.083251953125,0.9260988235473633,572.4342651367188,596.5564575195312,0.38077512383461
track_0,2490,0.7102290391921997,157.158935546875,397.39874267578125,0.7673149704933167,240.5250244140625,344.7087707519531,0.9561538696289062,284.64501953125,312.7578430175781,0.8785115480422974
track_1,2490,0.7449991106987,644.6890869140625,648.5335083007812,0.47746148705482483,624.116943359375,544.1163940429688,0.9278649091720581,568.5426635742188,592.9841918945312,0.38830244541168213
track_0,2491,0.7111337780952454,156.69265747070312,393.1789245605469,0.7041411399841309,240.4950408935547,344.6886291503906,0.9576100707054138,284.633544921875,312.7577209472656,0.8775606155395508
track_1,2491,0.7479555606842041,644.662841796875,648.4034423828125,0.4790853261947632,624.0989379882812,544.05322265625,0.9257081747055054,572.2987060546875,596.5569458007812,0.4001665711402893
track_0,2492,0.7137649655342102,156.2812042236328,389.044189453125,0.6037382483482361,240.4830780029297,344.6205749511719,0.9610560536384583,284.626220703125,312.7129821777344,0.8803822994232178
track_1,2492,0.7448914051055908,644.6466064453125,648.261962890625,0.47777512669563293,624.0953979492188,543.9315795898438,0.922160267829895,572.213623046875,596.3515625,0.39888468384742737
track_0,2493,0.7157211899757385,156.4712371826172,384.8416748046875,0.6736702919006348,240.413818359375,344.5483093261719,0.9704720377922058,284.6170654296875,312.6492004394531,0.8822368383407593
track_1,2493,0.7427189350128174,641.0234985351562,647.8880615234375,0.479647159576416,624.0980224609375,543.8721923828125,0.9204797744750977,568.626708984375,592.8018798828125,0.4039943218231201
track_0,2494,0.7192361354827881,156.96607971191406,384.3639221191406,0.8028798699378967,240.36810302734375,344.43914794921875,0.9839229583740234,284.64886474609375,312.5348815917969,0.8874960541725159
track_1,2494,0.7432968616485596,641.00341796875,647.9317626953125,0.47928711771965027,624.0733642578125,543.8583984375,0.9186625480651855,568.52734375,592.7684326171875,0.4052594006061554
track_0,2495,0.7196780443191528,156.563232421875,380.8726806640625,0.7564225792884827,240.3505859375,344.31182861328125,0.9879313707351685,284.67236328125,312.4163818359375,0.8917393684387207
track_1,2495,0.7522090673446655,640.978759765625,648.2535400390625,0.43392565846443176,624.0592041015625,543.924560546875,0.9168867468833923,568.47216796875,592.7685546875,0.4119013547897339
track_0,2496,0.7175866365432739,156.14849853515625,380.21185302734375,0.661016047000885,240.29067993164062,344.19525146484375,0.9768109321594238,284.80316162109375,312.3201904296875,0.8851695656776428
track_1,2496,0.7558779716491699,641.0369262695312,648.2654418945312,0.44845712184906006,624.121337890625,543.9874267578125,0.9224810004234314,572.3904418945312,596.43310546875,0.3906559646129608
track_0,2497,0.7145353555679321,156.0298614501953,376.6427001953125,0.6614375710487366,240.27139282226562,344.0603332519531,0.9834513068199158,288.0406799316406,312.1864929199219,0.8903908133506775
track_1,2497,0.7417042255401611,641.0874633789062,648.2862548828125,0.4718078076839447,624.20068359375,544.0711669921875,0.9263944625854492,572.445068359375,596.4825439453125,0.3865121304988861
track_0,2498,0.711018443107605,155.96566772460938,376.20184326171875,0.6338860392570496,240.30145263671875,343.95294189453125,0.9782671332359314,288.45733642578125,312.1295166015625,0.9261298179626465
track_1,2498,0.7462413907051086,641.0550537109375,648.2952880859375,0.4769231379032135,624.106689453125,544.1365966796875,0.925244152545929,568.5225830078125,593.016357421875,0.3843291699886322
track_0,2499,0.7074995636940002,155.97824096679688,375.92303466796875,0.5957301259040833,240.30641174316406,343.8722839355469,0.9761634469032288,288.533447265625,311.9912109375,0.9222519993782043
track_1,2499,0.7456071972846985,641.0020141601562,648.06591796875,0.48366910219192505,624.075439453125,544.0205688476562,0.9225941896438599,568.4884643554688,592.92822265625,0.4020419716835022
track_0,2500,0.7044532895088196,155.91485595703125,372.111328125,0.6430274248123169,240.29898071289062,343.79083251953125,0.9735550880432129,288.6451416015625,311.8270568847656,0.9205594658851624
track_1,2500,0.7414028644561768,641.0161743164062,648.0899047851562,0.48833733797073364,624.1006469726562,543.972900390625,0.9201200604438782,568.399169921875,592.800537109375,0.3914872407913208
track_0,2501,0.7028286457061768,153.11900329589844,368.37811279296875,0.6356523633003235,240.25808715820312,343.71978759765625,0.9657830595970154,288.695556640625,311.7070617675781,0.9104291200637817
track_1,2501,0.741174578666687,644.6304321289062,648.2760009765625,0.4883381426334381,624.1006469726562,543.9032592773438,0.917956531047821,568.3834228515625,592.7093505859375,0.3976202607154846
track_0,2502,0.700687825679779,156.0251007080078,368.033447265625,0.6647993922233582,240.24192810058594,343.67584228515625,0.9621378779411316,288.7584228515625,311.5977783203125,0.902960479259491
track_1,2502,0.7402258515357971,641.0086669921875,648.0338134765625,0.48412659764289856,624.0966796875,543.884521484375,0.9198118448257446,568.3779296875,592.703125,0.39443057775497437
track_0,2503,0.6975022554397583,156.07028198242188,364.4405517578125,0.622161328792572,240.22305297851562,343.6099548339844,0.9546612501144409,288.895263671875,311.55767822265625,0.8977518081665039
track_1,2503,0.7415690422058105,640.9886474609375,647.9873046875,0.485560804605484,624.0894775390625,543.8826904296875,0.9185594916343689,568.38134765625,592.684814453125,0.4012146294116974
track_0,2504,0.6927242875099182,156.95828247070312,363.991455078125,0.7391224503517151,240.21017456054688,343.54718017578125,0.9530631899833679,291.9914245605469,311.3738098144531,0.878648042678833
track_1,2504,0.7389019131660461,641.0018310546875,647.8998413085938,0.4848816990852356,624.0987548828125,543.8380126953125,0.9149175882339478,568.36083984375,592.5953369140625,0.4011785089969635
track_0,2505,0.6901947259902954,164.28395080566406,357.213134765625,0.8284646272659302,248.25555419921875,336.8249816894531,0.9878690838813782,292.8701477050781,309.4061584472656,0.8953904509544373
track_1,2505,0.7399182319641113,640.9607543945312,647.8494262695312,0.48516032099723816,624.05712890625,543.7821655273438,0.9136350154876709,568.298828125,592.6463623046875,0.38667723536491394
track_0,2506,0.6827917695045471,167.99331665039062,348.77313232421875,0.8726992607116699,248.33078002929688,336.5812072753906,0.9771527051925659,296.50347900390625,309.4371032714844,0.918267548084259
track_1,2506,0.7442899346351624,640.9390869140625,648.1502075195312,0.4689376950263977,624.0507202148438,543.8431396484375,0.9178722500801086,565.0101928710938,592.14794921875,0.40646693110466003
track_0,2507,0.6700501441955566,172.19921875,340.853515625,0.8706429600715637,248.27084350585938,336.29150390625,0.9772066473960876,300.0948486328125,312.0768737792969,0.8677942156791687
track_1,2507,0.7459406852722168,641.0732421875,648.446533203125,0.44460561871528625,624.158203125,543.9824829101562,0.9241828918457031,568.32373046875,592.81494140625,0.37033528089523315
track_0,2508,0.6505659818649292,176.27670288085938,335.6766662597656,0.8417971730232239,248.2783203125,335.86761474609375,0.9667789936065674,300.55230712890625,311.52313232421875,0.847392737865448
track_1,2508,0.7422366738319397,644.6699829101562,648.806884765625,0.47075799107551575,624.23095703125,544.1530151367188,0.9316721558570862,568.6275024414062,593.0945434570312,0.360107421875
track_0,2509,0.6455994248390198,180.53675842285156,324.9850158691406,0.814520537853241,256.0468444824219,328.75201416015625,0.9721982479095459,304.43231201171875,309.2550964355469,0.8120996952056885
track_1,2509,0.7482481002807617,644.6026000976562,648.7154541015625,0.4790534973144531,624.0892333984375,544.1567993164062,0.9291968941688538,572.1700439453125,596.7157592773438,0.3736378848552704
track_0,2510,0.6508719325065613,188.2298583984375,312.41937255859375,0.8196548223495483,256.17242431640625,327.99835205078125,0.9558138847351074,308.5677490234375,312.1337890625,0.7041090726852417
track_1,2510,0.7507613301277161,644.580810546875,648.5218505859375,0.48589661717414856,624.0313720703125,544.097412109375,0.9261706471443176,568.349853515625,593.0701904296875,0.381658673286438
track_0,2511,0.6751607060432434,196.26190185546875,301.14434814453125,0.7458118796348572,256.2276611328125,321.14208984375,0.9349363446235657,317.1606140136719,321.00164794921875,0.813707172870636
track_1,2511,0.7485682964324951,644.580078125,648.4554443359375,0.4848593473434448,624.05078125,544.012451171875,0.9241023063659668,568.3295288085938,592.8978881835938,0.3793742060661316
track_0,2512,0.7050748467445374,204.25843811035156,287.70330810546875,0.5906379818916321,256.264404296875,320.3472900390625,0.9459050893783569,320.67059326171875,320.8373718261719,0.8746066689491272
track_1,2512,0.743895947933197,641.0013427734375,648.0234985351562,0.4861828088760376,624.0667114257812,543.927001953125,0.9181542992591858,568.2857055664062,592.7193603515625,0.37995094060897827
track_0,2513,0.7252055406570435,,,0.0,256.224609375,313.1572265625,0.9352099895477295,324.7616882324219,324.87579345703125,0.8148787617683411
track_1,2513,0.7453485131263733,640.9953002929688,648.0087280273438,0.4876556694507599,624.0614013671875,543.9144287109375,0.9204466342926025,568.2850341796875,592.7232666015625,0.38347098231315613
track_0,2514,0.7584071755409241,231.71240234375,268.5425720214844,0.5178671479225159,260.8153076171875,312.4497985839844,0.9146852493286133,327.9385986328125,324.56243896484375,0.72994464635849
track_1,2514,0.7456948161125183,640.9931640625,648.0662231445312,0.48662713170051575,624.0724487304688,543.93896484375,0.9228418469429016,568.2904663085938,592.7579956054688,0.3824135661125183
track_0,2515,0.7831715941429138,,,0.0,260.9749450683594,305.306640625,0.9072818756103516,245.10125732421875,269.52496337890625,0.6440101861953735
track_1,2515,0.7468647360801697,640.9794921875,648.0618286132812,0.48678189516067505,624.0665893554688,543.9383544921875,0.922603964805603,568.3118896484375,592.781005859375,0.4036465883255005
track_0,2516,0.810326874256134,,,0.0,264.48748779296875,304.57183837890625,0.9215633869171143,257.5942687988281,264.3367614746094,0.6918359398841858
track_1,2516,0.7460553050041199,640.9783935546875,648.0371704101562,0.4877634644508362,624.0648193359375,543.925537109375,0.9229732155799866,568.297607421875,592.7425537109375,0.38486620783805847
track_0,2517,0.8424227833747864,,,0.0,271.8138732910156,296.8125,0.924235999584198,268.0732421875,253.50253295898438,0.7049425840377808
track_1,2517,0.7476018071174622,640.9287109375,648.0347290039062,0.4855707585811615,624.0294189453125,543.9000854492188,0.9223401546478271,568.4112548828125,592.9027709960938,0.38225436210632324
track_0,2518,0.8525592088699341,276.11651611328125,240.5055389404297,0.4372304081916809,272.45965576171875,296.3316650390625,0.9134078025817871,304.66851806640625,357.04925537109375,0.44581323862075806
track_1,2518,0.750861406326294,640.9368286132812,648.292724609375,0.45626360177993774,624.0214233398438,543.9259033203125,0.921754002571106,564.9761962890625,592.2667236328125,0.4023033678531647
track_0,2519,0.8469948768615723,284.92266845703125,233.6876983642578,0.30315130949020386,280.021728515625,288.889892578125,0.908922553062439,305.1761779785156,357.6715393066406,0.5934159755706787
track_1,2519,0.74769127368927,641.103759765625,648.4730224609375,0.4386366605758667,624.1329345703125,544.0258178710938,0.9266294240951538,568.39013671875,592.9163208007812,0.37639060616493225
track_0,2520,0.8299303650856018,297.0211181640625,232.7861328125,0.7679555416107178,280.9964599609375,288.74029541015625,0.8729969263076782,310.0360107421875,357.00152587890625,0.49622419476509094
track_1,2520,0.742461621761322,644.6868896484375,648.7470703125,0.4718308448791504,624.1965942382812,544.1221923828125,0.9310278296470642,568.6397094726562,593.126220703125,0.37463322281837463
track_0,2521,0.7969723343849182,304.43499755859375,228.41058349609375,0.8659695386886597,288.1942443847656,288.4182434082031,0.8692449331283569,316.71295166015625,352.3363037109375,0.6476215720176697
track_1,2521,0.7436086535453796,644.6275024414062,648.721435546875,0.4688166081905365,624.0814208984375,544.11962890625,0.9253531098365784,568.3867797851562,593.1184692382812,0.37970617413520813
track_0,2522,0.7508161664009094,313.0257568359375,224.37948608398438,0.5561322569847107,288.71502685546875,280.9765625,0.8540820479393005,313.23748779296875,349.4686279296875,0.8391945362091064
track_1,2522,0.7443013191223145,644.5606079101562,648.5006713867188,0.47136273980140686,624.0105590820312,543.9857177734375,0.9214013814926147,568.1928100585938,592.8966674804688,0.38593000173568726
track_0,2523,0.7104846239089966,313.5107116699219,221.06329345703125,0.2558528482913971,288.8797302246094,280.602294921875,0.8617631196975708,308.5238037109375,351.97515869140625,0.6150057911872864
track_1,2523,0.7431349158287048,644.5518188476562,648.3743286132812,0.47313177585601807,624.032470703125,543.8887329101562,0.9155521392822266,568.1896362304688,592.68798828125,0.38676705956459045
track_0,2524,0.6865956783294678,,,0.0,289.0373840332031,280.4698486328125,0.8482697010040283,297.4367980957031,349.5877380371094,0.2970055937767029
track_1,2524,0.7393348217010498,644.6007690429688,648.2339477539062,0.48025667667388916,624.0470581054688,543.8195190429688,0.913664698600769,568.1851196289062,592.5477294921875,0.3896637558937073
track_0,2525,0.6658393740653992,,,0.0,289.31689453125,280.5924377441406,0.8245058655738831,284.866943359375,348.39874267578125,0.29310697317123413
track_1,2525,0.7402651906013489,644.5668334960938,648.2623291015625,0.4774492383003235,624.0433349609375,543.810546875,0.9137740731239319,568.1732788085938,592.5294799804688,0.3888739347457886
track_0,2526,0.6706762313842773,,,0.0,296.54974365234375,280.7708740234375,0.8425736427307129,264.56756591796875,341.07110595703125,0.45208701491355896
track_1,2526,0.7401120662689209,640.9930419921875,648.00146484375,0.4735337793827057,624.0416870117188,543.8203125,0.9141685962677002,568.16650390625,592.5335083007812,0.3854067623615265
track_0,2527,0.6806629300117493,,,0.0,296.45672607421875,288.1382751464844,0.8706867098808289,276.25079345703125,352.3057556152344,0.5837681889533997
track_1,2527,0.7391282916069031,644.5601806640625,648.229248046875,0.4787174165248871,624.0514526367188,543.7765502929688,0.9150289297103882,568.1683349609375,592.49169921875,0.38619861006736755
track_0,2528,0.7041875123977661,,,0.0,296.897705078125,288.7453308105469,0.8744078874588013,273.01708984375,353.00335693359375,0.7280877828598022
track_1,2528,0.7373499870300293,640.9877319335938,647.86181640625,0.4798430800437927,624.0473022460938,543.7503051757812,0.9119338393211365,568.1693725585938,592.462158203125,0.38508549332618713
track_0,2529,0.707580029964447,,,0.0,304.5289611816406,288.84295654296875,0.873436450958252,269.1749572753906,353.07794189453125,0.6689499616622925
track_1,2529,0.7410609126091003,640.9013061523438,647.97998046875,0.47149261832237244,623.9973754882812,543.7440795898438,0.91485595703125,564.8502807617188,591.9630126953125,0.3995620608329773
track_0,2530,0.714760422706604,,,0.0,312.53875732421875,288.8352966308594,0.9001649618148804,268.64471435546875,352.9061279296875,0.6872158646583557
track_1,2530,0.7438292503356934,640.989501953125,648.1934204101562,0.4499971568584442,624.0961303710938,543.8023071289062,0.9143490195274353,565.03955078125,592.121826171875,0.39896708726882935
track_0,2531,0.71354740858078,,,0.0,312.35150146484375,295.8014221191406,0.9049110412597656,268.5787658691406,352.10791015625,0.6285545825958252
track_1,2531,0.7378171682357788,641.0975341796875,648.240478515625,0.46225377917289734,624.1633911132812,543.8819580078125,0.9209465384483337,568.9266357421875,596.014892578125,0.3748154640197754
track_0,2532,0.7200399041175842,384.78350830078125,316.809326171875,0.5793463587760925,312.6305236816406,296.18353271484375,0.8907137513160706,268.8367614746094,352.302734375,0.6483859419822693
track_1,2532,0.7356892824172974,641.0598754882812,648.15966796875,0.4785887598991394,624.111083984375,543.93017578125,0.9203930497169495,568.3478393554688,592.7299194335938,0.37410250306129456
track_0,2533,0.7349995374679565,385.0588073730469,324.1348876953125,0.8798208832740784,320.36053466796875,296.0321044921875,0.9143045544624329,268.2663879394531,348.65338134765625,0.5877878665924072
track_1,2533,0.7419674396514893,640.9625854492188,648.0302734375,0.47777119278907776,624.0280151367188,543.859375,0.9210661053657532,565.0242919921875,592.2445678710938,0.3936649560928345
track_0,2534,0.7491288781166077,388.4036865234375,332.3359680175781,0.9419727921485901,320.45428466796875,296.5157165527344,0.9229868650436401,268.2818603515625,345.22393798828125,0.6183780431747437
track_1,2534,0.73957359790802,640.9239501953125,647.8162841796875,0.47924742102622986,624.0057373046875,543.7354125976562,0.9118674993515015,568.163818359375,592.499267578125,0.3908126950263977
track_0,2535,0.7622396349906921,385.26910400390625,340.67950439453125,0.9136344194412231,320.3743591308594,296.8096008300781,0.9362223744392395,267.9312744140625,341.1552734375,0.6403588652610779
track_1,2535,0.7354336977005005,640.9459228515625,647.6812133789062,0.4832902252674103,624.0123901367188,543.63525390625,0.9035863280296326,568.2008056640625,592.4071044921875,0.3867274522781372
track_0,2536,0.780958890914917,384.8605041503906,349.62420654296875,0.7061419486999512,320.3939208984375,296.8695983886719,0.9573644399642944,260.8294677734375,332.934814453125,0.6353522539138794
track_1,2536,0.7319427132606506,640.964599609375,647.6592407226562,0.4837629199028015,624.039306640625,543.6126098632812,0.9060474038124084,568.2774658203125,592.4189453125,0.3857712745666504
track_0,2537,0.8047914505004883,380.87957763671875,360.7337951660156,0.5724015831947327,320.33367919921875,296.73431396484375,0.9847791790962219,257.19586181640625,321.21044921875,0.6457003951072693
track_1,2537,0.735429048538208,640.9505004882812,647.766357421875,0.4784964323043823,624.033447265625,543.6553344726562,0.9118223786354065,568.23193359375,592.4611206054688,0.38121187686920166
track_0,2538,0.8260628581047058,376.99822998046875,365.65386962890625,0.6044474244117737,320.20672607421875,296.5596923828125,1.012136459350586,256.56475830078125,312.3372802734375,0.6771067976951599
track_1,2538,0.736311137676239,640.9364624023438,647.762939453125,0.4810425639152527,624.0182495117188,543.6639404296875,0.9138618111610413,568.1871337890625,592.4329833984375,0.38775908946990967
track_0,2539,0.8438547253608704,372.1947021484375,372.9644470214844,0.8055877089500427,320.10894775390625,296.4478759765625,1.0135313272476196,260.12567138671875,300.8326416015625,0.8192562460899353
track_1,2539,0.7352735996246338,640.9310302734375,647.7078857421875,0.4846745431423187,624.0232543945312,543.6416015625,0.9115695953369141,568.1867065429688,592.415283203125,0.38892701268196106
track_0,2540,0.8577771782875061,365.02593994140625,377.41326904296875,0.9472578763961792,320.2395935058594,296.4713134765625,1.0223875045776367,260.9549255371094,296.3772277832031,0.9091471433639526
track_1,2540,0.7369318604469299,640.9141845703125,647.8828125,0.4744240939617157,624.0142211914062,543.6964111328125,0.9141234755516052,564.9916381835938,592.0093383789062,0.40049979090690613
track_0,2541,0.8516976237297058,361.3287353515625,384.6495361328125,0.9268953800201416,320.5804138183594,296.7012634277344,1.0200258493423462,264.801025390625,292.6379089355469,0.8999887108802795
track_1,2541,0.7443625330924988,640.9486083984375,648.1748046875,0.44841325283050537,624.06982421875,543.7575073242188,0.9190942049026489,565.0112915039062,592.0463256835938,0.3786196708679199
track_0,2542,0.8575044274330139,364.07281494140625,388.769775390625,0.9348714351654053,328.3411865234375,304.0155029296875,0.9939796924591064,267.9548034667969,288.63616943359375,0.9342533946037292
track_1,2542,0.739301860332489,641.0559692382812,648.2430419921875,0.4574531316757202,624.14599609375,543.8465576171875,0.9232535362243652,568.4328002929688,592.6785888671875,0.3958110511302948
track_0,2543,0.8516296148300171,360.71826171875,393.25775146484375,0.8841981291770935,328.44989013671875,304.5374450683594,0.9963657855987549,269.15570068359375,288.3294677734375,0.8818261623382568
track_1,2543,0.7453885674476624,640.9520263671875,648.1552124023438,0.47435078024864197,624.0147094726562,543.8906860351562,0.9235522150993347,568.3448486328125,592.7684936523438,0.3672274947166443
track_0,2544,0.8421206474304199,357.1822204589844,397.30029296875,0.7866615653038025,328.4330749511719,304.9182434082031,0.9926958084106445,273.02001953125,285.2048645019531,0.917487621307373
track_1,2544,0.7497974634170532,640.8755493164062,647.9990844726562,0.47888851165771484,623.9483642578125,543.8674926757812,0.9237676858901978,568.0977172851562,592.6531982421875,0.3985970616340637
track_0,2545,0.837576687335968,356.93658447265625,401.1332702636719,0.818091094493866,328.7179870605469,312.1522216796875,0.9481288194656372,276.7012939453125,284.5641784667969,0.9233452677726746
track_1,2545,0.7498568892478943,641.051513671875,648.1715087890625,0.4590778052806854,616.3402709960938,543.956298828125,0.9290266633033752,564.9364013671875,592.5263671875,0.3436765968799591
track_0,2546,0.8278239965438843,356.124267578125,408.572265625,0.9491788148880005,335.8723449707031,320.0056457519531,0.9421015381813049,276.41717529296875,287.9082946777344,0.9032926559448242
track_1,2546,0.7459424734115601,640.87548828125,647.7625732421875,0.47830674052238464,623.95703125,543.6997680664062,0.9127345681190491,568.2047729492188,592.4784545898438,0.3672187328338623
track_0,2547,0.8289198279380798,353.435546875,412.88104248046875,0.8272159099578857,328.7003479003906,320.23907470703125,0.9333745241165161,280.4092102050781,288.2994689941406,0.8809198141098022
track_1,2547,0.7456257939338684,641.0499267578125,648.07080078125,0.46290865540504456,616.3626708984375,543.877685546875,0.9199388027191162,564.9060668945312,592.389404296875,0.341148316860199
track_0,2548,0.8220609426498413,353.16766357421875,420.07867431640625,0.8081164956092834,328.70672607421875,327.70745849609375,0.9134683012962341,277.2434997558594,288.4483642578125,0.8493035435676575
track_1,2548,0.746849536895752,640.8740234375,647.8594360351562,0.4760033190250397,623.9556884765625,543.7490844726562,0.9176217913627625,568.1207275390625,592.4520874023438,0.38794320821762085
track_0,2549,0.8215184807777405,356.209716796875,424.9989013671875,0.6044497489929199,328.17718505859375,328.5159606933594,0.9351634979248047,279.8539123535156,293.10003662109375,0.8603066205978394
track_1,2549,0.7485787868499756,640.877197265625,647.949462890625,0.47279050946235657,623.95751953125,543.79296875,0.9185771942138672,568.1160888671875,592.5003662109375,0.3836376965045929
track_0,2550,0.8390296697616577,356.46673583984375,432.833984375,0.7662116885185242,328.2325439453125,344.0644226074219,0.9329113960266113,279.95947265625,296.7876892089844,0.8328565955162048
track_1,2550,0.7484028339385986,640.885009765625,647.9378051757812,0.47627657651901245,623.9644775390625,543.8106079101562,0.920559823513031,568.1246948242188,592.5308837890625,0.38206449151039124
track_0,2551,0.8419576287269592,352.8393859863281,437.2508239746094,0.7015572786331177,320.6635437011719,344.7552185058594,0.9546343684196472,284.6551513671875,300.9837341308594,0.5954813957214355
track_1,2551,0.7493299841880798,640.8800048828125,647.9852905273438,0.4734441637992859,623.9690551757812,543.837158203125,0.9207121729850769,568.1300659179688,592.5626220703125,0.38152796030044556
track_0,2552,0.8340252041816711,340.5499267578125,444.43902587890625,0.8410999774932861,320.425048828125,352.4297790527344,0.9453907608985901,292.2782897949219,300.8790588378906,0.4182793200016022
track_1,2552,0.7487244606018066,640.8809814453125,647.9920654296875,0.47442826628685,623.9630737304688,543.8489379882812,0.9218341708183289,568.12646484375,592.5892944335938,0.3798527717590332
track_0,2553,0.7975780367851257,325.23638916015625,448.68548583984375,0.9405109286308289,320.6469421386719,360.204345703125,0.9333758354187012,293.5771179199219,304.1026306152344,0.3985510766506195
track_1,2553,0.7491676807403564,640.8642578125,647.9149169921875,0.47889599204063416,623.956787109375,543.8056640625,0.9229991436004639,568.26025390625,592.6630859375,0.3662562966346741
track_0,2554,0.7483832240104675,313.55218505859375,455.71044921875,0.8482404351234436,320.96026611328125,368.001220703125,0.9059528112411499,304.95526123046875,304.82147216796875,0.5594719052314758
track_1,2554,0.747773289680481,640.8641967773438,647.9435424804688,0.47528108954429626,623.956298828125,543.8067016601562,0.9214605093002319,568.188232421875,592.6104125976562,0.39746180176734924
track_0,2555,0.7114092707633972,305.4742431640625,457.02508544921875,0.7875375747680664,321.0800476074219,368.51837158203125,0.8829697966575623,313.7489318847656,312.50543212890625,0.7636660933494568
track_1,2555,0.7460101246833801,640.871826171875,647.9201049804688,0.4745137691497803,623.9603881835938,543.7667846679688,0.9190372228622437,568.199462890625,592.529052734375,0.38480082154273987
track_0,2556,0.6734329462051392,292.77581787109375,460.1551818847656,0.5884807109832764,320.587158203125,376.45745849609375,0.8721270561218262,321.19171142578125,316.5953674316406,0.8556310534477234
track_1,2556,0.7418369650840759,640.8863525390625,647.8018188476562,0.4796474277973175,623.9749755859375,543.7049560546875,0.9178279042243958,568.223876953125,592.4283447265625,0.3794669806957245
track_0,2557,0.6524757146835327,272.44451904296875,457.1982421875,0.8012893795967102,320.0089416503906,376.81805419921875,0.880702793598175,328.26116943359375,321.07342529296875,0.9141524434089661
track_1,2557,0.7423111200332642,641.0132446289062,648.0736694335938,0.4609901010990143,616.3231201171875,543.8316650390625,0.9229042530059814,564.8985595703125,592.3245239257812,0.3537711203098297
track_0,2558,0.6574093699455261,260.05413818359375,456.11785888671875,0.635764479637146,312.2198181152344,384.5618896484375,0.906402051448822,328.9185791015625,324.810546875,0.9311525821685791
track_1,2558,0.7466784715652466,640.9793701171875,648.18359375,0.4183441400527954,616.2823486328125,543.76953125,0.9254594445228577,564.8436279296875,592.2965698242188,0.36878830194473267
track_0,2559,0.6691375374794006,240.36680603027344,444.7347717285156,0.6527458429336548,304.2579650878906,392.2363586425781,0.9419421553611755,328.62994384765625,332.0990295410156,0.989443302154541
track_1,2559,0.7448238134384155,640.9427490234375,648.1643676757812,0.4358454942703247,624.0381469726562,543.729736328125,0.9192720055580139,572.0765380859375,596.0972900390625,0.3811917304992676
track_0,2560,0.6756629347801208,227.33106994628906,432.48583984375,0.8394623398780823,303.8722229003906,392.3385009765625,0.9422164559364319,327.740478515625,336.7356872558594,1.0129939317703247
track_1,2560,0.743514895439148,640.9698486328125,648.0803833007812,0.4697658121585846,624.0347290039062,543.8296508789062,0.9199830889701843,568.5377197265625,592.8606567382812,0.39398494362831116
track_0,2561,0.6861235499382019,219.53631591796875,416.3296813964844,0.976565420627594,303.7994384765625,392.33526611328125,0.9491251707077026,324.14117431640625,344.1732482910156,1.0180219411849976
track_1,2561,0.7511052489280701,640.868408203125,648.073486328125,0.4688601493835449,623.9166259765625,543.8775634765625,0.9234324097633362,568.0646362304688,592.5365600585938,0.39249253273010254
track_0,2562,0.6970669627189636,216.72348022460938,412.8094482421875,0.930025577545166,296.3559875488281,400.0054626464844,0.9718902707099915,324.5482482910156,348.4754638671875,1.0450595617294312
track_1,2562,0.7519391179084778,641.0281982421875,648.15283203125,0.4485689401626587,616.2976684570312,543.9296264648438,0.9314101338386536,565.0209350585938,592.593505859375,0.3846163749694824
track_0,2563,0.7048931121826172,220.38665771484375,416.19677734375,0.9182114005088806,296.4798278808594,400.25506591796875,0.9699552059173584,328.1884765625,352.7041931152344,1.0186179876327515
track_1,2563,0.7483251690864563,641.0062255859375,648.0471801757812,0.4542030990123749,616.3177490234375,543.8362426757812,0.9283518195152283,564.9651489257812,592.4137573242188,0.3816826343536377
track_0,2564,0.7074586749076843,221.0601806640625,416.28363037109375,0.9366083741188049,296.7212829589844,400.487060546875,0.9737135767936707,329.11865234375,356.7182922363281,1.000440001487732
track_1,2564,0.7466508150100708,641.0131225585938,648.0108642578125,0.45640063285827637,616.3421630859375,543.8165283203125,0.9295933842658997,564.9677124023438,592.314208984375,0.3813624680042267
track_0,2565,0.713196873664856,220.9649200439453,412.97784423828125,0.9740716814994812,304.194091796875,400.1175537109375,0.9812995791435242,332.8277893066406,359.9329833984375,0.9587832093238831
track_1,2565,0.7465544939041138,641.0021362304688,647.9833984375,0.4592228829860687,616.3273315429688,543.797607421875,0.9266912937164307,564.9703979492188,592.2992553710938,0.38529324531555176
track_0,2566,0.7182945609092712,224.1682586669922,413.1474609375,0.9685966372489929,304.40826416015625,400.377685546875,0.9894860982894897,336.7142333984375,360.61407470703125,0.9765282869338989
track_1,2566,0.745517909526825,641.0126342773438,648.0222778320312,0.45776763558387756,616.3372192382812,543.8228149414062,0.9282384514808655,564.9757080078125,592.3031005859375,0.388186514377594
track_0,2567,0.7223208546638489,221.13510131835938,413.2745361328125,0.9672055840492249,304.3868103027344,400.5131530761719,0.9871160387992859,336.84222412109375,361.1064453125,0.9401447176933289
track_1,2567,0.7492285370826721,641.0239868164062,648.1251220703125,0.44745028018951416,616.3018798828125,543.875732421875,0.9340501427650452,564.9724731445312,592.380859375,0.3826245367527008
track_0,2568,0.7225761413574219,221.08734130859375,413.4104309082031,0.9485596418380737,304.447021484375,400.5957336425781,0.9840273261070251,337.2337341308594,361.4029541015625,0.9181975722312927
track_1,2568,0.7483841776847839,640.9690551757812,648.0118408203125,0.4623071849346161,616.298095703125,543.8302001953125,0.9295752048492432,564.9559936523438,592.3432006835938,0.3850342631340027
track_0,2569,0.7308530807495117,220.96591186523438,416.45068359375,0.922335147857666,304.44219970703125,400.7530822753906,0.9788074493408203,337.10675048828125,364.57183837890625,0.919411301612854
track_1,2569,0.7463546395301819,640.9754638671875,647.9857177734375,0.46092498302459717,616.2999877929688,543.803466796875,0.9297677278518677,564.9232177734375,592.30908203125,0.37923935055732727
track_0,2570,0.7427865862846375,220.35064697265625,376.9344482421875,0.8369644284248352,304.30859375,400.9053649902344,0.979530930519104,336.5259094238281,365.25128173828125,0.8328802585601807
track_1,2570,0.7485504746437073,640.967041015625,648.0936279296875,0.4432917535305023,616.2704467773438,543.801513671875,0.9317726492881775,564.858642578125,592.3250122070312,0.41452595591545105
track_0,2571,0.7553629279136658,220.7586212158203,372.2060852050781,0.7654795050621033,296.3963623046875,408.08905029296875,0.9751825332641602,332.88995361328125,371.99627685546875,0.7767335772514343
track_1,2571,0.7527239322662354,640.942626953125,648.1885986328125,0.4004223942756653,616.3113403320312,543.8381958007812,0.9366051554679871,564.9337768554688,592.3798828125,0.4216039478778839
track_0,2572,0.7714457511901855,232.56442260742188,417.0386657714844,0.731820285320282,296.1241455078125,408.15960693359375,0.9740387201309204,336.2109375,376.37445068359375,0.5413222312927246
track_1,2572,0.7438035011291504,640.9091186523438,647.9917602539062,0.45959150791168213,624.0177612304688,543.74267578125,0.9176138639450073,572.1321411132812,596.1372680664062,0.43481215834617615
track_0,2573,0.7752702236175537,213.0376434326172,375.72235107421875,0.6610798835754395,288.5597229003906,408.2580871582031,0.98909991979599,325.38031005859375,376.37176513671875,0.45600607991218567
track_1,2573,0.7418907284736633,640.8800048828125,647.8961181640625,0.47154971957206726,623.9550170898438,543.7390747070312,0.917640209197998,572.0894775390625,596.1522216796875,0.4133478105068207
track_0,2574,0.7599177956581116,212.0706329345703,373.3560485839844,0.6971165537834167,288.3463134765625,401.0838317871094,1.0050530433654785,344.9121398925781,397.2813720703125,0.2839074432849884
track_1,2574,0.7453468441963196,641.007080078125,648.1209106445312,0.44826772809028625,616.274169921875,543.8843994140625,0.9301593899726868,564.945068359375,592.503173828125,0.402678519487381
track_0,2575,0.7312336564064026,209.21795654296875,368.01348876953125,0.5799638628959656,280.76788330078125,400.26995849609375,0.9519760012626648,344.1595764160156,399.97283935546875,0.5073490142822266
track_1,2575,0.7463352680206299,640.963134765625,647.9728393554688,0.4587803781032562,616.2684936523438,543.807373046875,0.9288612604141235,564.8764038085938,592.3687744140625,0.40291038155555725
track_0,2576,0.7166966795921326,232.27403259277344,320.7059020996094,0.44697362184524536,280.22705078125,384.83575439453125,0.9323937296867371,344.1891174316406,396.58184814453125,0.42207443714141846
track_1,2576,0.7424283623695374,640.9927978515625,647.9471435546875,0.45724251866340637,616.3131103515625,543.762451171875,0.9287258386611938,564.9224853515625,592.3137817382812,0.40985602140426636
track_0,2577,0.7866842746734619,249.20919799804688,304.31787109375,0.3777180314064026,264.32958984375,368.11383056640625,0.8931158781051636,341.365966796875,396.32012939453125,0.5383270978927612
track_1,2577,0.7405538558959961,640.9854736328125,647.89111328125,0.4610097408294678,616.312744140625,543.7445678710938,0.9256138801574707,564.9180908203125,592.2848510742188,0.41434723138809204
track_0,2578,0.8368228673934937,256.5837707519531,295.49737548828125,0.48299357295036316,264.20477294921875,360.30145263671875,0.9380684494972229,340.4845886230469,396.07781982421875,0.4772127568721771
track_1,2578,0.7421332001686096,640.9903564453125,647.9553833007812,0.45636096596717834,616.311767578125,543.7698974609375,0.9299127459526062,564.9134521484375,592.3017578125,0.4113900363445282
track_0,2579,0.8454391956329346,264.0810241699219,288.10040283203125,0.7165849208831787,263.97296142578125,352.904052734375,1.0099738836288452,336.6868591308594,397.5289306640625,0.569328784942627
track_1,2579,0.7450821399688721,640.9996337890625,648.045654296875,0.45026177167892456,616.3054809570312,543.8152465820312,0.9304692149162292,564.9111328125,592.3518676757812,0.40773794054985046
track_0,2580,0.8330161571502686,264.7120666503906,276.68560791015625,0.7654132843017578,264.1437683105469,352.2957763671875,1.0148346424102783,331.9454650878906,404.6851501464844,0.5706606507301331
track_1,2580,0.7430123090744019,640.990234375,648.0011596679688,0.4571719169616699,616.309326171875,543.8062133789062,0.9294237494468689,564.9454956054688,592.39697265625,0.40938815474510193
track_0,2581,0.8148427605628967,264.89599609375,269.3365173339844,0.8250640630722046,263.8099060058594,344.8575744628906,1.0000944137573242,323.80499267578125,409.2074890136719,0.468637615442276
track_1,2581,0.7430970072746277,641.0028686523438,648.0576171875,0.45028284192085266,616.3187255859375,543.8388061523438,0.927108883857727,564.9713745117188,592.4412231445312,0.40395528078079224
track_0,2582,0.7901425957679749,265.65185546875,268.2330017089844,0.9959861040115356,256.9918212890625,344.38836669921875,0.9562914371490479,320.9488525390625,409.1043701171875,0.6069326400756836
track_1,2582,0.7426301836967468,641.005615234375,648.0643310546875,0.4492522180080414,616.3138427734375,543.8434448242188,0.9270398020744324,564.99755859375,592.4839477539062,0.4089736342430115
track_0,2583,0.7651693820953369,269.556884765625,265.1164855957031,1.0097612142562866,257.0841064453125,336.9766845703125,0.9075185656547546,,,0.0
track_1,2583,0.742118239402771,640.98681640625,647.9832153320312,0.4588198661804199,616.3155517578125,543.8056640625,0.9294325113296509,564.9879150390625,592.4466552734375,0.4134152829647064
track_0,2584,0.749104917049408,276.54888916015625,265.0782470703125,0.9833085536956787,263.94073486328125,336.9212646484375,0.9209232926368713,,,0.0
track_1,2584,0.7391042709350586,640.9998779296875,648.0216064453125,0.4511027932167053,616.3273315429688,543.7910766601562,0.9258925914764404,564.994140625,592.446533203125,0.41213205456733704
track_0,2585,0.7592349648475647,284.9251708984375,268.1521911621094,0.9643169045448303,264.7292785644531,344.36834716796875,0.9527149796485901,309.62469482421875,412.83599853515625,0.21276770532131195
track_1,2585,0.7415303587913513,640.947509765625,648.21484375,0.3723512291908264,616.3040161132812,543.7857666015625,0.9252245426177979,564.80712890625,592.2904052734375,0.38936448097229004
track_0,2586,0.779136598110199,293.0879211425781,272.1581115722656,0.8530787825584412,265.536376953125,344.8858947753906,0.9585219621658325,,,0.0
track_1,2586,0.7390158772468567,640.935302734375,648.0593872070312,0.4385845959186554,624.053955078125,543.69921875,0.9157557487487793,568.3203125,592.3743896484375,0.417158305644989
track_0,2587,0.79121994972229,301.08978271484375,421.0406494140625,0.8554574251174927,272.94525146484375,344.99664306640625,0.9625044465065002,313.2406005859375,261.2477111816406,0.20663012564182281
track_1,2587,0.73744136095047,640.9224853515625,647.9005737304688,0.46321189403533936,624.042236328125,543.7061767578125,0.9156573414802551,568.4542236328125,592.52978515625,0.4239521920681
track_0,2588,0.7754547595977783,300.64105224609375,417.64031982421875,0.7473747730255127,280.312255859375,344.7155456542969,0.9585750102996826,323.96282958984375,263.8028869628906,0.33994466066360474
track_1,2588,0.752281129360199,641.01513671875,648.1710815429688,0.4317798316478729,616.2623901367188,543.8861083984375,0.935442328453064,564.9271240234375,592.3845825195312,0.4176338016986847
track_0,2589,0.7355336546897888,297.48895263671875,413.3388671875,0.5625190734863281,281.0885925292969,344.5543518066406,0.9408857226371765,328.8462829589844,265.4078369140625,0.45906588435173035
track_1,2589,0.7501856684684753,640.9435424804688,647.980224609375,0.44907984137535095,616.2457885742188,543.8024291992188,0.9335805773735046,564.9379272460938,592.4327392578125,0.4024781286716461
track_0,2590,0.6882422566413879,296.42767333984375,409.2842102050781,0.45656469464302063,288.6259765625,336.70941162109375,0.8989370465278625,328.70880126953125,265.70172119140625,0.4239808917045593
track_1,2590,0.7440826296806335,640.9498901367188,647.8988647460938,0.4516834616661072,616.284423828125,543.7261962890625,0.9288845062255859,564.9212646484375,592.2362670898438,0.4175056219100952
track_0,2591,0.6356128454208374,,,0.0,296.43695068359375,328.5617980957031,0.8852742910385132,333.0164794921875,268.8136291503906,0.4152415096759796
track_1,2591,0.7469338774681091,640.9617309570312,647.9573974609375,0.4515248239040375,616.2882080078125,543.7596435546875,0.930314838886261,564.9248046875,592.283935546875,0.41063499450683594
track_0,2592,0.6241101026535034,,,0.0,296.9994812011719,328.4283447265625,0.8753546476364136,264.863525390625,380.2960205078125,0.48383694887161255
track_1,2592,0.747244656085968,640.9512939453125,647.9403076171875,0.45622584223747253,616.2831420898438,543.7821044921875,0.929775059223175,564.9488525390625,592.338623046875,0.40926051139831543
track_0,2593,0.6168941259384155,,,0.0,304.79931640625,320.58392333984375,0.8862619400024414,268.93994140625,377.7094421386719,0.6877626776695251
track_1,2593,0.7491388320922852,640.9490356445312,648.0255126953125,0.4492882788181305,616.2669677734375,543.8255615234375,0.9325330257415771,564.859619140625,592.3523559570312,0.39399173855781555
track_0,2594,0.6159303188323975,,,0.0,312.06683349609375,319.78826904296875,0.8792527914047241,275.8727722167969,379.8217468261719,0.8188419938087463
track_1,2594,0.7531735897064209,640.9178466796875,648.20703125,0.4052032232284546,616.2557373046875,543.8973999023438,0.9367263913154602,564.7937622070312,592.3687744140625,0.3863579332828522
track_0,2595,0.6281406283378601,396.737548828125,332.6321105957031,0.2772257328033447,312.2705383300781,319.97967529296875,0.9007524251937866,272.4969482421875,375.7606201171875,0.729209303855896
track_1,2595,0.7557327747344971,640.8949584960938,648.3340454101562,0.36823371052742004,616.3212280273438,543.9957885742188,0.9397252798080444,564.8843383789062,592.4945678710938,0.3665681779384613
track_0,2596,0.6371214985847473,396.5318908691406,337.1392822265625,0.5265235304832458,320.3694152832031,312.866455078125,0.8975681066513062,272.0309143066406,372.6043701171875,0.846677303314209
track_1,2596,0.7511000633239746,640.9151611328125,648.102294921875,0.4533092677593231,624.0106201171875,543.8888549804688,0.9222688674926758,568.4603271484375,592.7900390625,0.4084084928035736
track_0,2597,0.6404932141304016,397.1585693359375,340.49322509765625,0.654747486114502,312.48211669921875,320.08074951171875,0.9083988666534424,272.4730529785156,368.7840576171875,0.791397750377655
track_1,2597,0.749421238899231,640.8634643554688,648.0499267578125,0.4629403054714203,623.9215087890625,543.8711547851562,0.9233806729316711,568.2778930664062,592.7655029296875,0.4051067531108856
track_0,2598,0.6445819735527039,397.21832275390625,347.6996765136719,0.6653974652290344,320.1309509277344,319.5682678222656,0.8820945024490356,271.820068359375,368.108642578125,0.7645483613014221
track_1,2598,0.7516946196556091,640.991455078125,648.1629638671875,0.44594553112983704,616.2503051757812,543.9299926757812,0.9342543482780457,564.9484252929688,592.607421875,0.3954682946205139
track_0,2599,0.6606445908546448,400.7930603027344,352.8543701171875,0.589726984500885,320.2764892578125,319.75274658203125,0.8880316615104675,268.7098388671875,367.6356201171875,0.7487199306488037
track_1,2599,0.7496811747550964,640.951416015625,647.9690551757812,0.4615652561187744,616.2658081054688,543.8222045898438,0.9292759299278259,564.89013671875,592.4371337890625,0.4012398421764374
track_0,2600,0.668816864490509,404.8447265625,360.25006103515625,0.6742329001426697,328.1239013671875,319.58465576171875,0.882190465927124,267.88629150390625,360.573974609375,0.6870050430297852
track_1,2600,0.7451735734939575,640.9635009765625,647.8966064453125,0.462861031293869,616.3040161132812,543.7527465820312,0.9259034991264343,564.9338989257812,592.3464965820312,0.41234517097473145
track_0,2601,0.6929806470870972,412.032470703125,364.9051513671875,0.7583470344543457,336.13299560546875,319.84857177734375,0.9255779385566711,264.31976318359375,352.13983154296875,0.7349483370780945
track_1,2601,0.7433170676231384,640.9689331054688,647.8861694335938,0.4634453058242798,616.3084716796875,543.736083984375,0.9247909784317017,564.9482421875,592.3466796875,0.41274765133857727
track_0,2602,0.7102206349372864,416.2301940917969,373.0080261230469,0.7730449438095093,344.03802490234375,320.5205993652344,0.934650719165802,264.8936462402344,344.596923828125,0.7190895080566406
track_1,2602,0.7423466444015503,640.97705078125,647.9317626953125,0.46121540665626526,616.321044921875,543.751220703125,0.9292767643928528,564.971923828125,592.3848876953125,0.4106718897819519
track_0,2603,0.7188354134559631,417.2099609375,377.4119873046875,0.7110748291015625,344.290771484375,320.96343994140625,0.9424228668212891,268.3819580078125,341.33056640625,0.7084879279136658
track_1,2603,0.7446838617324829,640.9866943359375,647.9789428710938,0.45768091082572937,616.313720703125,543.7644653320312,0.9275404214859009,564.8910522460938,592.3297729492188,0.39370641112327576
track_0,2604,0.7320490479469299,420.7243347167969,381.0126037597656,0.7695479393005371,352.05609130859375,327.81353759765625,0.9275398850440979,268.64227294921875,332.5292663574219,0.706881046295166
track_1,2604,0.7421951293945312,640.9796142578125,647.9241943359375,0.4624168574810028,616.3153686523438,543.7381591796875,0.9243385195732117,564.82177734375,592.2462158203125,0.3857353925704956
track_0,2605,0.7429946064949036,424.20269775390625,385.46197509765625,0.7653534412384033,352.12408447265625,328.3961486816406,0.9326582551002502,271.8511047363281,336.5921630859375,0.6881764531135559
track_1,2605,0.7425761818885803,640.9649047851562,647.9561767578125,0.459409236907959,616.28759765625,543.74169921875,0.9238376617431641,564.84814453125,592.3170776367188,0.3974260687828064
track_0,2606,0.7688420414924622,424.80169677734375,396.4912109375,0.7395809888839722,360.10546875,335.8116760253906,0.9292839765548706,276.5791015625,328.6099548339844,0.7760459780693054
track_1,2606,0.7455177903175354,640.9539794921875,648.091552734375,0.43014204502105713,616.2914428710938,543.7305908203125,0.9219886660575867,564.8348999023438,592.3712158203125,0.40643414855003357
track_0,2607,0.8196531534194946,424.13458251953125,405.1591491699219,0.6946661472320557,352.1212158203125,336.28857421875,0.9427628517150879,280.2460021972656,341.21588134765625,0.6280851364135742
track_1,2607,0.7484355568885803,640.9176025390625,648.0125122070312,0.4415278136730194,616.3448486328125,543.8070068359375,0.9324181079864502,568.7008666992188,595.990478515625,0.3658181428909302
track_0,2608,0.8657872676849365,424.7233581542969,415.52783203125,0.4092910587787628,352.33770751953125,343.7713317871094,0.9243597984313965,284.67962646484375,340.7507019042969,0.7390055060386658
track_1,2608,0.7438197135925293,640.9833374023438,648.0867309570312,0.45813441276550293,624.076904296875,543.7952880859375,0.92071932554245,572.1028442382812,596.198486328125,0.4211752116680145
track_0,2609,0.8825887441635132,412.33648681640625,436.216796875,0.571575939655304,360.3938903808594,352.24169921875,0.955452561378479,288.5863037109375,340.1973876953125,0.8311942219734192
track_1,2609,0.7428009510040283,640.9010009765625,647.865234375,0.4734898805618286,623.96533203125,543.7501220703125,0.919680118560791,568.6678466796875,595.7677001953125,0.4205942153930664
track_0,2610,0.8687613010406494,407.9296875,444.749755859375,0.8334556818008423,368.17950439453125,360.41021728515625,0.9710023403167725,292.7234191894531,336.4892272949219,0.8386340737342834
track_1,2610,0.7436379194259644,641.010986328125,648.0433959960938,0.46240293979644775,616.3045043945312,543.8504638671875,0.9269866347312927,564.9884033203125,592.595947265625,0.41139093041419983
track_0,2611,0.8210532665252686,401.49237060546875,452.86199951171875,0.953529417514801,368.7939147949219,367.89190673828125,0.9145403504371643,300.6199645996094,336.17694091796875,0.8697720170021057
track_1,2611,0.7407759428024292,640.9814453125,647.9046020507812,0.4711894094944,616.3219604492188,543.7733764648438,0.9227566719055176,564.8875732421875,592.3834228515625,0.388440877199173
track_0,2612,0.7878853678703308,399.6697998046875,460.5126953125,0.9439736604690552,376.158935546875,376.1877136230469,0.9042823910713196,304.58648681640625,336.368408203125,0.9193189740180969
track_1,2612,0.7375858426094055,697.1704711914062,585.8585815429688,0.4144209027290344,624.08203125,537.106689453125,0.9394671320915222,568.6021118164062,593.4566040039062,0.44338884949684143
track_0,2613,0.7615966796875,384.4290771484375,467.9512634277344,0.8258507251739502,376.21429443359375,383.95806884765625,0.8973649740219116,311.7552795410156,340.2276611328125,0.9029961228370667
track_1,2613,0.7380541563034058,696.8742065429688,585.7173461914062,0.4182964563369751,624.07763671875,537.109130859375,0.9434677958488464,568.5953369140625,593.4473266601562,0.43505948781967163
track_0,2614,0.7409370541572571,375.9850158691406,480.2217712402344,1.0503191947937012,375.91766357421875,391.9505920410156,0.8908684253692627,315.60052490234375,340.77947998046875,0.8979991674423218
track_1,2614,0.7373144626617432,697.0620727539062,588.9571533203125,0.4095195233821869,624.0899658203125,537.1652221679688,0.9448540806770325,568.6139526367188,593.4819946289062,0.43745699524879456
track_0,2615,0.7326228022575378,372.10272216796875,484.88275146484375,0.9234216213226318,368.285400390625,392.2679443359375,0.8826425075531006,316.4064025878906,341.1268615722656,0.9166361093521118
track_1,2615,0.7389729619026184,641.0715942382812,647.9776000976562,0.46280771493911743,616.367431640625,543.7905883789062,0.9241451621055603,564.9671630859375,592.456787109375,0.40403497219085693
track_0,2616,0.7139103412628174,360.2391662597656,496.2714538574219,0.6917639374732971,367.92584228515625,407.98272705078125,0.8641940951347351,319.8910217285156,344.2820129394531,0.8287684917449951
track_1,2616,0.7391278743743896,641.0843505859375,647.9430541992188,0.46646714210510254,616.3555297851562,543.8034057617188,0.9249251484870911,568.6278686523438,595.94970703125,0.39974284172058105
track_0,2617,0.7098191380500793,353.05511474609375,497.14593505859375,0.37743455171585083,360.72186279296875,416.06805419921875,0.8631385564804077,321.27874755859375,344.7395935058594,0.6245784163475037
track_1,2617,0.7394037246704102,641.1136474609375,647.985107421875,0.45813485980033875,616.331298828125,543.8092651367188,0.923390805721283,568.5093994140625,595.8839721679688,0.40705037117004395
track_0,2618,0.7219244241714478,332.5277099609375,505.47760009765625,0.3760574758052826,360.28192138671875,416.521240234375,0.8388588428497314,328.95928955078125,349.2896728515625,0.5773186683654785
track_1,2618,0.7408156991004944,641.0888671875,648.0291137695312,0.4415961503982544,616.3214721679688,543.7802734375,0.9299060106277466,568.3992919921875,595.87890625,0.4215888977050781
track_0,2619,0.7243726849555969,313.5803527832031,504.9420166015625,0.4896238446235657,353.11444091796875,424.497802734375,0.859768807888031,341.55511474609375,352.914794921875,0.7277788519859314
track_1,2619,0.742675244808197,641.1088256835938,647.9797973632812,0.4484235346317291,616.4088134765625,543.8169555664062,0.9517425894737244,564.9547729492188,592.6849975585938,0.3999881148338318
track_0,2620,0.7390417456626892,301.29803466796875,504.55908203125,0.7396141290664673,352.708251953125,424.673095703125,0.9159085154533386,353.29705810546875,364.597412109375,0.8435333967208862
track_1,2620,0.7409812211990356,644.547607421875,648.4688720703125,0.4509325921535492,624.0468139648438,543.8118286132812,0.9406684041023254,568.5924072265625,596.0191040039062,0.38548725843429565
track_0,2621,0.7288892269134521,289.58380126953125,500.5753173828125,0.7605655789375305,352.688232421875,424.93707275390625,0.9406779408454895,360.90594482421875,372.9274597167969,0.9408254623413086
track_1,2621,0.7241981029510498,652.2428588867188,652.13427734375,0.3432036340236664,624.09814453125,544.0454711914062,0.9519180655479431,712.7757568359375,576.53076171875,0.404243528842926
track_0,2622,0.7013877630233765,277.13299560546875,488.7005615234375,0.8675265312194824,352.4111633300781,432.4251403808594,0.9651705622673035,364.85137939453125,380.229248046875,0.936767041683197
track_1,2622,0.6979032158851624,648.704345703125,651.4013671875,0.44240260124206543,624.1380615234375,543.8262939453125,0.9545485377311707,709.33251953125,568.0763549804688,0.6283562183380127
track_0,2623,0.6708196997642517,269.42987060546875,477.91070556640625,0.8895161747932434,352.8825988769531,433.14495849609375,0.9594795107841492,369.42376708984375,385.6969909667969,0.8576676845550537
track_1,2623,0.6742921471595764,,,0.0,624.3046875,537.0459594726562,0.964453399181366,709.12353515625,561.3403930664062,0.6303893327713013
track_0,2624,0.6624047756195068,264.81622314453125,469.111328125,1.034683346748352,352.8180847167969,440.51953125,0.9480729699134827,376.5986328125,393.3943786621094,0.9383999109268188
track_1,2624,0.653174877166748,,,0.0,624.265869140625,536.6386108398438,0.9613227844238281,709.2614135742188,553.2738647460938,0.6086899042129517
track_0,2625,0.6478932499885559,261.4094543457031,465.277587890625,0.9825987815856934,352.80694580078125,440.99945068359375,0.9531252384185791,380.7530212402344,401.0916748046875,0.8548623323440552
track_1,2625,0.6185766458511353,,,0.0,624.2841796875,536.37109375,0.9543887376785278,709.2122802734375,548.31201171875,0.6260567307472229
track_0,2626,0.6316487789154053,260.1142578125,450.12799072265625,0.36551669239997864,352.45648193359375,441.0509948730469,0.9549022316932678,381.08831787109375,404.911376953125,0.8215139508247375
track_1,2626,0.5982401371002197,,,0.0,624.3111572265625,536.331787109375,0.9717859029769897,712.754638671875,540.2371826171875,0.555109441280365
track_0,2627,0.650123655796051,252.85104370117188,444.36761474609375,0.95867520570755,344.6488342285156,440.6994323730469,0.9602407813072205,381.15142822265625,405.15875244140625,0.9138762354850769
track_1,2627,0.5807726979255676,,,0.0,624.3325805664062,536.3538208007812,0.9834968447685242,712.7286987304688,532.4200439453125,0.5168237686157227
track_0,2628,0.6695975661277771,248.2536163330078,432.6593322753906,1.0487415790557861,336.5199890136719,440.0479431152344,0.9672791957855225,380.3777770996094,407.9830322265625,0.9421470761299133
track_1,2628,0.5849435925483704,,,0.0,624.3175048828125,536.4554443359375,0.983997106552124,712.396484375,528.8861694335938,0.43538373708724976
track_0,2629,0.6781694293022156,240.81715393066406,421.758056640625,1.012081265449524,328.26519775390625,433.1697692871094,0.9177424311637878,373.0056457519531,408.78564453125,0.7162410616874695
track_1,2629,0.5848091840744019,,,0.0,624.3329467773438,536.532470703125,0.979439914226532,712.6105346679688,528.6666259765625,0.26759400963783264
track_0,2630,0.7182998061180115,233.15045166015625,412.42852783203125,0.37144744396209717,301.02423095703125,432.83135986328125,0.8829761743545532,380.256103515625,437.2019958496094,0.5381544232368469
track_1,2630,0.5816476345062256,,,0.0,624.3070068359375,536.5015258789062,0.9633901119232178,689.1198120117188,512.7725219726562,0.3122013509273529
track_0,2631,0.7572745680809021,228.2924041748047,413.2099609375,0.43641096353530884,296.0023498535156,432.5196228027344,0.9021195769309998,364.75665283203125,424.18408203125,0.5154352784156799
track_1,2631,0.5991907715797424,,,0.0,624.2776489257812,536.5130615234375,0.964272677898407,688.7296142578125,513.2198486328125,0.3402627110481262
track_0,2632,0.7802731394767761,224.53616333007812,415.5959777832031,0.4979415535926819,295.9961242675781,432.07635498046875,0.9211575388908386,360.030517578125,427.5556640625,0.7626978158950806
track_1,2632,0.6071767807006836,,,0.0,624.2592163085938,536.5682373046875,0.9751451015472412,688.310546875,513.44384765625,0.35855087637901306
track_0,2633,0.8115721940994263,228.6314697265625,373.17291259765625,0.7198043465614319,287.9981689453125,424.988037109375,0.9370837211608887,352.963134765625,428.9311218261719,0.8284198641777039
track_1,2633,0.6041294932365417,,,0.0,624.1953125,536.5740356445312,0.9778386354446411,685.374755859375,513.0711669921875,0.419873982667923
track_0,2634,0.8327709436416626,224.809814453125,368.64544677734375,0.7352073192596436,287.87774658203125,424.3460388183594,0.9675905108451843,228.334716796875,416.52569580078125,0.6989094018936157
track_1,2634,0.597028911113739,,,0.0,624.126708984375,536.4759521484375,0.9750353097915649,685.11083984375,509.20733642578125,0.3834976255893707
track_0,2635,0.8421344757080078,224.2065887451172,357.4569396972656,0.6675493121147156,279.7021484375,417.3827209472656,0.920590341091156,344.6526184082031,433.351318359375,0.6893981695175171
track_1,2635,0.5866808891296387,,,0.0,624.102783203125,536.352294921875,0.9803267121315002,575.5442504882812,600.5906982421875,0.3849199712276459
track_0,2636,0.8521065711975098,224.64813232421875,341.3021240234375,0.630340039730072,271.95013427734375,416.8773193359375,0.9344990849494934,336.7377624511719,432.6451721191406,0.62315434217453
track_1,2636,0.580649197101593,,,0.0,616.5970458984375,536.7396240234375,0.9858476519584656,572.455322265625,597.604248046875,0.2818276584148407
track_0,2637,0.8359589576721191,232.12103271484375,328.3128967285156,0.29833221435546875,264.4127197265625,416.3632507324219,0.9731930494308472,325.34765625,440.577880859375,0.22985783219337463
track_1,2637,0.5890878438949585,,,0.0,616.3336181640625,536.4452514648438,0.9629296660423279,568.789794921875,596.8028564453125,0.2871621549129486
track_0,2638,0.8103724718093872,,,0.0,264.13409423828125,416.2281494140625,0.9770311117172241,300.6819763183594,472.5136413574219,0.295963317155838
track_1,2638,0.6126675009727478,,,0.0,616.0511474609375,536.1356201171875,0.9375119805335999,568.32275390625,596.2216796875,0.3038559556007385
track_0,2639,0.7825639843940735,259.56329345703125,315.51214599609375,0.22603414952754974,263.91046142578125,416.0603942871094,0.9559314846992493,308.34356689453125,464.14691162109375,0.36502325534820557
track_1,2639,0.6292123794555664,,,0.0,608.6320190429688,536.7155151367188,0.9529426097869873,697.1331787109375,532.93115234375,0.4554535448551178
track_0,2640,0.7578872442245483,268.26580810546875,312.67919921875,0.7467634081840515,263.9515686035156,408.6663513183594,0.9445297718048096,307.9620361328125,460.80877685546875,0.47108355164527893
track_1,2640,0.6365168690681458,,,0.0,616.0786743164062,536.2073364257812,0.9586708545684814,568.0693359375,596.8201904296875,0.3099128305912018
track_0,2641,0.7136595249176025,276.4554443359375,308.43048095703125,0.9127426147460938,264.12420654296875,408.27496337890625,0.9215325117111206,308.1112060546875,453.15618896484375,0.3077124357223511
track_1,2641,0.6309873461723328,,,0.0,608.6160278320312,536.8253784179688,0.9706162810325623,701.1936645507812,548.7637329101562,0.39710676670074463
track_0,2642,0.645849883556366,284.3358154296875,303.792236328125,0.9930626153945923,264.18084716796875,400.7077331542969,0.8423575758934021,296.45513916015625,455.91717529296875,0.5381640791893005
track_1,2642,0.6189947128295898,,,0.0,608.6072998046875,536.8221435546875,0.9741712808609009,701.3347778320312,541.2906494140625,0.4297269284725189
track_0,2643,0.621703028678894,287.54388427734375,297.2648010253906,0.9951186776161194,264.1396484375,368.63201904296875,0.7962580919265747,,,0.0
track_1,2643,0.591510534286499,,,0.0,615.9781494140625,536.2247924804688,0.9570502638816833,568.2684326171875,600.1041870117188,0.30639851093292236
track_0,2644,0.638899028301239,292.06964111328125,296.5115661621094,0.8209837079048157,264.4186096191406,368.345458984375,0.80560302734375,,,0.0
track_1,2644,0.5937376022338867,,,0.0,608.561767578125,536.9068603515625,0.9625164270401001,613.3038330078125,618.3084106445312,0.32297956943511963
track_0,2645,0.6436675190925598,296.34259033203125,297.11920166015625,0.39789801836013794,264.94061279296875,368.190185546875,0.8081781268119812,308.00994873046875,291.6688232421875,0.3474070131778717
track_1,2645,0.5997865200042725,,,0.0,608.3753662109375,536.7792358398438,0.9578742980957031,613.4048461914062,620.2875366210938,0.3524596393108368
track_0,2646,0.6353365778923035,,,0.0,272.1186218261719,360.4942626953125,0.833993673324585,304.19622802734375,297.025634765625,0.5136616826057434
track_1,2646,0.6088955998420715,,,0.0,608.2640380859375,536.6239013671875,0.9525410532951355,660.7979736328125,496.2157287597656,0.4015809893608093
track_0,2647,0.6394556164741516,,,0.0,272.5928955078125,360.2538146972656,0.8277497291564941,312.1058349609375,301.12725830078125,0.426706463098526
track_1,2647,0.6200823783874512,,,0.0,608.3117065429688,536.7308349609375,0.9597589373588562,660.8536987304688,500.4423828125,0.522918701171875
track_0,2648,0.6395413279533386,,,0.0,272.9221496582031,360.0119934082031,0.8587043285369873,317.0549621582031,308.0164489746094,0.3145669996738434
track_1,2648,0.6253899931907654,,,0.0,608.389892578125,536.9586791992188,0.9674572348594666,660.6574096679688,500.5343017578125,0.5812647938728333
track_0,2649,0.6342360377311707,,,0.0,280.4006652832031,352.65478515625,0.9823241829872131,324.7467041015625,313.55206298828125,0.5857143998146057
track_1,2649,0.6259731650352478,,,0.0,608.4699096679688,537.0771484375,0.9718032479286194,660.6058349609375,497.59014892578125,0.5685136914253235
track_0,2650,0.6403577923774719,,,0.0,280.7862548828125,352.8682861328125,0.986755907535553,329.6972351074219,320.4197082519531,0.48023664951324463
track_1,2650,0.6123560667037964,,,0.0,608.609375,537.2351684570312,0.9670383334159851,616.7520141601562,621.5875244140625,0.4457484185695648
track_0,2651,0.647979736328125,248.039306640625,428.49993896484375,0.3657110929489136,296.2980651855469,351.96588134765625,1.009878396987915,341.08575439453125,320.4292907714844,0.5524126291275024
track_1,2651,0.6059157252311707,652.48388671875,651.3311767578125,0.452609121799469,608.2393798828125,544.049072265625,0.9652268290519714,616.51220703125,621.2320556640625,0.37319818139076233
track_0,2652,0.6730391979217529,251.52984619140625,423.9156494140625,0.3380272090435028,312.289306640625,351.792724609375,1.0517398118972778,372.69342041015625,360.5872802734375,0.5267332196235657
track_1,2652,0.60139000415802,652.5663452148438,651.412353515625,0.45107242465019226,608.34228515625,544.1115112304688,0.9643818140029907,616.4871826171875,621.2564086914062,0.3605789244174957
track_0,2653,0.7129115462303162,385.288330078125,377.5839538574219,0.3196837306022644,320.4161376953125,352.389404296875,1.0676555633544922,380.9771728515625,368.38995361328125,0.3773711621761322
track_1,2653,0.6028727293014526,652.6143798828125,651.4495849609375,0.45187243819236755,608.4024658203125,544.1486206054688,0.9661373496055603,616.726318359375,621.176513671875,0.38925105333328247
track_0,2654,0.7121907472610474,393.2652587890625,385.44677734375,0.6653045415878296,328.30645751953125,353.14599609375,1.0205488204956055,260.11248779296875,376.62652587890625,0.24289074540138245
track_1,2654,0.6059277653694153,652.7799072265625,651.63134765625,0.454316645860672,608.5234375,544.2951049804688,0.965175211429596,616.9888916015625,621.088134765625,0.4301759600639343
track_0,2655,0.7230402231216431,397.2301025390625,392.4381103515625,0.8001922965049744,328.19927978515625,360.3012390136719,0.9730637669563293,260.1167297363281,376.664306640625,0.4084204435348511
track_1,2655,0.602864146232605,653.017822265625,651.9463500976562,0.4488826394081116,608.7577514648438,544.5716552734375,0.9630868434906006,617.134033203125,621.154052734375,0.4454156756401062
track_0,2656,0.7198420166969299,403.93084716796875,397.9330139160156,0.904163122177124,336.0428771972656,361.1865539550781,0.9664198756217957,260.0456237792969,376.60308837890625,0.5398805737495422
track_1,2656,0.5992763638496399,656.5259399414062,651.8988647460938,0.45836320519447327,616.3348388671875,544.3551635742188,0.9749319553375244,632.675048828125,647.7418823242188,0.2179333120584488
track_0,2657,0.7358211278915405,404.23260498046875,407.96881103515625,0.7148269414901733,328.36181640625,368.13031005859375,0.9618493914604187,264.42169189453125,375.71929931640625,0.665385901927948
track_1,2657,0.5824019908905029,657.0526123046875,652.3433837890625,0.424570232629776,616.583984375,544.664794921875,0.9686621427536011,635.93603515625,648.455322265625,0.3123595416545868
track_0,2658,0.757800281047821,404.67803955078125,412.77337646484375,0.8596721291542053,336.2510681152344,368.305908203125,0.9670110940933228,264.6496887207031,376.29669189453125,0.7405471801757812
track_1,2658,0.5569623112678528,656.931396484375,651.8134765625,0.4432034194469452,624.0223999023438,544.1728515625,0.9724418520927429,636.2896728515625,648.1527099609375,0.32093751430511475
track_0,2659,0.7867956161499023,408.0753173828125,416.82183837890625,0.5550544857978821,336.2796630859375,367.95452880859375,0.9621727466583252,268.5536193847656,376.3956298828125,0.7240058779716492
track_1,2659,0.5561516880989075,657.3983764648438,652.0965576171875,0.4360728859901428,624.3129272460938,544.4735107421875,0.9655565023422241,675.6367797851562,495.7733154296875,0.380281925201416
track_0,2660,0.8128893375396729,409.79046630859375,435.8700256347656,0.7532686591148376,344.1727294921875,367.81640625,0.9432982206344604,271.85137939453125,376.5095520019531,0.7677760720252991
track_1,2660,0.5503489971160889,660.7802124023438,652.333251953125,0.42911478877067566,624.4759521484375,544.6343994140625,0.9626452922821045,675.9464721679688,493.09246826171875,0.41065526008605957
track_0,2661,0.8314250111579895,409.2054748535156,440.1725158691406,0.852673351764679,352.1300964355469,368.182373046875,0.9644524455070496,275.8639221191406,368.3550109863281,0.6927015781402588
track_1,2661,0.5468990206718445,660.9241943359375,652.2828369140625,0.41403400897979736,624.5071411132812,544.5233764648438,0.9670665264129639,668.8467407226562,493.0730285644531,0.6729975342750549
track_0,2662,0.8293247222900391,409.0763854980469,440.8286437988281,0.8785276412963867,352.35797119140625,368.36383056640625,0.9941869974136353,277.14654541015625,368.6899719238281,0.8348304033279419
track_1,2662,0.5540795922279358,660.734375,652.117431640625,0.42807087302207947,624.3872680664062,544.4063720703125,0.9808982610702515,660.5689086914062,491.7503967285156,0.8972517848014832
track_0,2663,0.812535285949707,408.002685546875,448.7231140136719,0.9341896176338196,360.4259033203125,375.9165344238281,0.9680957198143005,284.16754150390625,356.36102294921875,0.5074532628059387
track_1,2663,0.5722098350524902,657.9795532226562,652.4813232421875,0.36292093992233276,617.02294921875,544.8775634765625,0.9830571413040161,656.73388671875,488.852783203125,0.6611900329589844
track_0,2664,0.8026520013809204,408.23779296875,456.77117919921875,0.9127015471458435,360.2208251953125,376.7043151855469,1.0099073648452759,284.71539306640625,364.964599609375,0.790457010269165
track_1,2664,0.5972859263420105,652.6939086914062,492.78680419921875,0.5540409088134766,616.54150390625,544.78662109375,1.0010383129119873,632.9090576171875,645.7056884765625,0.3034459352493286
track_0,2665,0.7954680323600769,409.44586181640625,460.08465576171875,0.855359673500061,360.53778076171875,384.03363037109375,0.9827817678451538,288.23797607421875,364.16534423828125,0.7966487407684326
track_1,2665,0.6083312034606934,652.5637817382812,492.947998046875,0.5200113654136658,616.3994140625,544.8309326171875,0.9953963756561279,632.436279296875,645.5626831054688,0.2815435528755188
track_0,2666,0.7980829477310181,412.2706298828125,460.7863464355469,0.8554369807243347,360.3922424316406,384.6102294921875,1.0005662441253662,288.8455505371094,365.20166015625,0.9551173448562622
track_1,2666,0.6145469546318054,652.745361328125,496.0950012207031,0.48911041021347046,616.3744506835938,544.8941040039062,0.9995664358139038,632.6572265625,645.5745239257812,0.2917850613594055
track_0,2667,0.8004843592643738,412.73773193359375,460.48162841796875,0.8056384325027466,360.7716369628906,391.65899658203125,0.9637221097946167,292.38787841796875,367.7308044433594,0.9666315913200378
track_1,2667,0.6318156719207764,653.0994262695312,649.45458984375,0.38275346159935,616.1890869140625,545.0715942382812,0.9969866275787354,632.43017578125,645.621826171875,0.27554917335510254
track_0,2668,0.8074923753738403,412.4827880859375,460.73736572265625,0.7671950459480286,360.53619384765625,391.9538269042969,0.9773876070976257,292.7781066894531,367.80609130859375,1.0142319202423096
track_1,2668,0.6361425518989563,645.0159912109375,652.0693359375,0.504355788230896,608.4535522460938,552.2216796875,0.9454880952835083,612.3444213867188,499.8214416503906,0.3215239644050598
track_0,2669,0.8151641488075256,409.0159912109375,460.79620361328125,0.8301451802253723,360.3087463378906,392.10565185546875,0.9815900921821594,292.7771301269531,364.824462890625,1.0487385988235474
track_1,2669,0.6453709602355957,644.780029296875,651.958740234375,0.5188890695571899,608.2761840820312,552.185302734375,0.9482568502426147,612.334228515625,499.7370300292969,0.3457616865634918
track_0,2670,0.8193968534469604,408.42108154296875,460.8634033203125,0.7437057495117188,360.15771484375,392.4347229003906,0.9884555339813232,295.6776123046875,364.5889892578125,1.0921884775161743
track_1,2670,0.6501626372337341,644.63037109375,651.9879150390625,0.5254732966423035,608.1112670898438,552.26416015625,0.9595657587051392,608.650146484375,500.31396484375,0.31513118743896484
track_0,2671,0.825370192527771,408.793212890625,457.0224609375,0.774825930595398,352.6175231933594,391.8337707519531,0.9507624506950378,296.07659912109375,360.73114013671875,1.109797477722168
track_1,2671,0.6467024087905884,644.5882568359375,651.9996948242188,0.528793454170227,608.06103515625,552.2942504882812,0.9650153517723083,605.223388671875,500.400146484375,0.2312374711036682
track_0,2672,0.8283271193504333,405.014404296875,451.8953552246094,0.5711544752120972,352.5836486816406,391.7268981933594,0.9533265829086304,295.9288330078125,360.08941650390625,1.1150500774383545
track_1,2672,0.6408526301383972,644.532470703125,651.985107421875,0.5286372303962708,608.0062255859375,552.2813110351562,0.9715813994407654,,,0.0
track_0,2673,0.834343671798706,400.4190979003906,445.4912109375,0.7864229679107666,351.9977722167969,384.7086181640625,1.001153826713562,292.5361022949219,357.05987548828125,1.117262840270996
track_1,2673,0.6405484676361084,644.45263671875,651.9820556640625,0.5313894748687744,607.9502563476562,552.2784423828125,0.9733227491378784,,,0.0
track_0,2674,0.8383345603942871,400.6209716796875,444.18597412109375,0.6485669016838074,352.0322570800781,384.3155517578125,0.9939383864402771,292.3985900878906,356.3368225097656,1.113755226135254
track_1,2674,0.6375934481620789,644.380126953125,651.9661254882812,0.534458577632904,607.9028930664062,552.2546997070312,0.9763701558113098,,,0.0
track_0,2675,0.837722659111023,400.847412109375,444.30694580078125,0.7089529633522034,352.15606689453125,384.0384826660156,0.9829410910606384,292.3027648925781,356.07806396484375,1.1187279224395752
track_1,2675,0.6300976872444153,644.3341674804688,651.9210815429688,0.5348047018051147,607.8487548828125,552.213134765625,0.9754974842071533,,,0.0
track_0,2676,0.8368633389472961,401.1802062988281,444.19781494140625,0.7204733490943909,352.20379638671875,383.8656005859375,0.9813604354858398,292.3023681640625,355.9049987792969,1.1219125986099243
track_1,2676,0.6220864057540894,645.154052734375,652.56591796875,0.5066968202590942,597.6610107421875,552.6703491210938,0.9506268501281738,616.466796875,625.050537109375,0.36580824851989746
track_0,2677,0.8365916013717651,404.2010192871094,444.35955810546875,0.7476804852485657,352.2208251953125,383.8992614746094,0.97919762134552,292.4457702636719,355.9929504394531,1.1179778575897217
track_1,2677,0.6132187247276306,645.150390625,652.495361328125,0.5042790770530701,600.575927734375,552.5531005859375,0.9544215202331543,616.4374389648438,625.106689453125,0.3657321035861969
track_0,2678,0.8367468118667603,404.36871337890625,444.60296630859375,0.7635977864265442,352.2093200683594,384.01922607421875,0.9816297888755798,292.5655517578125,356.17730712890625,1.1194075345993042
track_1,2678,0.6012347936630249,645.1314086914062,652.420166015625,0.5034970641136169,600.5618286132812,552.4269409179688,0.9563116431236267,613.899658203125,625.1536865234375,0.3956204950809479
track_0,2679,0.8389487266540527,404.3681945800781,444.8758850097656,0.8518681526184082,352.15716552734375,384.0591735839844,0.9817745089530945,292.6763916015625,356.2860107421875,1.1172136068344116
track_1,2679,0.5887758135795593,652.2880859375,648.987060546875,0.22775784134864807,608.0526123046875,545.1038818359375,0.9663315415382385,615.97216796875,625.4996948242188,0.49160683155059814
track_0,2680,0.839301586151123,404.33575439453125,445.129638671875,0.8330984115600586,352.13336181640625,384.1048889160156,0.9853956699371338,295.6733093261719,356.4274597167969,1.1202419996261597
track_1,2680,0.5816329121589661,675.784912109375,464.8593444824219,0.34062302112579346,608.0865478515625,544.9501342773438,0.9660062789916992,616.1002197265625,625.6124877929688,0.48281827569007874
track_0,2681,0.8399507403373718,404.18695068359375,445.12896728515625,0.8329711556434631,352.12957763671875,384.0885925292969,0.983931303024292,295.70123291015625,356.3943176269531,1.1213717460632324
track_1,2681,0.5947383642196655,648.824462890625,648.341796875,0.3364214301109314,608.1704711914062,544.7794189453125,0.9671489000320435,616.3194580078125,625.4728393554688,0.5166270732879639
track_0,2682,0.8401737213134766,404.10687255859375,444.83221435546875,0.8481537699699402,352.13043212890625,384.0486145019531,0.9833583235740662,295.72802734375,356.3365783691406,1.1233569383621216
track_1,2682,0.6029341220855713,657.370361328125,647.9595336914062,0.28196582198143005,608.2825927734375,544.637939453125,0.9732853174209595,617.2696533203125,625.2784423828125,0.6898779273033142
track_0,2683,0.8397800326347351,403.9515380859375,444.65771484375,0.8302896618843079,352.1492919921875,383.9784240722656,0.9804010391235352,295.7737731933594,356.2371520996094,1.1251181364059448
track_1,2683,0.6125456094741821,641.3060302734375,477.0245666503906,0.43033552169799805,608.339111328125,544.6795043945312,0.9733859300613403,620.382080078125,625.3186645507812,0.6921350955963135
track_0,2684,0.8397361636161804,403.92529296875,444.49884033203125,0.8217388391494751,352.1633605957031,383.9043273925781,0.9804093241691589,295.8197021484375,356.13427734375,1.1282877922058105
track_1,2684,0.6164718866348267,640.2058715820312,477.0804138183594,0.6486690640449524,608.3804931640625,544.8321533203125,0.9645722508430481,620.6697998046875,625.5186157226562,0.7172048091888428
track_0,2685,0.8395290374755859,403.94683837890625,444.4729919433594,0.8306892514228821,352.1656188964844,383.802490234375,0.976084291934967,295.88720703125,355.9967346191406,1.1286962032318115
track_1,2685,0.6140302419662476,640.1741943359375,477.6885681152344,0.6385149955749512,608.4415893554688,545.0133056640625,0.9636224508285522,620.6491088867188,625.7063598632812,0.7148319482803345
track_0,2686,0.839605450630188,403.9608459472656,444.4638366699219,0.8412292003631592,352.16900634765625,383.7926330566406,0.976629912853241,295.93218994140625,355.943603515625,1.1311417818069458
track_1,2686,0.6064209938049316,640.7506103515625,477.7735595703125,0.48911014199256897,608.4910278320312,545.1152954101562,0.9675136208534241,620.8214111328125,625.801025390625,0.7095850110054016
track_0,2687,0.8397067189216614,403.9537353515625,444.5570068359375,0.841693639755249,352.1820068359375,383.8414611816406,0.9761618375778198,296.0514221191406,356.0384521484375,1.1428229808807373
track_1,2687,0.6020748615264893,657.2922973632812,647.7901000976562,0.38241326808929443,608.173828125,552.0814208984375,0.9638252854347229,649.3104858398438,471.19354248046875,0.6401680111885071
track_0,2688,0.8396414518356323,403.93878173828125,444.653076171875,0.8335180878639221,352.1848449707031,383.88739013671875,0.9777383208274841,296.1285400390625,356.11151123046875,1.145605206489563
track_1,2688,0.5924206376075745,657.383056640625,647.9042358398438,0.38485002517700195,608.3422241210938,552.164794921875,0.9658175110816956,652.2611694335938,467.99993896484375,0.747140109539032
track_0,2689,0.8393859267234802,404.00714111328125,444.7703857421875,0.828541100025177,352.1973876953125,383.9246826171875,0.976937472820282,296.2041320800781,356.1688537597656,1.145029067993164
track_1,2689,0.5860044360160828,657.5874633789062,647.995849609375,0.3590596318244934,608.4439086914062,552.1707763671875,0.9667961001396179,649.5584716796875,467.703369140625,0.7870825529098511
track_0,2690,0.8383222818374634,404.139404296875,444.9613952636719,0.8010790348052979,352.2247619628906,383.96142578125,0.9762736558914185,296.28778076171875,356.2193603515625,1.1445331573486328
track_1,2690,0.5780929923057556,657.1259765625,648.3563232421875,0.45272940397262573,608.5950317382812,552.168701171875,0.9696902632713318,649.6057739257812,467.6364440917969,0.7884173393249512
track_0,2691,0.8390453457832336,404.1712951660156,445.0690002441406,0.8125101327896118,352.218505859375,383.9578857421875,0.9764166474342346,296.3491516113281,356.2155456542969,1.143121361732483
track_1,2691,0.5754440426826477,643.6315307617188,472.9546813964844,0.5846865177154541,616.0946044921875,544.8399658203125,0.9649382829666138,648.8067626953125,461.27081298828125,0.49951615929603577
track_0,2692,0.8385065197944641,404.2005615234375,445.17266845703125,0.8249478340148926,352.2178039550781,383.9598388671875,0.9762916564941406,296.40948486328125,356.21466064453125,1.144237995147705
track_1,2692,0.5607115030288696,643.8169555664062,472.61944580078125,0.6187796592712402,616.3500366210938,544.7645263671875,0.9601699113845825,623.8772583007812,629.4418334960938,0.4768415093421936
track_0,2693,0.8377372026443481,404.33050537109375,445.1186218261719,0.8311080932617188,352.2313232421875,383.9786682128906,0.9761261343955994,296.41949462890625,356.2323913574219,1.1443532705307007
track_1,2693,0.5355039834976196,641.6885986328125,469.51641845703125,0.5297207832336426,616.7872314453125,544.6746826171875,0.9613595604896545,649.087158203125,460.72332763671875,0.45887118577957153
track_0,2694,0.8360678553581238,404.3880615234375,448.01177978515625,0.8409653306007385,352.26043701171875,383.9892272949219,0.9775851368904114,296.44580078125,356.2416687011719,1.1443440914154053
track_1,2694,0.5217068791389465,643.6988525390625,468.85028076171875,0.5497705340385437,623.9766845703125,544.2008056640625,0.9751539826393127,647.7332763671875,645.4507446289062,0.30614525079727173
track_0,2695,0.8353875875473022,404.5732421875,448.0977783203125,0.8439404368400574,352.29522705078125,383.9761657714844,0.9753894209861755,296.5468444824219,356.1904602050781,1.1442549228668213
track_1,2695,0.5379539132118225,,,0.0,624.1324462890625,544.4923095703125,0.9666818380355835,632.7514038085938,480.0079650878906,0.6894023418426514
track_0,2696,0.835418701171875,404.5978088378906,448.14971923828125,0.8480380773544312,352.31414794921875,383.93975830078125,0.9756810665130615,296.6265869140625,356.11907958984375,1.1462483406066895
track_1,2696,0.5487476587295532,,,0.0,624.1342163085938,544.741455078125,0.9627396464347839,640.149169921875,485.2735900878906,0.7953993082046509
track_0,2697,0.8358454704284668,404.827392578125,448.31878662109375,0.8586901426315308,352.3146057128906,383.9662780761719,0.975391685962677,296.6717834472656,356.1448059082031,1.1431175470352173
track_1,2697,0.5610038638114929,661.23095703125,649.0966796875,0.35522300004959106,616.7830200195312,552.2510375976562,0.9423678517341614,637.625,487.9697570800781,0.7890295386314392
track_0,2698,0.8355065584182739,405.07891845703125,448.5429992675781,0.8565382361412048,352.3135986328125,383.9880065917969,0.9753808975219727,296.7082824707031,356.17596435546875,1.1415469646453857
track_1,2698,0.5764374136924744,661.0703735351562,649.1437377929688,0.3664208948612213,616.68359375,552.4441528320312,0.938835084438324,636.8746948242188,485.0207214355469,0.5492307543754578
track_0,2699,0.8352805376052856,408.12078857421875,448.81610107421875,0.844889760017395,352.3105163574219,384.01953125,0.9767464399337769,296.7516784667969,356.19854736328125,1.1369587182998657
track_1,2699,0.5905926823616028,641.3421630859375,492.39190673828125,0.5520458817481995,616.626953125,552.6876220703125,0.9325465559959412,637.4325561523438,484.3337707519531,0.25635379552841187
track_0,2700,0.8350822329521179,408.268310546875,449.06903076171875,0.8598746061325073,352.3135986328125,384.0543518066406,0.9774337410926819,296.7806396484375,356.2448425292969,1.1356079578399658
track_1,2700,0.5930771231651306,644.252685546875,489.0035400390625,0.7367070317268372,616.6416625976562,552.821533203125,0.9314668774604797,640.9869384765625,647.9817504882812,0.24415558576583862
track_0,2701,0.8352266550064087,408.11126708984375,448.90826416015625,0.842772364616394,352.3145751953125,384.0785217285156,0.9791663885116577,296.8152770996094,356.30096435546875,1.133727788925171
track_1,2701,0.6002054810523987,644.3505859375,489.045166015625,0.8070067167282104,616.6038818359375,552.8948974609375,0.9294410347938538,641.0278930664062,648.0234985351562,0.24189864099025726
track_0,2702,0.8352322578430176,405.0751647949219,448.5862121582031,0.8500633239746094,352.312744140625,384.08245849609375,0.9804142117500305,296.8172302246094,356.30364990234375,1.1339287757873535
track_1,2702,0.603732705116272,644.588623046875,489.17724609375,0.8069652915000916,616.5678100585938,552.9838256835938,0.9269959330558777,643.4852905273438,648.3305053710938,0.23542895913124084
track_0,2703,0.8345559239387512,404.763916015625,448.02099609375,0.8306758999824524,352.30841064453125,384.0859069824219,0.9808989763259888,296.83636474609375,356.32904052734375,1.1335835456848145
track_1,2703,0.606968343257904,644.6768798828125,489.2328186035156,0.8249263763427734,616.5327758789062,553.0726928710938,0.9209426641464233,643.4473266601562,648.3125610351562,0.23586861789226532
track_0,2704,0.8340732455253601,404.541259765625,445.1172790527344,0.8253383636474609,352.300048828125,384.08807373046875,0.981614351272583,296.8505859375,356.3551025390625,1.133744239807129
track_1,2704,0.6105990409851074,644.6087646484375,489.19305419921875,0.8619211316108704,616.4217529296875,553.0812377929688,0.9141833782196045,640.8485107421875,648.0672607421875,0.23352082073688507
track_0,2705,0.8334395885467529,404.86639404296875,444.7970275878906,0.8312844038009644,352.2945861816406,384.0948486328125,0.9813426733016968,296.8549499511719,356.3619689941406,1.1326035261154175
track_1,2705,0.6128183603286743,644.503173828125,489.0404968261719,0.8732650876045227,616.3125610351562,553.01123046875,0.91702800989151,624.2174682617188,633.770263671875,0.2478245347738266
track_0,2706,0.8323264122009277,405.08489990234375,444.7474365234375,0.8079310059547424,352.3080749511719,384.1086730957031,0.9826006293296814,296.8636474609375,356.375244140625,1.1314173936843872
track_1,2706,0.6129226088523865,644.6685180664062,488.9911804199219,0.8649964928627014,616.2574462890625,552.9774780273438,0.9227138161659241,624.185302734375,633.5526123046875,0.26412567496299744
track_0,2707,0.8312628269195557,405.22149658203125,444.7449645996094,0.7916497588157654,352.310546875,384.1274719238281,0.9850339889526367,296.87091064453125,356.38958740234375,1.13072669506073
track_1,2707,0.6099168658256531,644.8368530273438,488.79241943359375,0.8356674313545227,616.1751098632812,552.8722534179688,0.929254412651062,624.0001220703125,633.3605346679688,0.27367332577705383
track_0,2708,0.8319238424301147,405.1492919921875,444.91748046875,0.8188066482543945,352.32025146484375,384.1318664550781,0.9855644106864929,296.90264892578125,356.4198303222656,1.1284029483795166
track_1,2708,0.6037086248397827,647.6539916992188,488.1383972167969,0.6954818367958069,616.0498046875,552.7454223632812,0.9350211024284363,656.8289184570312,476.5194396972656,0.31462109088897705
track_0,2709,0.8323658108711243,405.05462646484375,445.08135986328125,0.8304794430732727,352.3201904296875,384.145751953125,0.98696368932724,296.91937255859375,356.45147705078125,1.128193974494934
track_1,2709,0.5896918773651123,657.0791625976562,649.199951171875,0.44203078746795654,615.98974609375,552.6430053710938,0.9447780847549438,656.9677734375,476.19146728515625,0.5261459946632385
track_0,2710,0.8322527408599854,408.3500671386719,448.37261962890625,0.8558031320571899,352.32470703125,384.1749572753906,0.9844086766242981,296.94036865234375,356.52142333984375,1.1259572505950928
track_1,2710,0.5719674825668335,657.241943359375,649.1514892578125,0.4174516201019287,615.9598388671875,552.4539794921875,0.9519152641296387,660.1006469726562,472.1284484863281,0.7123719453811646
track_0,2711,0.8313234448432922,408.47137451171875,448.7868347167969,0.860876739025116,352.3265686035156,384.2139892578125,0.9843331575393677,296.9720764160156,356.556396484375,1.1288760900497437
track_1,2711,0.5636774897575378,657.2568359375,649.07958984375,0.41555550694465637,616.0194702148438,552.272216796875,0.9544232487678528,656.9509887695312,467.56390380859375,0.7823225855827332
track_0,2712,0.8306668400764465,408.4942321777344,448.7166748046875,0.853730320930481,352.3232421875,384.2520751953125,0.9845015406608582,296.98284912109375,356.5898742675781,1.1274256706237793
track_1,2712,0.5878130793571472,644.2589111328125,476.7493896484375,0.5845469832420349,616.05810546875,552.1622924804688,0.9465693831443787,652.557373046875,464.76373291015625,0.5453011393547058
track_0,2713,0.8306357860565186,408.63189697265625,448.4533996582031,0.8422396183013916,352.3027648925781,384.2626953125,0.9804145097732544,296.9897155761719,356.6055908203125,1.1286725997924805
track_1,2713,0.5938501954078674,639.8014526367188,476.259765625,0.6783550381660461,616.0604858398438,552.0221557617188,0.9558538198471069,623.8639526367188,632.5015869140625,0.3632180988788605
track_0,2714,0.8276574611663818,409.369873046875,448.3526611328125,0.7612651586532593,352.330078125,384.3335266113281,0.9768139123916626,297.0404052734375,356.6911315917969,1.1281880140304565
track_1,2714,0.5941532254219055,636.6484375,475.82818603515625,0.6494303941726685,616.0184326171875,551.9425048828125,0.9603502154350281,623.8733520507812,632.5169677734375,0.3536105453968048
track_0,2715,0.826217532157898,412.88507080078125,448.4681091308594,0.7534520626068115,352.337890625,384.377197265625,0.9742010831832886,297.0708923339844,356.74725341796875,1.1292691230773926
track_1,2715,0.5911903381347656,639.8712768554688,473.0782775878906,0.7363008856773376,616.347900390625,544.9893188476562,0.9642727971076965,624.0888671875,629.8836669921875,0.4692305028438568
track_0,2716,0.8240410685539246,416.3617248535156,452.55230712890625,0.753278374671936,352.36859130859375,384.49627685546875,0.9721313118934631,300.05810546875,356.90716552734375,1.127890944480896
track_1,2716,0.5878177285194397,640.0928344726562,472.4969177246094,0.7731638550758362,616.4085083007812,544.9362182617188,0.9675066471099854,623.9854736328125,629.86328125,0.4904367923736572
track_0,2717,0.8249405026435852,416.4340515136719,456.81195068359375,0.7915814518928528,352.3907775878906,384.5438232421875,0.9738366007804871,300.1365051269531,356.9417419433594,1.1310865879058838
track_1,2717,0.5759721994400024,640.6282958984375,472.573974609375,0.8079934120178223,616.7041015625,545.0239868164062,0.9656243920326233,624.1218872070312,629.9459838867188,0.4740693271160126
track_0,2718,0.8234176635742188,413.32208251953125,463.84014892578125,0.8519704341888428,360.273681640625,391.89764404296875,0.9692743420600891,300.3507080078125,359.9082336425781,1.0895659923553467
track_1,2718,0.5735231637954712,640.1832885742188,472.6519470214844,0.5945688486099243,616.4815673828125,551.999755859375,0.9611976146697998,648.3313598632812,463.8683776855469,0.35920652747154236
track_0,2719,0.8191720843315125,412.43414306640625,472.28582763671875,0.842296302318573,360.3111877441406,392.2178955078125,0.9647558927536011,300.7078857421875,360.25433349609375,1.0913701057434082
track_1,2719,0.5668594241142273,640.2474975585938,475.9834899902344,0.552733838558197,616.6160278320312,552.0344848632812,0.9559106230735779,621.4216918945312,632.6041259765625,0.360905259847641
track_0,2720,0.8037375211715698,404.84246826171875,477.02447509765625,0.8807236552238464,360.4316711425781,392.557861328125,0.9704427719116211,304.2894592285156,360.66278076171875,1.0883737802505493
track_1,2720,0.5699442028999329,640.4737548828125,475.7926025390625,0.6295232176780701,616.5908203125,552.0165405273438,0.9587494730949402,621.404541015625,632.61279296875,0.3496932089328766
track_0,2721,0.7986269593238831,400.52020263671875,484.48333740234375,0.9925987124443054,368.0925598144531,400.2312316894531,0.9462360143661499,307.7635498046875,360.8090515136719,1.0185350179672241
track_1,2721,0.568729043006897,640.650146484375,473.1036682128906,0.6902570128440857,616.58349609375,552.0042114257812,0.9637674689292908,621.3845825195312,632.5719604492188,0.35102465748786926
track_0,2722,0.7785579562187195,396.5189514160156,488.55859375,0.8424465656280518,368.325927734375,400.6324768066406,0.9349374771118164,308.93316650390625,361.4677734375,0.9507792592048645
track_1,2722,0.5626106858253479,641.1930541992188,473.17779541015625,0.6752839088439941,616.6303100585938,552.0138549804688,0.9619202613830566,621.46630859375,632.540283203125,0.35477715730667114
track_0,2723,0.7679190635681152,395.4884033203125,492.5474853515625,0.8813550472259521,375.7103576660156,408.31280517578125,0.9331845641136169,315.5543518066406,364.2179870605469,0.9100705981254578
track_1,2723,0.5568608641624451,644.5900268554688,473.1251220703125,0.904793918132782,624.0938720703125,544.8562622070312,0.9588015675544739,648.5545043945312,647.9949951171875,0.38369280099868774
track_0,2724,0.7549331188201904,388.20184326171875,496.5585632324219,0.8664500713348389,375.7071838378906,408.6080627441406,0.9374677538871765,316.3619384765625,364.91912841796875,0.8616836667060852
track_1,2724,0.5588794350624084,644.7821044921875,473.11932373046875,0.8879368305206299,624.2218017578125,544.853515625,0.9547064900398254,648.734375,648.015380859375,0.3920585513114929
track_0,2725,0.7402155995368958,380.92535400390625,500.55010986328125,0.9719087481498718,375.95623779296875,415.9253845214844,0.9180590510368347,319.91009521484375,368.0794372558594,0.84622722864151
track_1,2725,0.558066725730896,644.688232421875,473.2625427246094,0.8497276902198792,624.2430419921875,544.7677612304688,0.9607484340667725,648.8455810546875,648.0303955078125,0.40368130803108215
track_0,2726,0.7298969030380249,376.6144714355469,504.31146240234375,0.9260087609291077,375.799072265625,416.23193359375,0.917234480381012,320.22723388671875,368.5463562011719,0.7979363799095154
track_1,2726,0.5567038059234619,644.2219848632812,473.2555236816406,0.8428270220756531,624.1126708984375,544.6930541992188,0.9616857171058655,648.8508911132812,648.060546875,0.4085560441017151
track_0,2727,0.7201072573661804,373.106689453125,508.48004150390625,0.898767352104187,368.7998046875,416.47698974609375,0.9059010744094849,321.11431884765625,369.1891784667969,0.7747130393981934
track_1,2727,0.5544366240501404,644.0009765625,473.1178894042969,0.8334681391716003,623.9173583984375,544.5779418945312,0.9610645771026611,648.5493774414062,647.863037109375,0.3916628658771515
track_0,2728,0.7202656269073486,368.9427490234375,512.3726196289062,0.9775614738464355,368.396484375,424.22479248046875,0.9087390899658203,320.88818359375,376.2607421875,0.7417933940887451
track_1,2728,0.5507484078407288,644.574951171875,473.1971435546875,0.7911368012428284,623.9767456054688,544.6163330078125,0.9711654186248779,648.2286376953125,647.7816162109375,0.3787301778793335
track_0,2729,0.69424968957901,360.71575927734375,516.4807739257812,0.7954439520835876,367.9993896484375,432.05511474609375,0.9099382162094116,323.6977233886719,376.9442443847656,0.6619735360145569
track_1,2729,0.5469865202903748,648.0184326171875,473.0810546875,0.7506797909736633,624.17919921875,544.6385498046875,0.9665595293045044,648.2847290039062,647.7980346679688,0.3905698359012604
track_0,2730,0.6767881512641907,353.83831787109375,520.552978515625,0.7491843104362488,360.9598388671875,432.6674499511719,0.8960131406784058,328.94854736328125,380.75836181640625,0.5234043002128601
track_1,2730,0.5477267503738403,648.117919921875,472.8918762207031,0.7797171473503113,624.3177490234375,544.6795654296875,0.9670456051826477,648.5099487304688,647.8878173828125,0.4094019830226898
track_0,2731,0.6863169074058533,352.81298828125,520.23095703125,0.6545357704162598,360.5176086425781,440.214599609375,0.8903583288192749,336.9659423828125,380.8583984375,0.4981919825077057
track_1,2731,0.5547012090682983,648.0933837890625,472.5704650878906,0.8776200413703918,624.2285766601562,544.6820678710938,0.9666910171508789,648.435546875,647.8662109375,0.4087863862514496
track_0,2732,0.6817269325256348,345.2142639160156,521.1489868164062,0.411824107170105,360.49114990234375,440.5401306152344,0.9062658548355103,344.2178955078125,384.9482421875,0.5737264752388
track_1,2732,0.553642749786377,647.6578979492188,472.22064208984375,0.850996196269989,624.0687866210938,544.6253662109375,0.9673606753349304,648.308837890625,647.8226318359375,0.4063895344734192
track_0,2733,0.671545147895813,340.5995788574219,521.9102783203125,0.26821792125701904,360.6800231933594,440.7069091796875,0.9119580388069153,348.29638671875,385.67596435546875,0.6313050389289856
track_1,2733,0.5542874336242676,647.3784790039062,469.24407958984375,0.8031545877456665,623.962646484375,544.5485229492188,0.9725252985954285,648.3090209960938,647.8189086914062,0.41364985704421997
track_0,2734,0.6468660235404968,,,0.0,360.97686767578125,448.26129150390625,0.8978755474090576,349.8009338378906,388.6419982910156,0.6830055117607117
track_1,2734,0.5526553392410278,647.2149658203125,469.01434326171875,0.7935594916343689,623.899169921875,544.449951171875,0.975138783454895,648.2283935546875,647.721435546875,0.411118745803833
track_0,2735,0.6360938549041748,328.92413330078125,524.245361328125,0.28522253036499023,368.23052978515625,448.2392883300781,0.8702448010444641,352.7519836425781,392.04931640625,0.5478474497795105
track_1,2735,0.5522006154060364,647.3034057617188,468.91326904296875,0.7970869541168213,623.938720703125,544.449462890625,0.9708260893821716,648.2706909179688,647.7152709960938,0.4112246334552765
track_0,2736,0.6325013637542725,322.1894836425781,521.1192016601562,0.22372764348983765,368.61187744140625,448.6345520019531,0.8617154955863953,360.9836120605469,393.3103942871094,0.7177792191505432
track_1,2736,0.5569207072257996,644.595458984375,469.0422058105469,0.852840781211853,623.9412841796875,544.4785766601562,0.9638598561286926,648.2526245117188,647.730224609375,0.407490611076355
track_0,2737,0.6290522813796997,314.112060546875,520.0794677734375,0.28562766313552856,368.59100341796875,456.2401428222656,0.8923336267471313,365.34234619140625,396.43927001953125,0.7797171473503113
track_1,2737,0.5633105635643005,644.561767578125,469.29620361328125,0.8657704591751099,623.907470703125,544.54541015625,0.9581981897354126,648.1915893554688,647.7615356445312,0.40633952617645264
track_0,2738,0.6334004998207092,312.3922424316406,520.498291015625,0.46334362030029297,368.8003845214844,456.6827697753906,0.9011031985282898,372.9591064453125,400.3850402832031,0.8605841994285583
track_1,2738,0.5607740879058838,644.562744140625,472.0164794921875,0.8585972189903259,623.8743286132812,544.519775390625,0.9616469144821167,648.169921875,647.7389526367188,0.41036906838417053
track_0,2739,0.6386039853096008,309.07763671875,524.3826904296875,0.6493003964424133,368.79644775390625,456.9339294433594,0.9097251296043396,372.92950439453125,400.8607177734375,0.8702172636985779
track_1,2739,0.5579642057418823,647.4290161132812,469.31005859375,0.8331994414329529,623.8776245117188,544.5773315429688,0.9691376090049744,648.08935546875,647.7626342773438,0.4090002775192261
track_0,2740,0.6438129544258118,304.75146484375,525.33447265625,0.8834991455078125,368.5261535644531,456.787109375,0.9318946599960327,369.22967529296875,400.6333312988281,0.8686904311180115
track_1,2740,0.5560892224311829,645.3231811523438,472.3358154296875,0.5395318865776062,616.99658203125,544.9454956054688,0.9667291045188904,653.5511474609375,461.1351013183594,0.492605596780777
track_0,2741,0.6451796889305115,300.242431640625,525.290283203125,0.9982258677482605,368.0220642089844,456.41400146484375,0.9260922074317932,368.5557556152344,400.45855712890625,0.887583315372467
track_1,2741,0.5579880475997925,645.5034790039062,469.9803466796875,0.5443122386932373,617.0218505859375,544.9966430664062,0.9623033404350281,621.333984375,629.2689208984375,0.4650366008281708
track_0,2742,0.6558687090873718,292.79962158203125,521.035400390625,0.9258314967155457,360.36041259765625,456.450927734375,0.9568653106689453,368.4884338378906,400.38946533203125,0.902015745639801
track_1,2742,0.5592145919799805,645.5267333984375,470.0482177734375,0.5369952321052551,617.0222778320312,545.0443115234375,0.9647696614265442,621.312255859375,629.322509765625,0.4659493863582611
track_0,2743,0.6661691665649414,284.2895202636719,508.30072021484375,0.5185677409172058,352.7972412109375,456.6761474609375,0.960071325302124,368.59783935546875,400.70025634765625,0.9266102313995361
track_1,2743,0.5591861605644226,648.2010498046875,472.6160888671875,0.5521972179412842,617.0363159179688,545.0606079101562,0.9631732106208801,621.2979736328125,629.3361206054688,0.46323665976524353
track_0,2744,0.6622129678726196,272.66644287109375,488.94952392578125,0.4860134422779083,352.4457092285156,456.3573303222656,0.9564404487609863,368.32415771484375,400.7780456542969,0.9538639783859253
track_1,2744,0.558666467666626,645.6678466796875,472.5931091308594,0.5756058692932129,617.0316772460938,545.0629272460938,0.9640142321586609,621.3154296875,629.3220825195312,0.468674898147583
track_0,2745,0.654426097869873,271.6816711425781,476.415771484375,0.8751493692398071,352.1790771484375,455.9898986816406,0.9678528308868408,372.18878173828125,404.01312255859375,0.9740166068077087
track_1,2745,0.559748113155365,645.564208984375,470.1927185058594,0.5426011085510254,616.9705200195312,545.0269165039062,0.9631294012069702,621.28759765625,629.2705078125,0.47302505373954773
track_0,2746,0.6409426927566528,269.02008056640625,461.7643127441406,0.8478494882583618,352.716796875,449.1128845214844,0.9846346974372864,376.3940124511719,405.5686950683594,0.8437743782997131
track_1,2746,0.5564417839050293,645.7176513671875,470.2315979003906,0.5118732452392578,617.0185546875,545.0675659179688,0.9624369740486145,621.3311157226562,629.2843627929688,0.4717022776603699
track_0,2747,0.6262810826301575,272.11309814453125,445.4805603027344,0.9018763303756714,352.5639953613281,448.9690856933594,0.9829076528549194,380.1881103515625,409.2479248046875,0.7218450903892517
track_1,2747,0.5576090216636658,648.5761108398438,472.52105712890625,0.4672008752822876,617.0164794921875,545.075927734375,0.9607179164886475,621.304931640625,629.2686767578125,0.4678768515586853
track_0,2748,0.6250054240226746,272.56219482421875,436.98760986328125,0.8174503445625305,352.34503173828125,448.9653015136719,0.9734920263290405,384.624267578125,413.4580078125,0.6594371199607849
track_1,2748,0.5581713914871216,648.3040771484375,472.346923828125,0.7402995824813843,623.9093627929688,544.62548828125,0.9781599044799805,647.7918090820312,647.8202514648438,0.40748026967048645
track_0,2749,0.6381884813308716,272.97174072265625,425.3456726074219,0.6421703100204468,344.4486389160156,449.1797180175781,0.9564507603645325,388.71722412109375,421.4345397949219,0.7917359471321106
track_1,2749,0.5582104921340942,648.8377685546875,473.4635009765625,0.546429455280304,617.0386962890625,545.1184692382812,0.9590197801589966,621.2171630859375,629.3191528320312,0.46293461322784424
track_0,2750,0.6679952144622803,280.57073974609375,405.6189880371094,0.594382643699646,336.15338134765625,449.06549072265625,0.9476717114448547,392.63043212890625,429.27490234375,0.806536078453064
track_1,2750,0.5541811585426331,648.6357421875,473.2391662597656,0.8061983585357666,623.9600830078125,544.6704711914062,0.9693232774734497,647.69482421875,647.84521484375,0.4099958837032318
track_0,2751,0.7072558403015137,288.0645446777344,396.6619873046875,0.5450759530067444,327.9587707519531,448.39752197265625,0.966218888759613,400.277099609375,435.952880859375,0.7007430791854858
track_1,2751,0.5520965456962585,651.7274169921875,473.11444091796875,0.7801876068115234,624.0517578125,544.6718139648438,0.9695256352424622,647.7782592773438,647.85791015625,0.41110315918922424
track_0,2752,0.7302210330963135,296.5738220214844,389.12689208984375,0.4599699378013611,319.82208251953125,441.356689453125,0.9706757664680481,404.48284912109375,437.2581481933594,0.5846585035324097
track_1,2752,0.5478087067604065,651.970458984375,473.3521728515625,0.639039933681488,624.1394653320312,544.6924438476562,0.9716152548789978,647.92822265625,647.8848876953125,0.41783103346824646
track_0,2753,0.7481693029403687,304.20111083984375,384.92498779296875,0.575112521648407,312.3444519042969,440.7212829589844,1.003582239151001,404.5794677734375,437.0447692871094,0.5273900628089905
track_1,2753,0.5492052435874939,652.2078857421875,473.3707275390625,0.5614209771156311,624.137451171875,544.721435546875,0.9728604555130005,647.9588012695312,647.9190063476562,0.4224986732006073
track_0,2754,0.7430762052536011,305.3842468261719,380.3143310546875,0.5779063105583191,312.24810791015625,440.740234375,1.020340085029602,348.76708984375,504.94915771484375,0.23898494243621826
track_1,2754,0.5468775033950806,652.4419555664062,473.6131591796875,0.4754672050476074,624.13525390625,544.7411499023438,0.9724425077438354,647.9178466796875,647.914794921875,0.41541197896003723
track_0,2755,0.7388415932655334,312.2223205566406,373.0778503417969,0.7235415577888489,312.1981506347656,440.7374267578125,0.9945159554481506,344.795166015625,508.75823974609375,0.32423707842826843
track_1,2755,0.5482248067855835,652.6089477539062,473.7311706542969,0.48126474022865295,624.1341552734375,544.762939453125,0.9714238047599792,647.900146484375,647.9241943359375,0.4123876690864563
track_0,2756,0.7300813794136047,313.46258544921875,372.5499572753906,0.8339632153511047,312.35968017578125,440.7494812011719,0.9973211884498596,348.35491943359375,509.2429504394531,0.4181276857852936
track_1,2756,0.550622284412384,652.1171264648438,473.7694091796875,0.6139006018638611,624.1179809570312,544.7686767578125,0.9709521532058716,647.8728637695312,647.9287109375,0.41189002990722656
track_0,2757,0.7226665019989014,320.66448974609375,367.9869689941406,0.8489930629730225,319.6982727050781,447.8302917480469,0.9715721607208252,344.8919677734375,512.4371337890625,0.23187746107578278
track_1,2757,0.552465558052063,652.2037353515625,473.5798034667969,0.7116894721984863,624.1495361328125,544.7862548828125,0.9709433913230896,647.9466552734375,647.95703125,0.4174649119377136
track_0,2758,0.7272050380706787,324.5441589355469,367.84161376953125,0.9908285737037659,320.112548828125,447.88421630859375,0.9813380837440491,348.86077880859375,512.343994140625,0.34474170207977295
track_1,2758,0.5505415797233582,652.3323974609375,473.6051940917969,0.7174291610717773,624.192138671875,544.7969970703125,0.9698700904846191,648.068359375,647.980712890625,0.42547884583473206
track_0,2759,0.731619656085968,332.6242370605469,365.378662109375,1.0362308025360107,320.58489990234375,440.9581298828125,0.9501891136169434,352.845703125,509.4337158203125,0.6195330619812012
track_1,2759,0.5475701093673706,652.9874267578125,473.6332092285156,0.5518946647644043,624.1881713867188,544.811767578125,0.9659896492958069,648.0323486328125,647.9580078125,0.41706570982933044
track_0,2760,0.7282517552375793,340.41436767578125,365.43646240234375,0.9997600317001343,327.9068603515625,440.866943359375,0.9392462372779846,352.28125,509.59368896484375,0.702191174030304
track_1,2760,0.5454891920089722,655.7449951171875,473.41717529296875,0.4773997366428375,624.2210083007812,544.785888671875,0.9683462977409363,647.9620361328125,646.0594482421875,0.41383758187294006
track_0,2761,0.7381832003593445,348.57830810546875,368.64837646484375,1.0011403560638428,328.4448547363281,440.7330322265625,0.8957331776618958,356.8037109375,512.498291015625,0.8887013792991638
track_1,2761,0.5443904399871826,656.09716796875,473.48138427734375,0.3906036615371704,624.2724609375,544.801513671875,0.9679446220397949,647.966552734375,646.0712890625,0.41386428475379944
track_0,2762,0.7352374792098999,352.84161376953125,368.6795654296875,0.9592286348342896,328.78094482421875,440.52777099609375,0.8816515803337097,356.724365234375,512.8270874023438,0.9774414896965027
track_1,2762,0.5415765643119812,656.4608154296875,473.2627868652344,0.3702302873134613,624.356201171875,544.8751220703125,0.9701594710350037,664.5617065429688,464.7499084472656,0.43581444025039673
track_0,2763,0.7165325880050659,356.45941162109375,368.5756530761719,0.9146908521652222,335.828857421875,440.49420166015625,0.923448920249939,352.3090515136719,513.2003173828125,0.9077585935592651
track_1,2763,0.5410659909248352,655.7591552734375,472.7762145996094,0.4552255868911743,624.3399658203125,544.8197631835938,0.9692938923835754,661.1868286132812,463.7091369628906,0.4420422315597534
track_0,2764,0.7028502225875854,363.611328125,368.3028259277344,0.7574360966682434,335.98992919921875,440.49176025390625,0.941023051738739,347.8387451171875,513.5555419921875,0.810931384563446
track_1,2764,0.5447497367858887,652.9027709960938,472.656494140625,0.5568410754203796,624.2686157226562,544.7877807617188,0.9690415263175964,648.1062622070312,647.9898681640625,0.4288645386695862
track_0,2765,0.6899556517601013,364.20184326171875,368.5956115722656,0.43251490592956543,335.9964294433594,440.31561279296875,0.9493783116340637,343.83233642578125,516.21533203125,0.7634474039077759
track_1,2765,0.5458890199661255,652.2781372070312,472.76611328125,0.5005553364753723,624.166748046875,544.7108154296875,0.9747406840324402,660.3282470703125,463.7341613769531,0.4674035906791687
track_0,2766,0.681243896484375,,,0.0,329.2366027832031,440.3833923339844,0.9064981341362,341.02447509765625,516.42333984375,0.8215155005455017
track_1,2766,0.5448005795478821,652.1069946289062,471.8636779785156,0.4589195251464844,624.1038818359375,544.6019897460938,0.9786480665206909,647.9306030273438,647.8402709960938,0.42544254660606384
track_0,2767,0.6762484908103943,,,0.0,336.0839538574219,440.0705261230469,0.9352717399597168,336.6651611328125,516.1367797851562,0.5861891508102417
track_1,2767,0.5406243205070496,651.9862060546875,469.83978271484375,0.36281418800354004,624.1321411132812,544.58349609375,0.9781138300895691,660.39794921875,460.900634765625,0.47759899497032166
track_0,2768,0.6768030524253845,,,0.0,336.2821044921875,440.1131591796875,0.924815833568573,335.7922668457031,516.12646484375,0.5323611497879028
track_1,2768,0.5361374616622925,,,0.0,624.1344604492188,544.584716796875,0.9824565052986145,661.1470336914062,460.1690979003906,0.6592550277709961
track_0,2769,0.6756737232208252,,,0.0,336.5129699707031,440.2821350097656,0.9114274978637695,333.282470703125,516.1942749023438,0.5146405696868896
track_1,2769,0.531248152256012,,,0.0,624.0986938476562,544.5114135742188,0.9841320514678955,664.4295043945312,459.46844482421875,0.7087551355361938
track_0,2770,0.6750186681747437,,,0.0,336.7647705078125,440.49029541015625,0.9045155644416809,333.4388427734375,516.5317993164062,0.5637127161026001
track_1,2770,0.5300635099411011,,,0.0,624.07421875,544.4810180664062,0.9848043322563171,664.450927734375,457.169921875,0.7144677042961121
track_0,2771,0.6762523651123047,,,0.0,336.9574890136719,440.5610656738281,0.8965693712234497,333.73016357421875,516.466796875,0.6081008315086365
track_1,2771,0.5380970239639282,652.7352294921875,468.17449951171875,0.22990669310092926,624.0731201171875,544.54541015625,0.9832610487937927,663.8487548828125,459.7965087890625,0.6008965373039246
track_0,2772,0.6735233664512634,,,0.0,337.1921081542969,440.81097412109375,0.8958904147148132,336.808349609375,516.919677734375,0.6436793804168701
track_1,2772,0.5403226613998413,651.5755615234375,468.3614501953125,0.3883836567401886,624.1041870117188,544.5623168945312,0.9803155064582825,660.0538940429688,459.6705627441406,0.5138773322105408
track_0,2773,0.6738156080245972,,,0.0,344.1759948730469,440.4450988769531,0.9175193309783936,336.01995849609375,516.222412109375,0.40524375438690186
track_1,2773,0.541570782661438,648.8510131835938,468.50372314453125,0.43383145332336426,624.1104736328125,544.588623046875,0.9783114194869995,656.757080078125,459.6532287597656,0.5021601319313049
track_0,2774,0.6748477220535278,,,0.0,344.2150573730469,440.37652587890625,0.9211970567703247,336.1468505859375,515.837158203125,0.3880290389060974
track_1,2774,0.5401181578636169,648.81689453125,468.32550048828125,0.45950886607170105,624.1088256835938,544.568359375,0.9784403443336487,656.771728515625,459.4850158691406,0.4873194098472595
track_0,2775,0.6758301258087158,,,0.0,344.21026611328125,440.23468017578125,0.9244829416275024,388.4288330078125,368.0179443359375,0.3819690942764282
track_1,2775,0.5420884490013123,648.7575073242188,468.1914978027344,0.4791441559791565,624.1131591796875,544.5736083984375,0.9769328236579895,656.794189453125,459.36151123046875,0.47345536947250366
track_0,2776,0.6769050359725952,,,0.0,344.58935546875,433.1481018066406,0.9219982028007507,333.0003967285156,512.9345703125,0.49150902032852173
track_1,2776,0.5405266880989075,648.637939453125,468.30633544921875,0.4635855257511139,624.1051025390625,544.5678100585938,0.9762356877326965,656.6502075195312,459.5503234863281,0.497692734003067
track_0,2777,0.6737490892410278,,,0.0,344.58026123046875,433.0099792480469,0.930959939956665,332.3648681640625,512.6519775390625,0.48889243602752686
track_1,2777,0.5383142232894897,647.7276000976562,467.93377685546875,0.3954351842403412,624.22998046875,544.62646484375,0.9702452421188354,652.6934814453125,457.0641784667969,0.5282793045043945
track_0,2778,0.6720850467681885,384.4791259765625,364.6455993652344,0.2393762171268463,344.69195556640625,432.8942565917969,0.9329230189323425,331.96234130859375,512.35009765625,0.4264484941959381
track_1,2778,0.5277153849601746,647.720703125,464.8027648925781,0.2752985954284668,624.3642578125,544.6265869140625,0.9712297916412354,652.8795166015625,456.7374572753906,0.6231383085250854
track_0,2779,0.6750960946083069,,,0.0,344.78338623046875,433.0025634765625,0.9243530631065369,331.96929931640625,509.34124755859375,0.42177465558052063
track_1,2779,0.5248279571533203,649.47509765625,461.17864990234375,0.2132846564054489,624.2443237304688,544.5196533203125,0.9748232960700989,657.0809936523438,456.288818359375,0.693846583366394
track_0,2780,0.679039716720581,,,0.0,344.934326171875,433.104736328125,0.9179925322532654,332.6429748535156,509.45904541015625,0.47281867265701294
track_1,2780,0.5236415266990662,652.59375,460.9781799316406,0.21995937824249268,624.19677734375,544.4736328125,0.9750386476516724,660.517822265625,456.1399841308594,0.7158711552619934
track_0,2781,0.6837981939315796,,,0.0,344.6790771484375,440.2334899902344,0.9259507060050964,396.3988037109375,356.0661315917969,0.619493305683136
track_1,2781,0.5286329388618469,651.863037109375,464.0448303222656,0.23190106451511383,624.09228515625,544.4916381835938,0.9716718792915344,659.9925537109375,456.431640625,0.7118295431137085
track_0,2782,0.6751381754875183,388.1354064941406,360.3272705078125,0.4244377315044403,352.2964782714844,432.67352294921875,0.9416776299476624,397.24652099609375,352.484130859375,0.4526328146457672
track_1,2782,0.5317371487617493,648.15673828125,465.1431884765625,0.2996874153614044,623.9874267578125,544.4479370117188,0.9741492867469788,655.9095458984375,457.0907287597656,0.6351463198661804
track_0,2783,0.6613678932189941,389.0857849121094,360.6196594238281,0.28457728028297424,352.7264404296875,432.67938232421875,0.9362346529960632,400.14776611328125,353.1733093261719,0.49102598428726196
track_1,2783,0.5356771945953369,,,0.0,616.8706665039062,544.8391723632812,0.9617670178413391,653.1871948242188,461.1994934082031,0.7089337706565857
track_0,2784,0.6501274108886719,,,0.0,353.07305908203125,432.7916259765625,0.9312730431556702,333.18023681640625,509.0852966308594,0.5352070331573486
track_1,2784,0.5316609144210815,644.4254150390625,469.85052490234375,0.20054368674755096,616.761962890625,544.6182861328125,0.9684644937515259,649.8016967773438,460.6407470703125,0.6901678442955017
track_0,2785,0.6479663252830505,397.15960693359375,357.0519714355469,0.23314553499221802,360.7911376953125,425.1419982910156,0.9343437552452087,335.863525390625,508.962158203125,0.4956892728805542
track_1,2785,0.5435397028923035,641.282470703125,468.1441955566406,0.6619291305541992,616.6464233398438,544.3943481445312,0.9594823718070984,620.4451904296875,629.1926879882812,0.4593237340450287
track_0,2786,0.6473645567893982,,,0.0,361.0481262207031,425.1069641113281,0.9335830211639404,333.0906982421875,504.70379638671875,0.5034225583076477
track_1,2786,0.5551339983940125,637.2802124023438,468.0627746582031,0.8396323919296265,616.4860229492188,544.2800903320312,0.95684415102005,620.4675903320312,628.9841918945312,0.4586622416973114
track_0,2787,0.6490457057952881,,,0.0,368.1469421386719,424.3144836425781,0.9263646602630615,327.8099060058594,496.7523498535156,0.5912304520606995
track_1,2787,0.5801058411598206,636.0505981445312,468.9073181152344,0.7255352139472961,616.3715209960938,544.4197998046875,0.9618179798126221,620.4609985351562,629.0974731445312,0.4479270875453949
track_0,2788,0.6547104120254517,,,0.0,368.3541259765625,424.2456970214844,0.9262616634368896,328.1312561035156,496.3172607421875,0.7033732533454895
track_1,2788,0.6043099164962769,628.6527709960938,476.3944396972656,0.7911543846130371,616.1328735351562,544.602783203125,0.9867326021194458,620.4215698242188,629.2784423828125,0.45711755752563477
track_0,2789,0.6597380042076111,,,0.0,368.4623718261719,424.1573486328125,0.9193748831748962,324.7903747558594,492.18682861328125,0.7649224400520325
track_1,2789,0.6211832165718079,629.01953125,476.9800109863281,0.8407876491546631,616.1620483398438,544.94140625,0.9844105243682861,620.4632568359375,629.5413818359375,0.44457268714904785
track_0,2790,0.6665397882461548,324.7581787109375,501.0782775878906,0.22986166179180145,376.1268005371094,416.72113037109375,0.9142406582832336,324.2666015625,488.9399108886719,0.738815426826477
track_1,2790,0.6151745915412903,632.9105224609375,477.20147705078125,0.8995285630226135,616.3071899414062,545.0530395507812,0.9733605980873108,620.5953369140625,629.5850219726562,0.44723594188690186
track_0,2791,0.6764558553695679,324.1377868652344,500.927734375,0.21344810724258423,376.1553039550781,416.6877746582031,0.9176232814788818,324.1571044921875,488.7449035644531,0.7675079703330994
track_1,2791,0.6132457256317139,636.9320068359375,476.67462158203125,0.8469386100769043,616.1658325195312,552.1585083007812,0.9671221375465393,620.6943359375,632.48974609375,0.30890974402427673
track_0,2792,0.679009735584259,321.19451904296875,499.96429443359375,0.21388676762580872,376.1612854003906,416.63818359375,0.9165366291999817,324.0318908691406,488.4063720703125,0.7818315625190735
track_1,2792,0.6141250729560852,640.3242797851562,479.99066162109375,0.8668173551559448,616.2640380859375,552.3745727539062,0.9609198570251465,620.8431396484375,632.5994873046875,0.3062155842781067
track_0,2793,0.6855892539024353,320.56854248046875,497.0869140625,0.21256178617477417,376.1789855957031,416.608154296875,0.9170345664024353,323.9542236328125,488.1470947265625,0.7710809111595154
track_1,2793,0.6086400747299194,640.4865112304688,480.5577392578125,0.68837571144104,616.3484497070312,552.51708984375,0.9600419402122498,648.8345947265625,468.39654541015625,0.4811500906944275
track_0,2794,0.6834672093391418,320.3231506347656,496.6580810546875,0.2146562933921814,376.17706298828125,416.5069885253906,0.9200990200042725,323.8734130859375,487.862060546875,0.7436122298240662
track_1,2794,0.6010443568229675,656.812744140625,649.4440307617188,0.4549062252044678,616.3866577148438,552.564208984375,0.9527580738067627,645.3896484375,472.0512390136719,0.6575762033462524
track_0,2795,0.6916154026985168,320.285888671875,496.3211975097656,0.20918245613574982,376.28985595703125,416.29095458984375,0.9324110150337219,409.00177001953125,368.816650390625,0.8219785094261169
track_1,2795,0.5991635918617249,656.7581787109375,649.4298095703125,0.4613732695579529,616.3662719726562,552.56640625,0.9497135877609253,644.8275146484375,468.8777160644531,0.8284716606140137
track_0,2796,0.7091323137283325,317.421142578125,492.7410888671875,0.24068355560302734,376.5401306152344,416.3037109375,0.9466540813446045,412.8984375,372.84112548828125,0.8468152284622192
track_1,2796,0.5922821760177612,656.7377319335938,649.3950805664062,0.46288567781448364,616.3460693359375,552.5074462890625,0.9543846845626831,644.5783081054688,465.0978698730469,0.866346538066864
track_0,2797,0.7297849655151367,312.31103515625,484.21630859375,0.4927903115749359,384.280029296875,415.8822937011719,0.9204397201538086,416.5260009765625,376.0183410644531,0.8284461498260498
track_1,2797,0.583280086517334,656.7275390625,649.3277587890625,0.46401694416999817,616.308837890625,552.404541015625,0.9609484076499939,644.3372802734375,464.4367370605469,0.8744154572486877
track_0,2798,0.749108076095581,308.9793395996094,480.3220520019531,0.39421790838241577,384.5360107421875,416.0096435546875,0.924075186252594,424.55816650390625,380.5621337890625,0.7358968257904053
track_1,2798,0.5763629078865051,656.7338256835938,649.2809448242188,0.46441376209259033,616.3219604492188,552.288818359375,0.964974582195282,644.8936157226562,463.9664306640625,0.8416972160339355
track_0,2799,0.7675468325614929,309.0301208496094,472.2238464355469,0.6808179020881653,392.4723205566406,415.6714782714844,0.9101014733314514,432.2270812988281,380.6505126953125,0.5825674533843994
track_1,2799,0.5788956880569458,656.6976318359375,649.209228515625,0.46669384837150574,616.3109130859375,552.17333984375,0.965352475643158,648.8936767578125,464.4881591796875,0.8095667958259583
track_0,2800,0.7859805226325989,308.96026611328125,468.54608154296875,0.6152305006980896,392.6781921386719,415.9213562011719,0.9223995804786682,457.57647705078125,428.7499694824219,0.3636353313922882
track_1,2800,0.5741190910339355,656.9176635742188,649.1766967773438,0.4465900957584381,616.3602294921875,552.0455322265625,0.9706764221191406,649.4260864257812,463.5635986328125,0.6431488394737244
track_0,2801,0.7983529567718506,308.95428466796875,464.264404296875,0.47591432929039,400.41290283203125,415.8448486328125,0.9735618233680725,456.4000549316406,435.91363525390625,0.5724586248397827
track_1,2801,0.56475830078125,641.99951171875,471.5708312988281,0.4310610592365265,616.4696655273438,552.0201416015625,0.976074755191803,649.2015380859375,460.8564758300781,0.617898166179657
track_0,2802,0.8025023341178894,308.94818115234375,460.8066711425781,0.4835193157196045,400.46368408203125,416.1543884277344,0.9606475234031677,460.6031799316406,436.81671142578125,0.6515845060348511
track_1,2802,0.5579834580421448,657.412353515625,649.2442626953125,0.4028802216053009,616.4786376953125,551.9871215820312,0.9799605011940002,648.97705078125,460.7997741699219,0.6448742151260376
track_0,2803,0.8021022081375122,,,0.0,408.2002868652344,416.53961181640625,0.9897847771644592,312.140869140625,461.271728515625,0.9927676320075989
track_1,2803,0.5526361465454102,637.6600952148438,464.912353515625,0.3405776917934418,616.9927978515625,545.0142822265625,0.9726231098175049,645.1808471679688,457.24285888671875,0.6362404823303223
track_0,2804,0.7902592420578003,,,0.0,408.2810974121094,417.0435485839844,0.9724286198616028,312.3771667480469,461.4619140625,0.863871693611145
track_1,2804,0.554524838924408,637.7006225585938,464.50146484375,0.435016006231308,616.9503784179688,545.0343017578125,0.9755324721336365,645.0567016601562,456.7720031738281,0.5659965872764587
track_0,2805,0.7789033651351929,,,0.0,408.2449035644531,423.9189453125,0.9712467193603516,312.4532775878906,460.46307373046875,0.7491481900215149
track_1,2805,0.555409848690033,637.50537109375,464.7691955566406,0.38468706607818604,616.9306640625,545.00537109375,0.9712092876434326,641.8616943359375,456.99688720703125,0.5679277777671814
track_0,2806,0.7427831888198853,,,0.0,416.09954833984375,424.56829833984375,0.9925405383110046,315.9000549316406,464.4139099121094,1.0039623975753784
track_1,2806,0.5527971982955933,637.255615234375,465.20257568359375,0.42716512084007263,617.065185546875,545.01953125,0.965837836265564,621.144775390625,629.5570678710938,0.4718273878097534
track_0,2807,0.6833818554878235,,,0.0,416.1783447265625,431.7909240722656,0.995837926864624,316.7355041503906,464.0440673828125,0.819310188293457
track_1,2807,0.5460105538368225,637.0677490234375,464.6720886230469,0.5552753210067749,617.1099243164062,544.8924560546875,0.974388837814331,621.2857055664062,629.5388793945312,0.46706461906433105
track_0,2808,0.632515549659729,,,0.0,416.338623046875,432.841064453125,0.9662609100341797,496.6217041015625,452.80279541015625,0.7502302527427673
track_1,2808,0.5393984913825989,636.94189453125,464.7245178222656,0.5584781169891357,617.1070556640625,544.8129272460938,0.9773108959197998,621.2442626953125,629.4620971679688,0.4603348970413208
track_0,2809,0.6026096343994141,,,0.0,424.0898742675781,439.523193359375,0.9807769060134888,324.67138671875,467.4014892578125,0.6553946733474731
track_1,2809,0.536699116230011,637.7979736328125,464.61236572265625,0.5553974509239197,617.0870361328125,544.8396606445312,0.9785431623458862,621.2479858398438,629.4830932617188,0.462245374917984
track_0,2810,0.5917035341262817,,,0.0,424.22412109375,439.9703369140625,0.9538385272026062,500.40594482421875,447.76422119140625,0.617177426815033
track_1,2810,0.5285012722015381,637.9326782226562,464.6825866699219,0.483070969581604,617.1439208984375,544.8933715820312,0.9764014482498169,645.159423828125,456.7140197753906,0.49432218074798584
track_0,2811,0.5881585478782654,,,0.0,431.98931884765625,439.8923645019531,0.9709908366203308,500.4012756347656,447.6761474609375,0.6672149896621704
track_1,2811,0.5290254950523376,640.7093505859375,465.60589599609375,0.5434643626213074,617.12939453125,544.9180297851562,0.9751638770103455,645.85791015625,456.9543151855469,0.46207019686698914
track_0,2812,0.5895724892616272,,,0.0,432.015625,439.93865966796875,0.9600970149040222,504.04779052734375,447.7439880371094,0.5971676111221313
track_1,2812,0.529045045375824,641.2954711914062,468.4706726074219,0.5995447635650635,617.0677490234375,544.947509765625,0.9732478260993958,649.0372314453125,457.37713623046875,0.47141194343566895
track_0,2813,0.5895066261291504,,,0.0,432.0785217285156,439.9630126953125,0.9446738362312317,341.1156921386719,456.27264404296875,0.5875347852706909
track_1,2813,0.5249978303909302,641.8328857421875,468.4410400390625,0.459305077791214,616.966064453125,544.8185424804688,0.9839873313903809,649.5785522460938,457.5078430175781,0.49970436096191406
track_0,2814,0.5888848900794983,,,0.0,432.2021484375,439.91015625,0.9406015872955322,509.3614501953125,456.31927490234375,0.6682588458061218
track_1,2814,0.5201054215431213,644.6466064453125,468.5115661621094,0.46699151396751404,617.0111083984375,544.8120727539062,0.9820612668991089,653.1105346679688,459.49212646484375,0.4815697968006134
track_0,2815,0.5998823642730713,,,0.0,440.096923828125,433.21734619140625,0.9346809387207031,512.41162109375,457.9844970703125,0.8125124573707581
track_1,2815,0.5147439241409302,641.884521484375,465.39599609375,0.5417778491973877,617.1510620117188,544.8028564453125,0.9799079298973083,649.9620971679688,456.5528869628906,0.4943203628063202
track_0,2816,0.6134358644485474,,,0.0,437.0177917480469,432.93536376953125,0.9297075271606445,512.8304443359375,461.156982421875,0.7622243165969849
track_1,2816,0.5153300762176514,640.7825927734375,464.01226806640625,0.776582658290863,623.81298828125,544.371337890625,0.9834372997283936,647.6194458007812,647.806640625,0.4322606325149536
track_0,2817,0.6304727792739868,,,0.0,436.8876037597656,432.5445556640625,0.9246958494186401,513.105712890625,461.18560791015625,0.7298953533172607
track_1,2817,0.518083930015564,640.8236083984375,464.9215393066406,0.6589330434799194,617.0362548828125,544.7676391601562,0.9826180338859558,620.9730224609375,629.5953369140625,0.45259976387023926
track_0,2818,0.6381033062934875,,,0.0,436.85467529296875,432.41156005859375,0.921928882598877,356.45880126953125,440.2862548828125,0.6916177272796631
track_1,2818,0.5258046984672546,637.5863647460938,464.9890441894531,0.7389978766441345,616.8658447265625,544.771728515625,0.9763823747634888,620.6202392578125,629.720947265625,0.4480315148830414
track_0,2819,0.6485917568206787,,,0.0,436.83953857421875,432.291748046875,0.9312663674354553,356.8004455566406,436.77203369140625,0.7419676780700684
track_1,2819,0.5226466059684753,633.2854614257812,464.6341552734375,0.6988168358802795,616.7841186523438,544.5969848632812,0.9762603640556335,620.6185302734375,629.8623046875,0.46787258982658386
